vendor_id,component_id,promised_date,actual_date,qty_ordered,qty_received,order_month,seasonal_flag,component_lead_days,criticality_score,on_time_rate_12m,hist_avg_delay_days,hist_fulfillment_rate,port_congestion_idx,weather_risk_score,news_sentiment,currency_volatility,high_risk,delay_days,fulfillment_ratio
VND_ALPHA,BATTERY_A,2022-07-18,2022-07-19,2206,1996,7,0,10,0.9,0.8117,0.803,0.9423,2.66,1.71,-0.565,1.15,0,1,0.9048050770625566
VND_BETA,SCREW_M4,2021-07-29,2021-08-02,5743,5534,7,0,5,0.4,0.6081,2.945,0.8974,8.11,6.76,-1.0,3.129,0,4,0.9636078704509838
VND_EPSILON,BATTERY_A,2023-05-15,2023-05-15,460,405,5,0,10,0.9,0.7599,1.744,0.9294,5.37,6.65,-0.289,2.054,0,0,0.8804347826086957
VND_ALPHA,MOTOR_X,2022-03-24,2022-03-25,2105,1896,3,0,14,0.95,0.8665,1.621,0.9468,2.73,2.14,-0.359,0.814,0,1,0.9007125890736342
VND_EPSILON,MOTOR_X,2022-02-12,2022-02-16,6065,5651,2,0,14,0.95,0.7573,1.376,0.9397,3.97,2.95,-0.443,1.143,1,4,0.9317394888705688
VND_BETA,SWITCH_S,2023-07-09,2023-07-11,5027,5027,7,0,6,0.65,0.5926,2.083,0.8666,8.11,6.76,-1.0,3.129,1,2,1.0
VND_ALPHA,BLADE_X,2021-11-23,2021-11-26,5919,5919,11,1,12,0.85,0.845,1.251,0.9596,3.94,3.27,-0.255,0.88,0,3,1.0
VND_GAMMA,SWITCH_S,2022-07-24,2022-07-24,1473,1187,7,0,6,0.65,1.0,0.176,1.0,2.34,0.0,0.441,0.0,0,0,0.8058384249830278
VND_GAMMA,SCREW_M4,2021-07-29,2021-07-29,959,901,7,0,5,0.4,0.9171,0.397,0.9973,2.34,0.0,0.441,0.0,0,0,0.9395203336809176
VND_ALPHA,SWITCH_S,2023-01-06,2023-01-06,7142,7142,1,1,6,0.65,0.8549,1.462,0.9457,3.7,2.96,-0.026,1.609,1,0,1.0
VND_EPSILON,CABLE_R,2022-06-26,2022-06-26,6811,6206,6,0,8,0.7,0.7424,2.09,0.9557,5.8,3.45,-0.555,1.904,0,0,0.9111731023344589
VND_ZETA,MOTOR_X,2023-07-30,2023-07-30,4592,4377,7,0,14,0.95,0.9298,0.127,0.9786,1.63,0.0,0.462,0.0,0,0,0.9531794425087108
VND_DELTA,BATTERY_A,2021-06-11,2021-06-16,4722,3292,6,0,10,0.9,0.4008,5.113,0.7667,10.0,7.21,-1.0,4.359,1,5,0.6971622193985599
VND_ZETA,BLADE_X,2023-01-11,2023-01-12,4929,4681,1,1,12,0.85,0.9483,0.428,1.0,1.09,2.03,0.123,0.866,1,1,0.949685534591195
VND_ZETA,SCREW_M4,2021-05-23,2021-05-23,575,524,5,0,5,0.4,0.931,0.599,1.0,3.15,0.0,0.105,0.83,0,0,0.9113043478260869
VND_GAMMA,SCREW_M4,2021-06-13,2021-06-14,7206,7206,6,0,5,0.4,1.0,0.256,1.0,1.52,0.0,0.363,0.701,0,1,1.0
VND_ALPHA,SCREW_M4,2023-02-18,2023-02-18,2477,2247,2,0,5,0.4,0.735,0.79,0.9372,2.97,1.37,0.254,1.307,1,0,0.9071457408155026
VND_ZETA,BEARING_01,2023-01-18,2023-01-18,1532,1243,1,1,11,0.8,0.9445,0.629,1.0,1.09,2.03,0.123,0.866,0,0,0.8113577023498695
VND_GAMMA,CABLE_R,2022-03-06,2022-03-05,5690,5690,3,0,8,0.7,0.9972,0.112,0.9386,1.39,0.8,0.586,0.47,1,-1,1.0
VND_ZETA,BLADE_X,2021-05-27,2021-05-29,5190,5190,5,0,12,0.85,0.9411,-0.581,0.953,3.15,0.0,0.105,0.83,0,2,1.0
VND_EPSILON,CASING_B,2022-05-17,2022-05-18,1538,1436,5,0,7,0.6,0.712,1.749,0.898,5.37,6.65,-0.289,2.054,1,1,0.9336801040312094
VND_DELTA,BEARING_01,2022-07-07,2022-07-11,7780,5053,7,0,11,0.8,0.4014,4.924,0.8162,10.0,6.05,-1.0,3.274,1,4,0.6494858611825193
VND_ZETA,SCREW_M4,2022-10-27,2022-10-27,7104,6494,10,0,5,0.4,0.992,0.446,1.0,2.08,0.04,-0.007,0.366,0,0,0.9141328828828829
VND_BETA,MOTOR_X,2021-03-07,2021-03-09,6794,6592,3,0,14,0.95,0.5566,2.392,0.8719,7.31,4.89,-0.841,3.19,1,2,0.9702678834265528
VND_DELTA,CABLE_R,2022-07-03,2022-07-09,742,660,7,0,8,0.7,0.3414,4.774,0.8018,10.0,6.05,-1.0,3.274,1,6,0.889487870619946
VND_EPSILON,SCREW_M4,2022-10-07,2022-10-05,1941,1941,10,0,5,0.4,0.7245,1.58,0.8649,4.13,3.48,-0.679,1.687,1,-2,1.0
VND_DELTA,BEARING_01,2023-07-29,2023-08-08,1370,888,7,0,11,0.8,0.3119,4.478,0.7815,10.0,6.05,-1.0,3.274,1,10,0.6481751824817519
VND_BETA,BLADE_X,2022-05-21,2022-05-23,6302,6168,5,0,12,0.85,0.4924,2.751,0.8777,8.96,6.56,-0.962,3.201,1,2,0.9787369089178038
VND_ZETA,BLADE_X,2023-05-28,2023-05-28,7554,6778,5,0,12,0.85,0.9094,-0.024,0.9781,3.15,0.0,0.105,0.83,0,0,0.8972729679639926
VND_GAMMA,SWITCH_S,2022-03-26,2022-03-27,1333,1267,3,0,6,0.65,0.931,-0.026,0.9732,1.39,0.8,0.586,0.47,0,1,0.9504876219054764
VND_ALPHA,BEARING_01,2021-04-07,2021-04-07,7254,6302,4,0,11,0.8,0.7979,0.521,1.0,3.44,0.0,-0.737,0.775,0,0,0.8687620623104494
VND_BETA,BATTERY_A,2021-11-24,2021-11-27,6688,6188,11,1,10,0.9,0.5982,3.141,0.8614,7.62,7.21,-0.911,3.187,1,3,0.9252392344497608
VND_EPSILON,SWITCH_S,2021-05-11,2021-05-11,3352,2947,5,0,6,0.65,0.719,0.579,0.8845,5.37,6.65,-0.289,2.054,0,0,0.8791766109785203
VND_EPSILON,SWITCH_S,2023-08-17,2023-08-21,4534,4534,8,0,6,0.65,0.6905,1.511,0.9591,7.16,0.93,-0.254,0.955,0,4,1.0
VND_EPSILON,BLADE_X,2021-01-24,2021-01-25,5772,4882,1,1,12,0.85,0.6657,1.581,0.9073,5.06,3.05,-0.408,1.754,0,1,0.8458073458073458
VND_ZETA,BATTERY_A,2022-07-01,2022-06-30,6496,5759,7,0,10,0.9,0.9038,0.091,0.9695,1.63,0.0,0.462,0.0,0,-1,0.8865455665024631
VND_ALPHA,CABLE_R,2022-08-25,2022-08-29,3761,3761,8,0,8,0.7,0.8197,1.592,0.9623,2.6,1.31,-0.401,1.741,0,4,1.0
VND_DELTA,CASING_B,2021-01-07,2021-01-09,6115,4471,1,1,7,0.6,0.4433,4.345,0.7499,10.0,9.08,-1.0,3.072,1,2,0.7311529026982829
VND_EPSILON,BLADE_X,2022-01-01,2022-01-04,4358,4358,1,1,12,0.85,0.6741,1.725,0.9105,5.06,3.05,-0.408,1.754,0,3,1.0
VND_ZETA,BATTERY_A,2022-09-04,2022-09-04,7094,6434,9,0,10,0.9,0.9082,-0.601,1.0,3.04,0.65,-0.322,0.705,1,0,0.9069636312376657
VND_BETA,SCREW_M4,2023-02-05,2023-02-07,6446,5157,2,0,5,0.4,0.5269,3.102,0.895,7.47,5.81,-0.631,3.173,0,2,0.8000310269934844
VND_EPSILON,CASING_B,2023-12-23,2023-12-23,7724,7724,12,1,7,0.6,0.7948,1.873,0.9071,2.82,4.49,-0.659,1.941,0,0,1.0
VND_EPSILON,MOTOR_X,2022-10-26,2022-10-26,4202,3240,10,0,14,0.95,0.6649,1.519,0.9378,4.13,3.48,-0.679,1.687,0,0,0.7710613993336506
VND_ALPHA,MOTOR_X,2023-01-14,2023-01-14,7398,6360,1,1,14,0.95,0.8307,2.114,0.9117,3.7,2.96,-0.026,1.609,0,0,0.8596918085969181
VND_BETA,BLADE_X,2021-04-29,2021-04-29,2173,1838,4,0,12,0.85,0.5903,2.569,0.9051,7.67,5.01,-1.0,2.322,0,0,0.8458352508053383
VND_ALPHA,BATTERY_A,2023-09-23,2023-09-22,6884,6170,9,0,10,0.9,0.9174,0.292,0.929,3.19,0.54,0.027,0.512,1,-1,0.8962812318419524
VND_EPSILON,BATTERY_A,2021-09-15,2021-09-17,1251,1096,9,0,10,0.9,0.7335,1.438,0.965,4.38,3.89,-0.441,1.169,0,2,0.8760991207034372
VND_EPSILON,BEARING_01,2021-12-05,2021-12-07,2371,2080,12,1,11,0.8,0.7535,1.373,0.9204,2.82,4.49,-0.659,1.941,1,2,0.8772669759595108
VND_BETA,SWITCH_S,2022-02-16,2022-02-19,6040,6040,2,0,6,0.65,0.5848,2.67,0.916,7.47,5.81,-0.631,3.173,1,3,1.0
VND_DELTA,BLADE_X,2023-02-04,2023-02-07,3788,2691,2,0,12,0.85,0.2908,4.921,0.7447,10.0,7.1,-1.0,3.739,1,3,0.7104012671594508
VND_ALPHA,BEARING_01,2022-05-23,2022-05-24,2040,1919,5,0,11,0.8,0.8532,0.116,0.9671,2.19,1.91,-0.492,0.435,0,1,0.9406862745098039
VND_GAMMA,BATTERY_A,2021-02-13,2021-02-14,5019,5019,2,0,10,0.9,0.9728,-0.05,0.978,0.13,0.0,-0.083,0.079,0,1,1.0
VND_EPSILON,SCREW_M4,2022-03-28,2022-03-30,258,258,3,0,5,0.4,0.7373,1.599,0.9162,5.21,3.36,-0.135,2.022,0,2,1.0
VND_ZETA,BATTERY_A,2021-05-01,2021-05-01,2075,2075,5,0,10,0.9,0.9461,0.261,1.0,3.15,0.0,0.105,0.83,0,0,1.0
VND_ALPHA,BATTERY_A,2022-11-08,2022-11-08,780,681,11,1,10,0.9,0.8022,1.151,0.9827,3.94,3.27,-0.255,0.88,0,0,0.8730769230769231
VND_GAMMA,SCREW_M4,2023-09-22,2023-09-22,1955,1955,9,0,5,0.4,0.9903,-0.353,0.9984,1.65,0.0,-0.445,0.427,0,0,1.0
VND_ZETA,CASING_B,2023-08-27,2023-08-25,2190,2190,8,0,7,0.6,0.9562,0.378,0.9884,1.44,0.77,0.404,0.0,0,-2,1.0
VND_DELTA,BEARING_01,2022-01-25,2022-01-26,972,731,1,1,11,0.8,0.3819,5.213,0.7877,10.0,9.08,-1.0,3.072,1,1,0.7520576131687243
VND_ZETA,BATTERY_A,2023-06-02,2023-06-02,3102,3102,6,0,10,0.9,1.0,0.938,1.0,0.95,0.58,-1.0,0.11,1,0,1.0
VND_DELTA,SWITCH_S,2023-08-15,2023-08-17,7276,5544,8,0,6,0.65,0.4112,5.515,0.7857,10.0,7.14,-1.0,3.931,1,2,0.7619571192963167
VND_ZETA,MOTOR_X,2021-07-21,2021-07-21,696,655,7,0,14,0.95,0.8895,-0.262,1.0,1.63,0.0,0.462,0.0,0,0,0.9410919540229885
VND_ZETA,SWITCH_S,2022-11-26,2022-11-26,6758,6758,11,1,6,0.65,0.8973,-0.201,0.9722,1.99,2.8,0.448,0.025,0,0,1.0
VND_BETA,BATTERY_A,2022-01-28,2022-01-31,1758,1504,1,1,10,0.9,0.4421,2.778,0.8731,8.49,4.94,-0.843,2.646,1,3,0.8555176336746303
VND_BETA,BEARING_01,2023-05-15,2023-05-19,1703,1346,5,0,11,0.8,0.5707,2.48,0.8751,8.96,6.56,-0.962,3.201,0,4,0.7903699354081033
VND_DELTA,BLADE_X,2022-05-27,2022-06-09,7363,5707,5,0,12,0.85,0.3806,4.49,0.7759,9.38,7.59,-0.912,3.272,1,13,0.7750916745891621
VND_DELTA,BATTERY_A,2021-07-20,2021-07-23,614,611,7,0,10,0.9,0.3357,5.055,0.6902,10.0,6.05,-1.0,3.274,1,3,0.995114006514658
VND_ALPHA,MOTOR_X,2022-04-30,2022-05-03,1562,1214,4,0,14,0.95,0.8063,0.851,0.9178,3.44,0.0,-0.737,0.775,0,3,0.7772087067861716
VND_DELTA,SWITCH_S,2023-09-13,2023-09-14,1951,1440,9,0,6,0.65,0.3772,4.694,0.7468,10.0,8.25,-1.0,4.688,1,1,0.7380830343413634
VND_ALPHA,SWITCH_S,2021-12-04,2021-12-06,3304,2843,12,1,6,0.65,0.799,1.196,0.9233,1.72,2.38,-0.358,1.423,0,2,0.8604721549636803
VND_DELTA,MOTOR_X,2022-06-28,2022-07-04,7790,6556,6,0,14,0.95,0.3424,4.594,0.7776,10.0,7.21,-1.0,4.359,1,6,0.841591784338896
VND_GAMMA,BEARING_01,2023-05-17,2023-05-17,5906,5906,5,0,11,0.8,0.9737,0.176,0.9998,1.61,2.86,-0.038,0.521,0,0,1.0
VND_BETA,BEARING_01,2022-01-24,2022-01-24,2630,2027,1,1,11,0.8,0.5173,3.326,0.8274,8.49,4.94,-0.843,2.646,1,0,0.7707224334600761
VND_ALPHA,SCREW_M4,2021-05-05,2021-05-04,6327,6327,5,0,5,0.4,0.7367,1.679,0.9663,2.19,1.91,-0.492,0.435,0,-1,1.0
VND_ALPHA,CABLE_R,2021-04-13,2021-04-13,4985,4985,4,0,8,0.7,0.8188,0.866,1.0,3.44,0.0,-0.737,0.775,0,0,1.0
VND_EPSILON,BEARING_01,2023-12-24,2023-12-26,1489,1160,12,1,11,0.8,0.6761,1.797,0.9351,2.82,4.49,-0.659,1.941,1,2,0.7790463398253862
VND_EPSILON,MOTOR_X,2021-06-14,2021-06-15,7174,5858,6,0,14,0.95,0.734,0.848,0.9466,5.8,3.45,-0.555,1.904,0,1,0.8165597992751603
VND_ALPHA,CASING_B,2021-05-20,2021-05-22,5731,5731,5,0,7,0.6,0.8302,1.393,1.0,2.19,1.91,-0.492,0.435,0,2,1.0
VND_DELTA,SCREW_M4,2021-09-03,2021-09-11,7913,5982,9,0,5,0.4,0.4123,4.653,0.6989,10.0,8.25,-1.0,4.688,1,8,0.7559711866548717
VND_EPSILON,SCREW_M4,2021-03-23,2021-03-25,5273,4567,3,0,5,0.4,0.7375,1.198,0.9117,5.21,3.36,-0.135,2.022,0,2,0.8661103736013654
VND_DELTA,BATTERY_A,2023-12-07,2023-12-07,2791,2478,12,1,10,0.9,0.3446,4.73,0.7174,9.5,6.79,-1.0,3.943,1,0,0.8878538158366177
VND_BETA,BLADE_X,2022-10-06,2022-10-10,2155,1931,10,0,12,0.85,0.5157,3.08,0.8627,7.34,4.7,-0.665,2.932,1,4,0.8960556844547564
VND_DELTA,BLADE_X,2021-09-26,2021-09-30,5702,3542,9,0,12,0.85,0.4195,4.359,0.7773,10.0,8.25,-1.0,4.688,1,4,0.6211855489302
VND_DELTA,BLADE_X,2022-10-10,2022-10-14,7810,7230,10,0,12,0.85,0.3549,5.225,0.7912,10.0,5.94,-1.0,3.793,1,4,0.9257362355953905
VND_ALPHA,BATTERY_A,2023-07-28,2023-07-28,5288,4570,7,0,10,0.9,0.8572,0.295,0.9943,2.66,1.71,-0.565,1.15,0,0,0.8642208774583964
VND_ALPHA,BATTERY_A,2022-03-13,2022-03-13,4344,4344,3,0,10,0.9,0.8271,0.466,0.9714,2.73,2.14,-0.359,0.814,1,0,1.0
VND_BETA,BLADE_X,2022-12-16,2022-12-21,7416,7365,12,1,12,0.85,0.5925,2.619,0.899,7.45,6.37,-1.0,2.215,1,5,0.9931229773462783
VND_BETA,BATTERY_A,2023-01-27,2023-01-31,2534,2276,1,1,10,0.9,0.5609,2.289,0.8476,8.49,4.94,-0.843,2.646,0,4,0.8981846882399369
VND_DELTA,CASING_B,2022-09-12,2022-09-20,5210,4529,9,0,7,0.6,0.3768,4.314,0.7966,10.0,8.25,-1.0,4.688,1,8,0.8692898272552783
VND_ZETA,MOTOR_X,2022-09-06,2022-09-06,7832,7356,9,0,14,0.95,0.9126,0.276,0.9867,3.04,0.65,-0.322,0.705,0,0,0.9392236976506639
VND_BETA,BATTERY_A,2022-06-26,2022-06-27,1145,981,6,0,10,0.9,0.5554,2.965,0.8221,8.51,4.55,-0.832,3.415,0,1,0.856768558951965
VND_ZETA,BATTERY_A,2021-11-15,2021-11-16,2431,2064,11,1,10,0.9,0.9407,0.756,0.9825,1.99,2.8,0.448,0.025,1,1,0.8490333196215549
VND_EPSILON,BLADE_X,2022-03-08,2022-03-11,6078,6078,3,0,12,0.85,0.7027,1.296,0.8555,5.21,3.36,-0.135,2.022,0,3,1.0
VND_BETA,CABLE_R,2022-06-25,2022-06-26,4340,4340,6,0,8,0.7,0.6132,2.591,0.8674,8.51,4.55,-0.832,3.415,1,1,1.0
VND_GAMMA,BEARING_01,2021-04-15,2021-04-15,956,861,4,0,11,0.8,0.908,-0.473,0.9538,1.81,0.33,-0.556,0.389,0,0,0.9006276150627615
VND_GAMMA,SWITCH_S,2021-04-01,2021-04-02,229,222,4,0,6,0.65,0.948,0.57,0.9563,1.81,0.33,-0.556,0.389,1,1,0.9694323144104804
VND_BETA,CABLE_R,2022-06-21,2022-06-24,1523,1496,6,0,8,0.7,0.6148,2.172,0.8822,8.51,4.55,-0.832,3.415,1,3,0.9822718319107026
VND_EPSILON,BEARING_01,2023-05-26,2023-05-26,4794,4224,5,0,11,0.8,0.7045,1.976,0.9726,5.37,6.65,-0.289,2.054,1,0,0.8811013767209012
VND_ALPHA,MOTOR_X,2021-06-04,2021-06-04,7941,7863,6,0,14,0.95,0.8049,0.718,0.9389,4.67,1.37,-0.2,0.43,0,0,0.9901775595013222
VND_EPSILON,CASING_B,2021-03-15,2021-03-19,7037,7037,3,0,7,0.6,0.7055,1.345,0.9386,5.21,3.36,-0.135,2.022,1,4,1.0
VND_EPSILON,CABLE_R,2021-10-31,2021-11-02,3720,3181,10,0,8,0.7,0.7342,0.801,0.8923,4.13,3.48,-0.679,1.687,0,2,0.8551075268817204
VND_ALPHA,CASING_B,2022-09-24,2022-09-24,3187,3187,9,0,7,0.6,0.7993,1.09,0.9595,3.19,0.54,0.027,0.512,0,0,1.0
VND_GAMMA,MOTOR_X,2022-03-07,2022-03-08,5787,5787,3,0,14,0.95,0.9637,0.83,0.956,1.39,0.8,0.586,0.47,0,1,1.0
VND_ZETA,SCREW_M4,2021-07-30,2021-07-31,3097,2937,7,0,5,0.4,0.9536,0.843,1.0,1.63,0.0,0.462,0.0,0,1,0.948337100419761
VND_EPSILON,SWITCH_S,2021-11-13,2021-11-15,7783,7783,11,1,6,0.65,0.7913,1.24,0.9444,4.9,3.65,0.183,1.854,1,2,1.0
VND_BETA,SCREW_M4,2021-12-29,2022-01-01,7420,6625,12,1,5,0.4,0.5983,2.473,0.8911,7.45,6.37,-1.0,2.215,1,3,0.8928571428571429
VND_ALPHA,SWITCH_S,2022-01-03,2022-01-03,6233,5859,1,1,6,0.65,0.8201,1.327,0.9153,3.7,2.96,-0.026,1.609,1,0,0.9399967912722605
VND_DELTA,CABLE_R,2022-05-24,2022-05-24,2385,1993,5,0,8,0.7,0.4058,5.365,0.7608,9.38,7.59,-0.912,3.272,1,0,0.8356394129979036
VND_ZETA,CASING_B,2021-08-10,2021-08-10,3333,3333,8,0,7,0.6,0.9319,0.884,0.9368,1.44,0.77,0.404,0.0,1,0,1.0
VND_DELTA,MOTOR_X,2022-04-01,2022-04-03,1834,1443,4,0,14,0.95,0.4229,4.089,0.774,10.0,7.27,-1.0,3.863,1,2,0.7868047982551799
VND_GAMMA,BEARING_01,2022-09-18,2022-09-18,6921,6559,9,0,11,0.8,0.9551,0.447,0.9742,1.65,0.0,-0.445,0.427,0,0,0.9476954197370322
VND_BETA,SCREW_M4,2021-02-18,2021-02-24,5606,4900,2,0,5,0.4,0.5278,3.552,0.8366,7.47,5.81,-0.631,3.173,1,6,0.8740635033892258
VND_DELTA,SCREW_M4,2022-11-04,2022-11-03,2482,2052,11,1,5,0.4,0.4195,4.949,0.8093,10.0,9.01,-1.0,3.571,1,-1,0.8267526188557615
VND_GAMMA,BATTERY_A,2022-12-21,2022-12-22,5455,5352,12,1,10,0.9,1.0,-0.128,0.9442,1.78,3.21,-0.462,0.474,1,1,0.9811182401466545
VND_ZETA,SWITCH_S,2022-11-10,2022-11-10,7894,7894,11,1,6,0.65,0.9217,0.116,0.9599,1.99,2.8,0.448,0.025,0,0,1.0
VND_ALPHA,MOTOR_X,2022-06-19,2022-06-18,1662,1662,6,0,14,0.95,0.8167,1.447,0.9703,4.67,1.37,-0.2,0.43,0,-1,1.0
VND_ALPHA,BLADE_X,2021-08-11,2021-08-12,5087,5087,8,0,12,0.85,0.8443,0.622,0.9697,2.6,1.31,-0.401,1.741,0,1,1.0
VND_GAMMA,SWITCH_S,2022-10-05,2022-10-05,3774,3774,10,0,6,0.65,0.9464,0.876,0.9697,0.49,0.87,-0.256,1.02,0,0,1.0
VND_DELTA,BATTERY_A,2022-01-25,2022-02-06,2286,1611,1,1,10,0.9,0.3794,3.863,0.7869,10.0,9.08,-1.0,3.072,1,12,0.7047244094488189
VND_ZETA,MOTOR_X,2023-06-13,2023-06-13,213,173,6,0,14,0.95,0.9119,-0.57,0.9325,0.95,0.58,-1.0,0.11,0,0,0.812206572769953
VND_GAMMA,SCREW_M4,2023-06-03,2023-06-04,773,773,6,0,5,0.4,0.9692,0.29,0.9729,1.52,0.0,0.363,0.701,0,1,1.0
VND_EPSILON,CABLE_R,2022-10-05,2022-10-06,5634,4665,10,0,8,0.7,0.7901,1.851,0.9234,4.13,3.48,-0.679,1.687,0,1,0.8280085197018104
VND_ZETA,BATTERY_A,2022-09-08,2022-09-08,4354,3931,9,0,10,0.9,0.9315,0.292,0.9774,3.04,0.65,-0.322,0.705,0,0,0.9028479559026182
VND_ZETA,BLADE_X,2023-04-17,2023-04-16,2872,2743,4,0,12,0.85,1.0,0.656,0.9629,4.0,1.67,-0.484,0.326,0,-1,0.95508356545961
VND_ZETA,SWITCH_S,2022-08-29,2022-08-30,4741,4741,8,0,6,0.65,0.8981,1.125,0.9907,1.44,0.77,0.404,0.0,0,1,1.0
VND_BETA,CASING_B,2023-05-12,2023-05-17,5647,5284,5,0,7,0.6,0.592,2.586,0.9195,8.96,6.56,-0.962,3.201,1,5,0.9357180803966708
VND_ZETA,SWITCH_S,2021-12-23,2021-12-23,5242,5242,12,1,6,0.65,1.0,0.252,0.9861,4.01,0.19,-0.074,0.755,0,0,1.0
VND_DELTA,BLADE_X,2021-01-01,2021-01-04,2689,1956,1,1,12,0.85,0.3672,4.67,0.7857,10.0,9.08,-1.0,3.072,1,3,0.7274079583488285
VND_BETA,BLADE_X,2023-05-31,2023-06-01,6636,6636,5,0,12,0.85,0.5461,2.427,0.9026,8.96,6.56,-0.962,3.201,0,1,1.0
VND_DELTA,CABLE_R,2023-06-24,2023-06-28,3822,2983,6,0,8,0.7,0.4045,4.091,0.7623,10.0,7.21,-1.0,4.359,0,4,0.7804814233385662
VND_EPSILON,SCREW_M4,2023-08-28,2023-08-27,6702,6702,8,0,5,0.4,0.7649,0.754,0.903,7.16,0.93,-0.254,0.955,0,-1,1.0
VND_ZETA,CASING_B,2021-06-23,2021-06-23,2524,2524,6,0,7,0.6,0.9974,0.216,1.0,0.95,0.58,-1.0,0.11,0,0,1.0
VND_ALPHA,CABLE_R,2022-04-27,2022-04-27,5711,4661,4,0,8,0.7,0.7971,1.32,0.9654,3.44,0.0,-0.737,0.775,0,0,0.8161442829627036
VND_BETA,BLADE_X,2022-02-12,2022-02-18,1407,1407,2,0,12,0.85,0.525,2.958,0.8948,7.47,5.81,-0.631,3.173,1,6,1.0
VND_ALPHA,MOTOR_X,2022-05-17,2022-05-18,4092,4044,5,0,14,0.95,0.8083,0.34,0.9585,2.19,1.91,-0.492,0.435,1,1,0.9882697947214076
VND_DELTA,BATTERY_A,2023-04-29,2023-05-06,7459,3873,4,0,10,0.9,0.426,3.804,0.7591,10.0,7.27,-1.0,3.863,0,7,0.5192385038208875
VND_ZETA,SCREW_M4,2023-02-26,2023-02-25,4249,4249,2,0,5,0.4,0.8802,0.843,0.9588,0.68,0.31,-0.17,0.259,0,-1,1.0
VND_BETA,SWITCH_S,2021-10-30,2021-11-01,5574,5139,10,0,6,0.65,0.5531,2.287,0.9099,7.34,4.7,-0.665,2.932,1,2,0.9219590958019376
VND_ALPHA,MOTOR_X,2023-05-21,2023-05-21,1992,1992,5,0,14,0.95,0.7643,0.665,0.9756,2.19,1.91,-0.492,0.435,0,0,1.0
VND_ZETA,CASING_B,2023-11-27,2023-11-27,4005,4005,11,1,7,0.6,0.9453,0.572,1.0,1.99,2.8,0.448,0.025,0,0,1.0
VND_EPSILON,MOTOR_X,2022-05-26,2022-05-27,7715,6953,5,0,14,0.95,0.708,1.519,0.9094,5.37,6.65,-0.289,2.054,1,1,0.9012313674659753
VND_DELTA,BATTERY_A,2021-10-01,2021-10-08,6765,5160,10,0,10,0.9,0.3831,3.701,0.7975,10.0,5.94,-1.0,3.793,1,7,0.7627494456762749
VND_ZETA,BEARING_01,2023-12-24,2023-12-25,4778,3799,12,1,11,0.8,1.0,0.052,0.9921,4.01,0.19,-0.074,0.755,0,1,0.7951025533696107
VND_DELTA,CABLE_R,2023-10-31,2023-11-08,3695,2507,10,0,8,0.7,0.4045,4.079,0.7513,10.0,5.94,-1.0,3.793,0,8,0.6784844384303113
VND_BETA,BEARING_01,2023-08-31,2023-09-07,3886,3606,8,0,11,0.8,0.5133,2.788,0.9401,8.24,4.9,-0.912,2.005,1,7,0.9279464745239321
VND_BETA,BLADE_X,2022-07-22,2022-07-25,6473,6294,7,0,12,0.85,0.5942,3.275,0.8992,8.11,6.76,-1.0,3.129,1,3,0.9723466707863433
VND_ZETA,BEARING_01,2022-05-05,2022-05-04,2449,2233,5,0,11,0.8,0.9419,0.802,0.9724,3.15,0.0,0.105,0.83,0,-1,0.911800734993875
VND_ALPHA,BEARING_01,2022-08-09,2022-08-12,2120,2119,8,0,11,0.8,0.8102,1.386,0.9957,2.6,1.31,-0.401,1.741,1,3,0.9995283018867924
VND_GAMMA,BLADE_X,2022-10-17,2022-10-16,7515,7515,10,0,12,0.85,0.9754,0.816,0.9822,0.49,0.87,-0.256,1.02,0,-1,1.0
VND_BETA,BATTERY_A,2021-11-05,2021-11-08,2094,1845,11,1,10,0.9,0.5061,2.224,0.9278,7.62,7.21,-0.911,3.187,1,3,0.8810888252148997
VND_ZETA,SWITCH_S,2021-11-09,2021-11-09,5986,5048,11,1,6,0.65,0.9179,-0.117,0.962,1.99,2.8,0.448,0.025,0,0,0.8433010357500835
VND_ALPHA,SCREW_M4,2023-04-30,2023-05-03,3539,3539,4,0,5,0.4,0.7925,1.901,0.9895,3.44,0.0,-0.737,0.775,0,3,1.0
VND_EPSILON,CABLE_R,2023-08-13,2023-08-13,3606,3209,8,0,8,0.7,0.7292,1.037,0.884,7.16,0.93,-0.254,0.955,0,0,0.8899057127010538
VND_BETA,MOTOR_X,2023-05-11,2023-05-16,3390,3390,5,0,14,0.95,0.6054,3.026,0.8978,8.96,6.56,-0.962,3.201,0,5,1.0
VND_EPSILON,MOTOR_X,2023-02-19,2023-02-22,4107,3728,2,0,14,0.95,0.7457,1.424,0.9466,3.97,2.95,-0.443,1.143,0,3,0.907718529340151
VND_GAMMA,MOTOR_X,2022-09-04,2022-09-03,6372,6253,9,0,14,0.95,0.9105,-0.141,0.9954,1.65,0.0,-0.445,0.427,0,-1,0.9813245448838669
VND_DELTA,SWITCH_S,2022-03-28,2022-04-06,4199,3792,3,0,6,0.65,0.4109,4.259,0.7224,9.67,7.03,-1.0,3.314,1,9,0.9030721600381043
VND_GAMMA,SCREW_M4,2023-06-12,2023-06-12,4178,3780,6,0,5,0.4,0.9542,-0.234,0.972,1.52,0.0,0.363,0.701,0,0,0.9047391096218286
VND_DELTA,MOTOR_X,2022-11-20,2022-11-26,5679,5071,11,1,14,0.95,0.377,4.268,0.7719,10.0,9.01,-1.0,3.571,1,6,0.8929388976932559
VND_ZETA,SWITCH_S,2021-12-05,2021-12-05,7085,7085,12,1,6,0.65,0.932,0.416,0.9589,4.01,0.19,-0.074,0.755,0,0,1.0
VND_BETA,BEARING_01,2023-12-30,2023-12-31,420,412,12,1,11,0.8,0.538,2.69,0.9025,7.45,6.37,-1.0,2.215,1,1,0.9809523809523809
VND_EPSILON,SWITCH_S,2021-02-25,2021-02-25,887,887,2,0,6,0.65,0.7182,1.999,0.9098,3.97,2.95,-0.443,1.143,0,0,1.0
VND_BETA,SWITCH_S,2023-08-04,2023-08-07,1688,1688,8,0,6,0.65,0.5005,3.01,0.858,8.24,4.9,-0.912,2.005,0,3,1.0
VND_GAMMA,MOTOR_X,2023-02-16,2023-02-16,2881,2819,2,0,14,0.95,0.9518,0.241,1.0,0.13,0.0,-0.083,0.079,0,0,0.9784796945505033
VND_DELTA,SCREW_M4,2022-11-01,2022-11-14,2964,2662,11,1,5,0.4,0.3126,4.626,0.7699,10.0,9.01,-1.0,3.571,1,13,0.898110661268556
VND_GAMMA,SWITCH_S,2023-05-14,2023-05-14,2266,2266,5,0,6,0.65,1.0,0.079,1.0,1.61,2.86,-0.038,0.521,0,0,1.0
VND_DELTA,BATTERY_A,2021-02-09,2021-02-19,6336,4264,2,0,10,0.9,0.3515,4.265,0.7641,10.0,7.1,-1.0,3.739,1,10,0.672979797979798
VND_GAMMA,MOTOR_X,2022-04-05,2022-04-05,5525,4713,4,0,14,0.95,0.9632,0.633,0.9302,1.81,0.33,-0.556,0.389,0,0,0.8530316742081447
VND_ZETA,BATTERY_A,2021-03-24,2021-03-24,6378,6378,3,0,10,0.9,1.0,0.296,1.0,3.65,1.04,-0.406,0.887,0,0,1.0
VND_BETA,MOTOR_X,2022-02-13,2022-02-17,7074,6272,2,0,14,0.95,0.5716,2.432,0.8851,7.47,5.81,-0.631,3.173,1,4,0.8866270851003676
VND_EPSILON,MOTOR_X,2021-11-09,2021-11-09,2154,2154,11,1,14,0.95,0.7177,2.026,0.8936,4.9,3.65,0.183,1.854,1,0,1.0
VND_DELTA,CASING_B,2021-08-23,2021-08-23,4820,3577,8,0,7,0.6,0.4285,4.557,0.8396,10.0,7.14,-1.0,3.931,1,0,0.7421161825726141
VND_DELTA,SCREW_M4,2022-06-09,2022-06-14,6482,4690,6,0,5,0.4,0.3945,4.701,0.7875,10.0,7.21,-1.0,4.359,1,5,0.7235421166306696
VND_BETA,CABLE_R,2021-08-23,2021-08-23,6571,5012,8,0,8,0.7,0.4766,3.003,0.8469,8.24,4.9,-0.912,2.005,1,0,0.7627453964388982
VND_GAMMA,CASING_B,2021-08-10,2021-08-08,4940,4940,8,0,7,0.6,0.9513,0.401,0.99,2.14,2.59,-0.277,0.173,0,-2,1.0
VND_GAMMA,MOTOR_X,2023-02-08,2023-02-08,3449,3384,2,0,14,0.95,0.9868,0.184,0.998,0.13,0.0,-0.083,0.079,0,0,0.9811539576688896
VND_ALPHA,SCREW_M4,2022-05-13,2022-05-14,1034,946,5,0,5,0.4,0.8105,0.525,0.9494,2.19,1.91,-0.492,0.435,0,1,0.9148936170212766
VND_ZETA,BLADE_X,2021-09-05,2021-09-05,6722,6582,9,0,12,0.85,0.9734,0.59,0.9792,3.04,0.65,-0.322,0.705,0,0,0.979172865218685
VND_GAMMA,MOTOR_X,2023-12-28,2023-12-29,3709,3459,12,1,14,0.95,0.9712,-0.71,0.9919,1.78,3.21,-0.462,0.474,0,1,0.9325963871663521
VND_ALPHA,CABLE_R,2023-11-03,2023-11-03,5504,5193,11,1,8,0.7,0.8223,1.212,0.9579,3.94,3.27,-0.255,0.88,0,0,0.9434956395348837
VND_ALPHA,CABLE_R,2023-05-11,2023-05-12,6936,4895,5,0,8,0.7,0.8317,1.113,0.9362,2.19,1.91,-0.492,0.435,0,1,0.7057381776239908
VND_ALPHA,BEARING_01,2023-06-07,2023-06-10,3167,3167,6,0,11,0.8,0.8115,1.596,0.9645,4.67,1.37,-0.2,0.43,1,3,1.0
VND_ZETA,BEARING_01,2021-11-10,2021-11-10,3767,3504,11,1,11,0.8,0.9136,0.253,0.9588,1.99,2.8,0.448,0.025,0,0,0.9301831696310061
VND_ZETA,CASING_B,2023-12-05,2023-12-05,5528,5500,12,1,7,0.6,0.9364,0.401,0.9931,4.01,0.19,-0.074,0.755,0,0,0.9949348769898697
VND_EPSILON,BLADE_X,2023-09-18,2023-09-21,4008,3903,9,0,12,0.85,0.8215,1.082,0.9237,4.38,3.89,-0.441,1.169,1,3,0.9738023952095808
VND_ZETA,SWITCH_S,2022-07-04,2022-07-03,2840,2727,7,0,6,0.65,0.8832,-0.321,0.9962,1.63,0.0,0.462,0.0,0,-1,0.9602112676056338
VND_ALPHA,SCREW_M4,2022-07-26,2022-07-28,7422,7105,7,0,5,0.4,0.813,0.843,0.9595,2.66,1.71,-0.565,1.15,0,2,0.9572891403934249
VND_BETA,BEARING_01,2023-08-10,2023-08-11,4868,4451,8,0,11,0.8,0.4908,2.873,0.8795,8.24,4.9,-0.912,2.005,1,1,0.9143385373870172
VND_GAMMA,SWITCH_S,2021-02-28,2021-02-28,4249,3473,2,0,6,0.65,1.0,-0.177,0.9888,0.13,0.0,-0.083,0.079,0,0,0.8173687926570958
VND_BETA,CABLE_R,2023-09-26,2023-09-28,1937,1937,9,0,8,0.7,0.4951,2.155,0.9241,7.93,5.56,-0.497,2.593,0,2,1.0
VND_GAMMA,CABLE_R,2022-11-29,2022-11-29,2490,2490,11,1,8,0.7,0.9052,-0.34,0.9778,0.77,1.58,0.264,0.0,0,0,1.0
VND_EPSILON,BLADE_X,2021-01-21,2021-01-27,4432,3885,1,1,12,0.85,0.7597,1.62,0.9691,5.06,3.05,-0.408,1.754,0,6,0.8765794223826715
VND_ALPHA,SCREW_M4,2022-05-10,2022-05-13,6098,5214,5,0,5,0.4,0.8225,1.035,1.0,2.19,1.91,-0.492,0.435,0,3,0.8550344375204986
VND_DELTA,SWITCH_S,2022-05-08,2022-05-11,5857,4605,5,0,6,0.65,0.3261,4.111,0.806,9.38,7.59,-0.912,3.272,1,3,0.7862386887485061
VND_ZETA,BEARING_01,2023-10-03,2023-10-03,3871,3639,10,0,11,0.8,0.9126,0.513,0.9588,2.08,0.04,-0.007,0.366,0,0,0.9400671661069491
VND_ALPHA,MOTOR_X,2022-08-26,2022-08-28,2015,1800,8,0,14,0.95,0.7631,1.601,0.9503,2.6,1.31,-0.401,1.741,0,2,0.8933002481389578
VND_ZETA,SWITCH_S,2022-05-14,2022-05-14,2708,2708,5,0,6,0.65,0.979,0.167,0.9812,3.15,0.0,0.105,0.83,1,0,1.0
VND_DELTA,CABLE_R,2023-12-24,2023-12-27,3016,2568,12,1,8,0.7,0.3823,4.607,0.8159,9.5,6.79,-1.0,3.943,1,3,0.8514588859416445
VND_ZETA,SWITCH_S,2022-11-09,2022-11-10,3082,2788,11,1,6,0.65,0.9444,0.623,0.9737,1.99,2.8,0.448,0.025,0,1,0.9046073977936405
VND_GAMMA,BEARING_01,2022-09-20,2022-09-20,2259,1845,9,0,11,0.8,1.0,-0.141,0.9834,1.65,0.0,-0.445,0.427,0,0,0.8167330677290837
VND_ALPHA,SCREW_M4,2022-01-30,2022-01-30,2784,2344,1,1,5,0.4,0.8565,1.122,0.968,3.7,2.96,-0.026,1.609,1,0,0.8419540229885057
VND_ZETA,BATTERY_A,2022-01-15,2022-01-15,1769,1769,1,1,10,0.9,0.9201,1.043,0.9947,1.09,2.03,0.123,0.866,0,0,1.0
VND_ZETA,SCREW_M4,2023-09-19,2023-09-20,2465,2190,9,0,5,0.4,0.9501,0.531,0.9809,3.04,0.65,-0.322,0.705,1,1,0.8884381338742393
VND_ALPHA,BLADE_X,2022-02-02,2022-02-03,2626,2370,2,0,12,0.85,0.7989,1.235,0.9971,2.97,1.37,0.254,1.307,0,1,0.9025133282559025
VND_GAMMA,SCREW_M4,2022-01-03,2022-01-03,2676,2676,1,1,5,0.4,0.993,-0.46,0.9924,1.85,2.16,0.022,0.306,0,0,1.0
VND_ZETA,MOTOR_X,2023-12-30,2023-12-31,1236,1236,12,1,14,0.95,0.9816,0.669,0.9758,4.01,0.19,-0.074,0.755,0,1,1.0
VND_ALPHA,BLADE_X,2021-04-22,2021-04-21,4733,4733,4,0,12,0.85,0.7829,1.515,0.9473,3.44,0.0,-0.737,0.775,0,-1,1.0
VND_ZETA,BLADE_X,2021-09-16,2021-09-18,5425,5425,9,0,12,0.85,0.8822,0.578,1.0,3.04,0.65,-0.322,0.705,0,2,1.0
VND_ALPHA,BEARING_01,2021-01-26,2021-01-26,4902,4080,1,1,11,0.8,0.7757,0.818,0.9354,3.7,2.96,-0.026,1.609,1,0,0.8323133414932681
VND_DELTA,BLADE_X,2023-09-08,2023-09-18,3808,2798,9,0,12,0.85,0.389,4.873,0.7274,10.0,8.25,-1.0,4.688,1,10,0.7347689075630253
VND_BETA,CABLE_R,2021-04-16,2021-04-15,2268,2228,4,0,8,0.7,0.5271,2.872,0.8549,7.67,5.01,-1.0,2.322,1,-1,0.982363315696649
VND_ALPHA,BEARING_01,2021-05-14,2021-05-14,3482,3399,5,0,11,0.8,0.8817,1.802,1.0,2.19,1.91,-0.492,0.435,0,0,0.976163124641011
VND_ALPHA,BEARING_01,2021-04-20,2021-04-23,1442,1305,4,0,11,0.8,0.8531,0.997,0.9994,3.44,0.0,-0.737,0.775,0,3,0.90499306518724
VND_EPSILON,CASING_B,2022-09-15,2022-09-16,897,798,9,0,7,0.6,0.7579,1.882,0.9327,4.38,3.89,-0.441,1.169,0,1,0.8896321070234113
VND_ALPHA,SCREW_M4,2023-05-03,2023-05-06,5166,4763,5,0,5,0.4,0.7846,0.663,0.9559,2.19,1.91,-0.492,0.435,0,3,0.9219899341850561
VND_EPSILON,SCREW_M4,2023-02-19,2023-02-23,3890,3833,2,0,5,0.4,0.689,2.242,0.9666,3.97,2.95,-0.443,1.143,0,4,0.9853470437017995
VND_GAMMA,BEARING_01,2023-05-29,2023-05-29,2701,2701,5,0,11,0.8,0.9378,0.779,0.9319,1.61,2.86,-0.038,0.521,0,0,1.0
VND_EPSILON,MOTOR_X,2021-07-23,2021-07-23,7962,6620,7,0,14,0.95,0.7356,0.793,0.9397,4.08,2.56,-0.606,1.633,0,0,0.8314493845767396
VND_ZETA,SCREW_M4,2022-03-09,2022-03-09,2367,2367,3,0,5,0.4,0.9222,0.252,0.9921,3.65,1.04,-0.406,0.887,0,0,1.0
VND_BETA,BATTERY_A,2022-05-07,2022-05-07,1623,1018,5,0,10,0.9,0.5489,3.509,0.9298,8.96,6.56,-0.962,3.201,0,0,0.6272335181762169
VND_BETA,BATTERY_A,2021-01-06,2021-01-08,3546,3231,1,1,10,0.9,0.5061,2.958,0.8628,8.49,4.94,-0.843,2.646,1,2,0.9111675126903553
VND_ZETA,BEARING_01,2023-08-21,2023-08-21,2585,2486,8,0,11,0.8,0.8949,0.069,0.9732,1.44,0.77,0.404,0.0,0,0,0.9617021276595744
VND_BETA,MOTOR_X,2022-08-14,2022-08-17,5991,5111,8,0,14,0.95,0.6127,2.59,0.8796,8.24,4.9,-0.912,2.005,1,3,0.8531130028375897
VND_ZETA,BLADE_X,2023-07-19,2023-07-17,783,783,7,0,12,0.85,0.9595,0.287,0.982,1.63,0.0,0.462,0.0,1,-2,1.0
VND_GAMMA,SCREW_M4,2022-02-10,2022-02-10,3682,3609,2,0,5,0.4,0.9258,0.654,0.9624,0.13,0.0,-0.083,0.079,1,0,0.9801738185768604
VND_EPSILON,BATTERY_A,2022-04-06,2022-04-09,5505,4512,4,0,10,0.9,0.7417,0.957,0.944,3.47,1.86,-0.305,1.806,0,3,0.8196185286103542
VND_GAMMA,CASING_B,2021-10-19,2021-10-19,784,720,10,0,7,0.6,0.9374,0.129,0.9737,0.49,0.87,-0.256,1.02,0,0,0.9183673469387755
VND_BETA,MOTOR_X,2022-09-22,2022-09-25,5074,4978,9,0,14,0.95,0.5094,2.825,0.8929,7.93,5.56,-0.497,2.593,1,3,0.9810800157666535
VND_DELTA,BLADE_X,2021-09-12,2021-09-18,4039,3244,9,0,12,0.85,0.4525,4.467,0.7451,10.0,8.25,-1.0,4.688,1,6,0.8031691012626888
VND_ZETA,BLADE_X,2023-04-05,2023-04-06,7922,7922,4,0,12,0.85,0.8355,-0.004,0.9986,4.0,1.67,-0.484,0.326,0,1,1.0
VND_EPSILON,BLADE_X,2023-10-09,2023-10-14,3786,3786,10,0,12,0.85,0.7323,1.241,0.9282,4.13,3.48,-0.679,1.687,1,5,1.0
VND_EPSILON,BATTERY_A,2021-03-23,2021-03-23,7486,6435,3,0,10,0.9,0.7107,1.119,0.9337,5.21,3.36,-0.135,2.022,0,0,0.8596045952444563
VND_ZETA,SWITCH_S,2022-10-23,2022-10-25,5145,4878,10,0,6,0.65,0.9505,0.527,0.979,2.08,0.04,-0.007,0.366,0,2,0.9481049562682216
VND_ALPHA,BLADE_X,2021-07-07,2021-07-09,2075,1977,7,0,12,0.85,0.8128,2.277,0.969,2.66,1.71,-0.565,1.15,1,2,0.9527710843373494
VND_ZETA,MOTOR_X,2022-07-06,2022-07-06,4920,4920,7,0,14,0.95,0.9073,-0.332,0.986,1.63,0.0,0.462,0.0,0,0,1.0
VND_BETA,MOTOR_X,2023-08-22,2023-08-29,4451,4339,8,0,14,0.95,0.5321,3.312,0.882,8.24,4.9,-0.912,2.005,1,7,0.9748371152549988
VND_GAMMA,BEARING_01,2022-01-07,2022-01-08,4995,4995,1,1,11,0.8,0.9763,0.634,0.9772,1.85,2.16,0.022,0.306,0,1,1.0
VND_ZETA,SWITCH_S,2023-10-05,2023-10-05,947,894,10,0,6,0.65,0.8918,0.569,1.0,2.08,0.04,-0.007,0.366,0,0,0.9440337909186906
VND_GAMMA,BEARING_01,2023-04-17,2023-04-17,2930,2930,4,0,11,0.8,0.9596,0.509,0.9902,1.81,0.33,-0.556,0.389,0,0,1.0
VND_ZETA,CABLE_R,2021-08-03,2021-08-02,7226,7226,8,0,8,0.7,0.9225,0.794,1.0,1.44,0.77,0.404,0.0,0,-1,1.0
VND_GAMMA,CASING_B,2023-04-24,2023-04-27,5882,5406,4,0,7,0.6,0.9739,0.408,0.9991,1.81,0.33,-0.556,0.389,0,3,0.9190751445086706
VND_GAMMA,BEARING_01,2023-04-01,2023-04-01,6864,6864,4,0,11,0.8,1.0,0.253,0.9263,1.81,0.33,-0.556,0.389,0,0,1.0
VND_DELTA,MOTOR_X,2021-06-30,2021-07-02,2776,2015,6,0,14,0.95,0.4197,4.718,0.7448,10.0,7.21,-1.0,4.359,1,2,0.725864553314121
VND_GAMMA,BLADE_X,2021-08-26,2021-08-26,6528,6251,8,0,12,0.85,0.9343,-0.069,1.0,2.14,2.59,-0.277,0.173,0,0,0.9575674019607843
VND_EPSILON,SWITCH_S,2021-01-03,2021-01-04,5587,4449,1,1,6,0.65,0.7798,1.459,0.9668,5.06,3.05,-0.408,1.754,1,1,0.7963128691605513
VND_DELTA,BEARING_01,2021-04-22,2021-04-23,1736,1386,4,0,11,0.8,0.3328,4.975,0.7561,10.0,7.27,-1.0,3.863,1,1,0.7983870967741935
VND_EPSILON,CABLE_R,2023-10-18,2023-10-19,5323,4762,10,0,8,0.7,0.751,1.296,0.9533,4.13,3.48,-0.679,1.687,0,1,0.8946083035882021
VND_ALPHA,BEARING_01,2022-02-21,2022-02-22,2387,2387,2,0,11,0.8,0.78,0.729,0.9754,2.97,1.37,0.254,1.307,1,1,1.0
VND_GAMMA,CASING_B,2023-06-17,2023-06-17,7415,7415,6,0,7,0.6,0.9767,-0.185,1.0,1.52,0.0,0.363,0.701,0,0,1.0
VND_ALPHA,BEARING_01,2021-03-01,2021-03-03,5361,5361,3,0,11,0.8,0.8147,0.61,0.9932,2.73,2.14,-0.359,0.814,0,2,1.0
VND_ZETA,SCREW_M4,2021-11-21,2021-11-21,2745,2745,11,1,5,0.4,0.9275,0.325,0.9517,1.99,2.8,0.448,0.025,0,0,1.0
VND_EPSILON,MOTOR_X,2023-04-16,2023-04-18,963,911,4,0,14,0.95,0.7584,1.326,0.9454,3.47,1.86,-0.305,1.806,1,2,0.9460020768431984
VND_ALPHA,SCREW_M4,2023-08-04,2023-08-04,7958,7958,8,0,5,0.4,0.7989,1.264,0.9484,2.6,1.31,-0.401,1.741,0,0,1.0
VND_ZETA,BATTERY_A,2021-11-12,2021-11-13,4282,4282,11,1,10,0.9,0.9211,0.26,0.9794,1.99,2.8,0.448,0.025,0,1,1.0
VND_EPSILON,BLADE_X,2022-07-14,2022-07-14,3603,2841,7,0,12,0.85,0.7612,1.92,0.9041,4.08,2.56,-0.606,1.633,0,0,0.7885095753538718
VND_DELTA,BEARING_01,2022-05-15,2022-05-22,3941,3627,5,0,11,0.8,0.3758,4.432,0.7721,9.38,7.59,-0.912,3.272,1,7,0.9203247906622685
VND_DELTA,CASING_B,2022-01-26,2022-02-04,7751,6205,1,1,7,0.6,0.4265,4.606,0.7893,10.0,9.08,-1.0,3.072,1,9,0.8005418655657335
VND_ALPHA,CASING_B,2022-07-20,2022-07-21,6529,6529,7,0,7,0.6,0.7119,1.271,0.9404,2.66,1.71,-0.565,1.15,0,1,1.0
VND_GAMMA,SWITCH_S,2023-11-06,2023-11-05,2388,2388,11,1,6,0.65,0.9592,1.142,0.9566,0.77,1.58,0.264,0.0,0,-1,1.0
VND_GAMMA,MOTOR_X,2022-09-04,2022-09-06,7060,7060,9,0,14,0.95,0.953,-0.341,0.9826,1.65,0.0,-0.445,0.427,0,2,1.0
VND_BETA,BEARING_01,2023-07-04,2023-07-04,4612,4230,7,0,11,0.8,0.5557,3.392,0.8983,8.11,6.76,-1.0,3.129,1,0,0.9171725932350391
VND_GAMMA,BEARING_01,2022-11-12,2022-11-12,4721,4721,11,1,11,0.8,0.9203,-0.228,0.9716,0.77,1.58,0.264,0.0,0,0,1.0
VND_DELTA,SWITCH_S,2022-10-22,2022-10-26,7323,5496,10,0,6,0.65,0.2973,4.681,0.7328,10.0,5.94,-1.0,3.793,1,4,0.7505120852109791
VND_ZETA,SCREW_M4,2022-05-05,2022-05-05,4884,4159,5,0,5,0.4,0.9176,0.099,0.9896,3.15,0.0,0.105,0.83,0,0,0.8515561015561015
VND_BETA,SWITCH_S,2023-04-22,2023-04-28,557,508,4,0,6,0.65,0.5428,2.488,0.8742,7.67,5.01,-1.0,2.322,1,6,0.9120287253141831
VND_ZETA,CABLE_R,2023-08-27,2023-08-27,5977,5438,8,0,8,0.7,0.973,0.409,1.0,1.44,0.77,0.404,0.0,1,0,0.9098209804249624
VND_DELTA,SWITCH_S,2021-11-08,2021-11-13,4257,3128,11,1,6,0.65,0.3539,3.949,0.7143,10.0,9.01,-1.0,3.571,1,5,0.734789758045572
VND_BETA,MOTOR_X,2023-10-26,2023-10-29,5034,4655,10,0,14,0.95,0.4868,3.158,0.8655,7.34,4.7,-0.665,2.932,1,3,0.9247119586809694
VND_ALPHA,CABLE_R,2023-06-21,2023-06-22,1016,988,6,0,8,0.7,0.7954,0.717,0.9703,4.67,1.37,-0.2,0.43,0,1,0.9724409448818898
VND_ALPHA,BEARING_01,2021-10-23,2021-10-21,3558,3190,10,0,11,0.8,0.8116,0.605,0.9561,3.41,0.0,-0.618,1.079,0,-2,0.8965711073636875
VND_ALPHA,CASING_B,2023-08-20,2023-08-21,6602,6602,8,0,7,0.6,0.8133,1.491,0.9947,2.6,1.31,-0.401,1.741,0,1,1.0
VND_GAMMA,BLADE_X,2023-03-26,2023-03-26,5523,5476,3,0,12,0.85,0.9783,0.393,1.0,1.39,0.8,0.586,0.47,0,0,0.9914901321745428
VND_GAMMA,BATTERY_A,2023-12-29,2023-12-29,3313,3296,12,1,10,0.9,0.9202,-0.379,0.9706,1.78,3.21,-0.462,0.474,0,0,0.9948686990642922
VND_ZETA,CABLE_R,2023-09-27,2023-09-27,7346,7259,9,0,8,0.7,0.9364,-0.011,1.0,3.04,0.65,-0.322,0.705,0,0,0.988156820038116
VND_EPSILON,MOTOR_X,2021-05-21,2021-05-21,2123,2062,5,0,14,0.95,0.7638,2.236,0.9076,5.37,6.65,-0.289,2.054,0,0,0.9712670748940179
VND_BETA,BLADE_X,2021-07-05,2021-07-10,3755,3082,7,0,12,0.85,0.6057,2.7,0.8887,8.11,6.76,-1.0,3.129,0,5,0.8207723035952064
VND_ZETA,BATTERY_A,2021-07-25,2021-07-25,3834,3143,7,0,10,0.9,0.9023,-0.334,1.0,1.63,0.0,0.462,0.0,0,0,0.8197704747000522
VND_ZETA,CASING_B,2022-09-06,2022-09-07,7600,7600,9,0,7,0.6,0.8864,0.236,0.9468,3.04,0.65,-0.322,0.705,0,1,1.0
VND_ALPHA,MOTOR_X,2022-10-27,2022-10-27,6722,5882,10,0,14,0.95,0.8028,1.02,0.9552,3.41,0.0,-0.618,1.079,0,0,0.8750371913121094
VND_GAMMA,MOTOR_X,2023-01-05,2023-01-05,3270,3177,1,1,14,0.95,0.8827,-0.022,1.0,1.85,2.16,0.022,0.306,0,0,0.9715596330275229
VND_BETA,SWITCH_S,2022-05-16,2022-05-22,4551,4551,5,0,6,0.65,0.5315,2.782,0.8456,8.96,6.56,-0.962,3.201,1,6,1.0
VND_EPSILON,SWITCH_S,2022-01-04,2022-01-07,1592,1481,1,1,6,0.65,0.7125,1.456,0.9273,5.06,3.05,-0.408,1.754,0,3,0.9302763819095478
VND_ALPHA,CASING_B,2023-02-23,2023-02-23,5276,4227,2,0,7,0.6,0.8058,0.963,0.9669,2.97,1.37,0.254,1.307,1,0,0.8011751326762699
VND_DELTA,SCREW_M4,2021-10-21,2021-10-29,2102,1686,10,0,5,0.4,0.3757,4.679,0.7229,10.0,5.94,-1.0,3.793,1,8,0.80209324452902
VND_ZETA,BEARING_01,2022-06-05,2022-06-04,3964,3948,6,0,11,0.8,0.8828,1.029,0.9875,0.95,0.58,-1.0,0.11,0,-1,0.9959636730575177
VND_ZETA,BLADE_X,2021-01-20,2021-01-18,7563,7050,1,1,12,0.85,0.8985,0.152,0.975,1.09,2.03,0.123,0.866,0,-2,0.9321697738992464
VND_GAMMA,BEARING_01,2021-11-20,2021-11-20,805,801,11,1,11,0.8,0.9698,0.685,0.9353,0.77,1.58,0.264,0.0,0,0,0.9950310559006211
VND_GAMMA,BEARING_01,2022-09-05,2022-09-07,5434,4940,9,0,11,0.8,0.8488,0.186,1.0,1.65,0.0,-0.445,0.427,0,2,0.9090909090909091
VND_ZETA,SWITCH_S,2022-05-28,2022-05-31,3942,3707,5,0,6,0.65,0.879,0.388,0.963,3.15,0.0,0.105,0.83,0,3,0.9403855910705226
VND_BETA,BLADE_X,2023-02-27,2023-03-02,7190,6623,2,0,12,0.85,0.5934,2.839,0.8892,7.47,5.81,-0.631,3.173,1,3,0.9211404728789986
VND_ALPHA,BEARING_01,2022-05-01,2022-05-01,3324,2996,5,0,11,0.8,0.8549,0.95,0.9248,2.19,1.91,-0.492,0.435,1,0,0.901323706377858
VND_EPSILON,CABLE_R,2022-08-29,2022-09-01,5928,5486,8,0,8,0.7,0.6591,2.005,0.9028,7.16,0.93,-0.254,0.955,1,3,0.9254385964912281
VND_ALPHA,BLADE_X,2023-03-22,2023-03-22,2448,2401,3,0,12,0.85,0.7232,2.086,0.9519,2.73,2.14,-0.359,0.814,1,0,0.9808006535947712
VND_EPSILON,MOTOR_X,2021-04-11,2021-04-12,7659,7315,4,0,14,0.95,0.7508,1.758,0.9467,3.47,1.86,-0.305,1.806,0,1,0.9550855203029116
VND_GAMMA,BEARING_01,2022-04-17,2022-04-17,5173,5173,4,0,11,0.8,0.9418,0.246,1.0,1.81,0.33,-0.556,0.389,0,0,1.0
VND_BETA,CABLE_R,2022-01-25,2022-01-30,5286,4742,1,1,8,0.7,0.5493,2.645,0.9137,8.49,4.94,-0.843,2.646,1,5,0.8970866439651911
VND_ZETA,BLADE_X,2021-10-08,2021-10-09,5346,5046,10,0,12,0.85,0.9001,0.858,0.9641,2.08,0.04,-0.007,0.366,0,1,0.9438832772166106
VND_ZETA,BATTERY_A,2021-03-22,2021-03-23,2730,2730,3,0,10,0.9,0.959,0.606,0.9608,3.65,1.04,-0.406,0.887,0,1,1.0
VND_ALPHA,BEARING_01,2023-01-18,2023-01-20,6199,6199,1,1,11,0.8,0.8673,1.234,0.9735,3.7,2.96,-0.026,1.609,0,2,1.0
VND_ALPHA,CASING_B,2022-08-28,2022-08-28,2876,2537,8,0,7,0.6,0.8135,0.702,0.9397,2.6,1.31,-0.401,1.741,0,0,0.8821279554937413
VND_BETA,SWITCH_S,2022-02-16,2022-02-18,1282,1140,2,0,6,0.65,0.5446,2.812,0.8983,7.47,5.81,-0.631,3.173,1,2,0.8892355694227769
VND_EPSILON,CABLE_R,2023-10-25,2023-10-26,7683,6592,10,0,8,0.7,0.7564,1.875,0.8818,4.13,3.48,-0.679,1.687,0,1,0.8579981777951321
VND_BETA,BLADE_X,2022-06-11,2022-06-11,7687,7355,6,0,12,0.85,0.5248,2.738,0.901,8.51,4.55,-0.832,3.415,0,0,0.9568101990373358
VND_GAMMA,BEARING_01,2022-11-25,2022-11-25,6788,5523,11,1,11,0.8,0.9754,-0.196,0.9918,0.77,1.58,0.264,0.0,0,0,0.8136417206835592
VND_DELTA,BATTERY_A,2021-06-04,2021-06-09,1353,940,6,0,10,0.9,0.3934,4.503,0.8001,10.0,7.21,-1.0,4.359,1,5,0.6947524020694752
VND_ZETA,SCREW_M4,2023-03-25,2023-03-27,7128,7128,3,0,5,0.4,0.9384,0.203,1.0,3.65,1.04,-0.406,0.887,0,2,1.0
VND_ALPHA,CABLE_R,2023-03-20,2023-03-20,314,307,3,0,8,0.7,0.8748,0.538,0.962,2.73,2.14,-0.359,0.814,0,0,0.9777070063694268
VND_EPSILON,BLADE_X,2021-09-11,2021-09-12,3925,3039,9,0,12,0.85,0.7022,1.336,0.9143,4.38,3.89,-0.441,1.169,1,1,0.7742675159235669
VND_ZETA,CABLE_R,2022-06-21,2022-06-21,4988,4613,6,0,8,0.7,0.9306,0.782,0.949,0.95,0.58,-1.0,0.11,0,0,0.9248195669607057
VND_ZETA,SWITCH_S,2023-01-31,2023-02-01,1087,982,1,1,6,0.65,0.9037,0.279,0.9396,1.09,2.03,0.123,0.866,0,1,0.9034038638454461
VND_DELTA,SCREW_M4,2021-02-21,2021-02-22,5275,4538,2,0,5,0.4,0.3535,4.436,0.7983,10.0,7.1,-1.0,3.739,0,1,0.8602843601895734
VND_EPSILON,CABLE_R,2022-03-30,2022-04-01,5505,5069,3,0,8,0.7,0.7406,1.267,0.8568,5.21,3.36,-0.135,2.022,0,2,0.9207992733878293
VND_ZETA,BATTERY_A,2023-08-09,2023-08-09,7649,7649,8,0,10,0.9,0.8973,0.477,0.9821,1.44,0.77,0.404,0.0,0,0,1.0
VND_ZETA,BLADE_X,2023-04-17,2023-04-17,1155,1151,4,0,12,0.85,0.9053,0.274,0.9985,4.0,1.67,-0.484,0.326,0,0,0.9965367965367965
VND_ALPHA,CASING_B,2021-03-18,2021-03-21,2693,2681,3,0,7,0.6,0.815,-0.133,0.9605,2.73,2.14,-0.359,0.814,0,3,0.9955440029706647
VND_ALPHA,BEARING_01,2021-07-19,2021-07-19,2123,1810,7,0,11,0.8,0.7997,0.941,0.9464,2.66,1.71,-0.565,1.15,1,0,0.8525671219971738
VND_DELTA,CASING_B,2023-07-19,2023-07-28,3239,2380,7,0,7,0.6,0.3993,4.352,0.8331,10.0,6.05,-1.0,3.274,0,9,0.734794689719049
VND_EPSILON,SWITCH_S,2021-11-13,2021-11-16,7453,6228,11,1,6,0.65,0.6678,1.827,0.9413,4.9,3.65,0.183,1.854,1,3,0.8356366563799812
VND_ZETA,SWITCH_S,2021-07-22,2021-07-22,7029,7029,7,0,6,0.65,0.8753,1.019,0.9572,1.63,0.0,0.462,0.0,0,0,1.0
VND_EPSILON,BEARING_01,2023-04-16,2023-04-16,7892,7758,4,0,11,0.8,0.7082,1.435,0.9312,3.47,1.86,-0.305,1.806,0,0,0.983020780537253
VND_ALPHA,BLADE_X,2023-01-29,2023-01-29,1979,1634,1,1,12,0.85,0.7746,0.913,0.8808,3.7,2.96,-0.026,1.609,0,0,0.8256695300656898
VND_DELTA,BEARING_01,2022-04-29,2022-05-11,7207,6046,4,0,11,0.8,0.3792,4.395,0.7707,10.0,7.27,-1.0,3.863,1,12,0.8389066185652837
VND_ALPHA,CABLE_R,2023-01-23,2023-01-25,4660,4660,1,1,8,0.7,0.7911,1.048,1.0,3.7,2.96,-0.026,1.609,1,2,1.0
VND_ALPHA,CABLE_R,2023-03-27,2023-03-29,2460,2460,3,0,8,0.7,0.8058,0.771,0.9631,2.73,2.14,-0.359,0.814,0,2,1.0
VND_ALPHA,SCREW_M4,2023-07-21,2023-07-24,950,950,7,0,5,0.4,0.7659,1.268,0.9803,2.66,1.71,-0.565,1.15,0,3,1.0
VND_ZETA,SCREW_M4,2021-02-13,2021-02-12,614,556,2,0,5,0.4,0.9259,-0.257,0.9747,0.68,0.31,-0.17,0.259,0,-1,0.9055374592833876
VND_BETA,CABLE_R,2021-09-15,2021-09-21,6646,6162,9,0,8,0.7,0.5521,2.718,0.8605,7.93,5.56,-0.497,2.593,1,6,0.9271742401444478
VND_ALPHA,SCREW_M4,2022-03-01,2022-03-01,5003,4663,3,0,5,0.4,0.8713,1.223,0.9267,2.73,2.14,-0.359,0.814,1,0,0.9320407755346792
VND_BETA,SCREW_M4,2022-11-04,2022-11-08,6543,5010,11,1,5,0.4,0.6131,2.332,0.9055,7.62,7.21,-0.911,3.187,1,4,0.7657038055937643
VND_EPSILON,CASING_B,2021-01-06,2021-01-07,2471,2399,1,1,7,0.6,0.7695,1.47,0.9204,5.06,3.05,-0.408,1.754,0,1,0.9708619991906111
VND_BETA,CASING_B,2022-05-29,2022-06-01,6741,5286,5,0,7,0.6,0.5438,2.815,0.8975,8.96,6.56,-0.962,3.201,1,3,0.7841566533155319
VND_ALPHA,CASING_B,2021-02-22,2021-02-26,1279,1228,2,0,7,0.6,0.8124,0.857,0.9546,2.97,1.37,0.254,1.307,0,4,0.9601250977326036
VND_GAMMA,MOTOR_X,2022-05-03,2022-05-04,5023,4723,5,0,14,0.95,0.9467,0.22,0.953,1.61,2.86,-0.038,0.521,0,1,0.9402747362134183
VND_ALPHA,CABLE_R,2021-12-23,2021-12-23,2373,2373,12,1,8,0.7,0.7561,1.185,1.0,1.72,2.38,-0.358,1.423,0,0,1.0
VND_BETA,MOTOR_X,2023-05-13,2023-05-13,4509,4032,5,0,14,0.95,0.5517,3.019,0.8626,8.96,6.56,-0.962,3.201,0,0,0.8942115768463074
VND_ZETA,BATTERY_A,2021-05-11,2021-05-11,4101,4025,5,0,10,0.9,0.9043,0.595,1.0,3.15,0.0,0.105,0.83,0,0,0.9814679346500853
VND_GAMMA,BEARING_01,2023-11-18,2023-11-18,5063,5063,11,1,11,0.8,0.997,0.393,0.9539,0.77,1.58,0.264,0.0,0,0,1.0
VND_DELTA,BATTERY_A,2023-10-29,2023-11-01,2014,1550,10,0,10,0.9,0.33,4.742,0.7965,10.0,5.94,-1.0,3.793,1,3,0.7696127110228401
VND_ZETA,MOTOR_X,2023-12-04,2023-12-04,2670,2580,12,1,14,0.95,0.8951,0.392,0.9654,4.01,0.19,-0.074,0.755,0,0,0.9662921348314607
VND_ZETA,BEARING_01,2021-03-05,2021-03-05,698,644,3,0,11,0.8,0.9598,0.328,0.9605,3.65,1.04,-0.406,0.887,0,0,0.9226361031518625
VND_DELTA,BEARING_01,2023-05-24,2023-06-02,5820,4608,5,0,11,0.8,0.386,4.54,0.7876,9.38,7.59,-0.912,3.272,1,9,0.7917525773195876
VND_DELTA,BATTERY_A,2023-06-28,2023-06-30,802,673,6,0,10,0.9,0.3012,4.857,0.7337,10.0,7.21,-1.0,4.359,1,2,0.8391521197007481
VND_GAMMA,BATTERY_A,2021-10-31,2021-11-01,738,631,10,0,10,0.9,0.9513,0.386,0.9843,0.49,0.87,-0.256,1.02,0,1,0.8550135501355014
VND_GAMMA,CASING_B,2022-10-28,2022-10-28,3320,3320,10,0,7,0.6,1.0,-0.326,1.0,0.49,0.87,-0.256,1.02,0,0,1.0
VND_DELTA,BLADE_X,2023-11-02,2023-11-08,5159,4326,11,1,12,0.85,0.3684,5.064,0.7578,10.0,9.01,-1.0,3.571,1,6,0.8385345997286295
VND_ALPHA,SWITCH_S,2021-08-23,2021-08-22,7186,6890,8,0,6,0.65,0.7699,1.145,0.9866,2.6,1.31,-0.401,1.741,0,-1,0.9588087948789312
VND_DELTA,SCREW_M4,2023-07-14,2023-07-17,7475,5763,7,0,5,0.4,0.4084,5.006,0.7589,10.0,6.05,-1.0,3.274,1,3,0.7709698996655518
VND_DELTA,SCREW_M4,2022-11-26,2022-12-06,6978,4715,11,1,5,0.4,0.4072,4.977,0.7166,10.0,9.01,-1.0,3.571,1,10,0.675695041559186
VND_DELTA,BEARING_01,2023-05-02,2023-05-07,6176,5130,5,0,11,0.8,0.2777,4.207,0.7393,9.38,7.59,-0.912,3.272,1,5,0.8306347150259067
VND_GAMMA,BATTERY_A,2023-05-25,2023-05-26,2760,2453,5,0,10,0.9,0.9767,0.485,0.9382,1.61,2.86,-0.038,0.521,0,1,0.888768115942029
VND_GAMMA,BLADE_X,2021-11-09,2021-11-09,5826,5826,11,1,12,0.85,0.9732,0.116,0.9559,0.77,1.58,0.264,0.0,0,0,1.0
VND_ALPHA,BEARING_01,2021-07-06,2021-07-06,7013,7013,7,0,11,0.8,0.8896,1.392,0.9626,2.66,1.71,-0.565,1.15,0,0,1.0
VND_ALPHA,BATTERY_A,2023-06-04,2023-06-04,991,991,6,0,10,0.9,0.7972,1.227,0.9632,4.67,1.37,-0.2,0.43,0,0,1.0
VND_BETA,CABLE_R,2021-05-03,2021-05-07,5004,3741,5,0,8,0.7,0.5921,2.401,0.8685,8.96,6.56,-0.962,3.201,1,4,0.7476019184652278
VND_ZETA,CABLE_R,2021-09-08,2021-09-08,3565,2769,9,0,8,0.7,0.9363,0.833,1.0,3.04,0.65,-0.322,0.705,0,0,0.7767180925666199
VND_ZETA,CABLE_R,2023-05-17,2023-05-17,7311,7311,5,0,8,0.7,0.9566,0.569,1.0,3.15,0.0,0.105,0.83,0,0,1.0
VND_GAMMA,MOTOR_X,2022-10-02,2022-10-02,3080,2697,10,0,14,0.95,0.9011,0.723,1.0,0.49,0.87,-0.256,1.02,0,0,0.8756493506493507
VND_EPSILON,BATTERY_A,2023-11-06,2023-11-07,1942,1920,11,1,10,0.9,0.6863,1.345,0.9509,4.9,3.65,0.183,1.854,0,1,0.9886714727085479
VND_ZETA,CASING_B,2023-09-15,2023-09-16,2037,1985,9,0,7,0.6,0.9482,0.71,0.95,3.04,0.65,-0.322,0.705,0,1,0.9744722631320569
VND_GAMMA,BATTERY_A,2023-01-23,2023-01-23,1141,1134,1,1,10,0.9,0.9503,0.036,1.0,1.85,2.16,0.022,0.306,0,0,0.9938650306748467
VND_EPSILON,BLADE_X,2022-04-09,2022-04-11,6812,6481,4,0,12,0.85,0.7855,1.101,0.9216,3.47,1.86,-0.305,1.806,1,2,0.9514092777451556
VND_EPSILON,SWITCH_S,2021-02-23,2021-02-23,5188,4430,2,0,6,0.65,0.7577,1.343,0.9618,3.97,2.95,-0.443,1.143,0,0,0.853893600616808
VND_ALPHA,BLADE_X,2022-01-05,2022-01-07,2438,2438,1,1,12,0.85,0.8974,1.028,0.9408,3.7,2.96,-0.026,1.609,0,2,1.0
VND_GAMMA,BLADE_X,2022-12-20,2022-12-20,250,217,12,1,12,0.85,0.8891,0.745,0.9711,1.78,3.21,-0.462,0.474,0,0,0.868
VND_BETA,CASING_B,2023-04-01,2023-04-07,770,629,4,0,7,0.6,0.5873,3.525,0.8603,7.67,5.01,-1.0,2.322,1,6,0.8168831168831169
VND_ZETA,CASING_B,2021-03-04,2021-03-04,951,886,3,0,7,0.6,0.9364,0.601,1.0,3.65,1.04,-0.406,0.887,0,0,0.9316508937960042
VND_DELTA,SCREW_M4,2023-05-10,2023-05-19,3916,3539,5,0,5,0.4,0.3602,4.382,0.7542,9.38,7.59,-0.912,3.272,1,9,0.9037282941777324
VND_BETA,CABLE_R,2023-01-28,2023-02-01,2752,2409,1,1,8,0.7,0.5513,2.497,0.8731,8.49,4.94,-0.843,2.646,1,4,0.8753633720930233
VND_EPSILON,CABLE_R,2021-06-23,2021-06-23,7436,6494,6,0,8,0.7,0.7981,1.057,0.8802,5.8,3.45,-0.555,1.904,0,0,0.8733189887036041
VND_BETA,MOTOR_X,2021-11-19,2021-11-22,6380,4800,11,1,14,0.95,0.5131,2.398,0.8862,7.62,7.21,-0.911,3.187,1,3,0.7523510971786834
VND_ZETA,MOTOR_X,2021-06-17,2021-06-17,2429,2362,6,0,14,0.95,0.9374,0.479,0.9556,0.95,0.58,-1.0,0.11,0,0,0.9724166323589954
VND_ZETA,BEARING_01,2023-05-19,2023-05-18,4178,4178,5,0,11,0.8,0.9625,-0.059,1.0,3.15,0.0,0.105,0.83,0,-1,1.0
VND_DELTA,BEARING_01,2022-07-14,2022-07-23,1965,1626,7,0,11,0.8,0.3185,4.414,0.7783,10.0,6.05,-1.0,3.274,1,9,0.8274809160305343
VND_GAMMA,BATTERY_A,2023-05-31,2023-06-01,1108,1108,5,0,10,0.9,0.9408,0.283,0.9441,1.61,2.86,-0.038,0.521,0,1,1.0
VND_ZETA,BLADE_X,2023-09-24,2023-09-25,4516,4382,9,0,12,0.85,0.9499,0.246,0.9926,3.04,0.65,-0.322,0.705,0,1,0.9703277236492471
VND_ALPHA,BLADE_X,2022-03-28,2022-03-28,3437,3246,3,0,12,0.85,0.829,0.852,0.9561,2.73,2.14,-0.359,0.814,0,0,0.9444282804771603
VND_ALPHA,MOTOR_X,2022-02-23,2022-02-25,2669,2669,2,0,14,0.95,0.8003,1.006,0.9574,2.97,1.37,0.254,1.307,0,2,1.0
VND_BETA,SCREW_M4,2022-06-08,2022-06-08,2571,2418,6,0,5,0.4,0.5299,2.905,0.8888,8.51,4.55,-0.832,3.415,0,0,0.94049008168028
VND_ALPHA,CABLE_R,2021-01-16,2021-01-16,4274,3840,1,1,8,0.7,0.7852,1.682,0.951,3.7,2.96,-0.026,1.609,0,0,0.8984557791296209
VND_BETA,SWITCH_S,2021-09-22,2021-09-23,3314,2986,9,0,6,0.65,0.57,2.989,0.8823,7.93,5.56,-0.497,2.593,1,1,0.9010259505129753
VND_EPSILON,SCREW_M4,2022-12-27,2022-12-30,790,790,12,1,5,0.4,0.7573,1.562,0.9814,2.82,4.49,-0.659,1.941,0,3,1.0
VND_ZETA,SWITCH_S,2021-03-28,2021-03-29,3773,3628,3,0,6,0.65,0.9729,1.346,0.9564,3.65,1.04,-0.406,0.887,0,1,0.9615690432016962
VND_DELTA,MOTOR_X,2021-06-09,2021-06-09,7262,6299,6,0,14,0.95,0.4056,5.357,0.7475,10.0,7.21,-1.0,4.359,1,0,0.8673919030570091
VND_EPSILON,CABLE_R,2023-05-30,2023-05-30,4897,4897,5,0,8,0.7,0.8097,1.193,0.9135,5.37,6.65,-0.289,2.054,0,0,1.0
VND_ZETA,SWITCH_S,2023-05-06,2023-05-07,2571,2363,5,0,6,0.65,0.9302,0.717,0.9795,3.15,0.0,0.105,0.83,0,1,0.9190976273823415
VND_DELTA,BATTERY_A,2021-02-12,2021-02-14,2860,2565,2,0,10,0.9,0.3297,4.825,0.7616,10.0,7.1,-1.0,3.739,1,2,0.8968531468531469
VND_EPSILON,CASING_B,2023-08-01,2023-08-01,7015,6858,8,0,7,0.6,0.6884,1.554,0.9349,7.16,0.93,-0.254,0.955,1,0,0.9776193870277976
VND_ALPHA,CABLE_R,2023-06-14,2023-06-14,7118,6449,6,0,8,0.7,0.7766,0.67,1.0,4.67,1.37,-0.2,0.43,0,0,0.9060129249789267
VND_BETA,BATTERY_A,2023-06-12,2023-06-17,5024,4884,6,0,10,0.9,0.5313,2.533,0.9102,8.51,4.55,-0.832,3.415,0,5,0.9721337579617835
VND_EPSILON,SWITCH_S,2021-06-11,2021-06-12,3442,3300,6,0,6,0.65,0.7334,0.612,0.9231,5.8,3.45,-0.555,1.904,0,1,0.9587449157466589
VND_ZETA,BLADE_X,2022-11-27,2022-11-27,2015,1726,11,1,12,0.85,0.9306,0.567,1.0,1.99,2.8,0.448,0.025,0,0,0.856575682382134
VND_BETA,CABLE_R,2021-06-06,2021-06-09,4381,4089,6,0,8,0.7,0.6323,2.348,0.8942,8.51,4.55,-0.832,3.415,1,3,0.933348550559233
VND_EPSILON,BATTERY_A,2023-11-11,2023-11-11,1788,1499,11,1,10,0.9,0.7598,1.545,0.9823,4.9,3.65,0.183,1.854,0,0,0.8383668903803132
VND_GAMMA,CABLE_R,2021-10-30,2021-10-30,2135,1877,10,0,8,0.7,0.9413,0.177,1.0,0.49,0.87,-0.256,1.02,0,0,0.8791569086651054
VND_BETA,BATTERY_A,2022-06-09,2022-06-12,1816,1574,6,0,10,0.9,0.5263,2.505,0.859,8.51,4.55,-0.832,3.415,0,3,0.8667400881057269
VND_EPSILON,CASING_B,2021-11-10,2021-11-13,6427,6427,11,1,7,0.6,0.6666,0.748,0.9861,4.9,3.65,0.183,1.854,1,3,1.0
VND_BETA,BATTERY_A,2023-10-09,2023-10-12,4000,3520,10,0,10,0.9,0.4981,3.206,0.8728,7.34,4.7,-0.665,2.932,1,3,0.88
VND_ZETA,BEARING_01,2022-10-24,2022-10-23,7279,7188,10,0,11,0.8,0.893,0.502,0.9531,2.08,0.04,-0.007,0.366,0,-1,0.9874982827311444
VND_BETA,CABLE_R,2023-06-20,2023-06-21,759,636,6,0,8,0.7,0.4986,2.747,0.8853,8.51,4.55,-0.832,3.415,1,1,0.8379446640316206
VND_DELTA,BEARING_01,2022-09-13,2022-09-16,6723,5147,9,0,11,0.8,0.4848,4.055,0.8139,10.0,8.25,-1.0,4.688,1,3,0.7655808418860628
VND_EPSILON,BLADE_X,2021-04-26,2021-04-29,3083,3083,4,0,12,0.85,0.7353,1.645,0.9402,3.47,1.86,-0.305,1.806,0,3,1.0
VND_GAMMA,BATTERY_A,2023-08-04,2023-08-05,3902,3648,8,0,10,0.9,0.8972,0.219,0.966,2.14,2.59,-0.277,0.173,0,1,0.9349051768323936
VND_ALPHA,MOTOR_X,2023-01-26,2023-01-27,7013,6562,1,1,14,0.95,0.8576,1.198,0.9613,3.7,2.96,-0.026,1.609,0,1,0.935690859831741
VND_ALPHA,BLADE_X,2021-07-04,2021-07-04,5238,5125,7,0,12,0.85,0.868,0.803,0.9037,2.66,1.71,-0.565,1.15,0,0,0.9784268804887362
VND_DELTA,SWITCH_S,2021-03-26,2021-04-01,3884,2561,3,0,6,0.65,0.3212,4.425,0.7515,9.67,7.03,-1.0,3.314,1,6,0.6593717816683831
VND_GAMMA,SCREW_M4,2023-09-02,2023-09-03,4307,4307,9,0,5,0.4,0.9761,-0.155,0.984,1.65,0.0,-0.445,0.427,0,1,1.0
VND_ALPHA,CASING_B,2023-07-12,2023-07-12,1047,1029,7,0,7,0.6,0.8805,1.559,0.9724,2.66,1.71,-0.565,1.15,0,0,0.9828080229226361
VND_ZETA,CABLE_R,2021-06-22,2021-06-22,4333,4333,6,0,8,0.7,0.9464,0.056,1.0,0.95,0.58,-1.0,0.11,0,0,1.0
VND_ALPHA,CASING_B,2022-05-23,2022-05-25,5996,5835,5,0,7,0.6,0.8153,1.142,0.9665,2.19,1.91,-0.492,0.435,0,2,0.973148765843896
VND_DELTA,BEARING_01,2023-12-10,2023-12-21,4482,3873,12,1,11,0.8,0.3876,4.877,0.739,9.5,6.79,-1.0,3.943,1,11,0.8641231593038822
VND_GAMMA,CASING_B,2023-02-03,2023-02-03,7719,6970,2,0,7,0.6,0.9873,0.048,0.9598,0.13,0.0,-0.083,0.079,0,0,0.9029667055318047
VND_DELTA,BLADE_X,2023-04-18,2023-04-21,6544,4229,4,0,12,0.85,0.3806,4.861,0.7428,10.0,7.27,-1.0,3.863,1,3,0.6462408312958435
VND_ZETA,CABLE_R,2021-04-18,2021-04-20,6665,6665,4,0,8,0.7,0.9539,0.771,0.947,4.0,1.67,-0.484,0.326,0,2,1.0
VND_ALPHA,CABLE_R,2022-11-07,2022-11-08,974,974,11,1,8,0.7,0.773,0.642,0.9779,3.94,3.27,-0.255,0.88,0,1,1.0
VND_GAMMA,SWITCH_S,2022-06-01,2022-06-01,6128,5243,6,0,6,0.65,0.9747,0.718,1.0,1.52,0.0,0.363,0.701,0,0,0.8555809399477807
VND_GAMMA,CASING_B,2021-06-16,2021-06-16,4973,4973,6,0,7,0.6,0.9604,0.084,0.9597,1.52,0.0,0.363,0.701,0,0,1.0
VND_GAMMA,CASING_B,2022-09-28,2022-09-26,5574,5355,9,0,7,0.6,0.9697,0.085,0.992,1.65,0.0,-0.445,0.427,0,-2,0.9607104413347686
VND_BETA,SWITCH_S,2021-06-23,2021-06-27,2736,2334,6,0,6,0.65,0.5368,3.093,0.8901,8.51,4.55,-0.832,3.415,1,4,0.8530701754385965
VND_ZETA,SWITCH_S,2022-11-04,2022-11-04,6861,6296,11,1,6,0.65,0.935,0.865,0.9557,1.99,2.8,0.448,0.025,0,0,0.9176504882670165
VND_ZETA,CASING_B,2023-12-15,2023-12-15,965,924,12,1,7,0.6,0.9284,0.346,0.99,4.01,0.19,-0.074,0.755,0,0,0.9575129533678757
VND_EPSILON,SWITCH_S,2023-01-12,2023-01-16,349,287,1,1,6,0.65,0.7577,2.034,0.9489,5.06,3.05,-0.408,1.754,0,4,0.8223495702005731
VND_GAMMA,CABLE_R,2022-01-05,2022-01-05,7991,7991,1,1,8,0.7,1.0,0.709,0.9975,1.85,2.16,0.022,0.306,0,0,1.0
VND_GAMMA,SCREW_M4,2023-09-23,2023-09-24,1772,1772,9,0,5,0.4,0.9303,-0.242,0.9734,1.65,0.0,-0.445,0.427,0,1,1.0
VND_BETA,SCREW_M4,2021-11-14,2021-11-18,832,578,11,1,5,0.4,0.575,3.154,0.8622,7.62,7.21,-0.911,3.187,1,4,0.6947115384615384
VND_ALPHA,BLADE_X,2023-11-06,2023-11-07,6515,6515,11,1,12,0.85,0.8668,1.223,0.9552,3.94,3.27,-0.255,0.88,0,1,1.0
VND_ZETA,MOTOR_X,2022-11-21,2022-11-24,7379,7233,11,1,14,0.95,0.9705,0.937,0.9577,1.99,2.8,0.448,0.025,0,3,0.980214121154628
VND_EPSILON,CASING_B,2023-02-11,2023-02-11,1463,1205,2,0,7,0.6,0.7449,1.341,0.9846,3.97,2.95,-0.443,1.143,1,0,0.82365003417635
VND_BETA,CASING_B,2021-12-06,2021-12-08,6107,5558,12,1,7,0.6,0.6122,3.142,0.8924,7.45,6.37,-1.0,2.215,0,2,0.9101031603078434
VND_ALPHA,BEARING_01,2023-04-22,2023-04-23,3184,2781,4,0,11,0.8,0.9425,0.559,0.9506,3.44,0.0,-0.737,0.775,0,1,0.8734296482412061
VND_DELTA,SCREW_M4,2022-08-07,2022-08-12,6363,4785,8,0,5,0.4,0.4502,5.129,0.756,10.0,7.14,-1.0,3.931,1,5,0.752003771805752
VND_BETA,BEARING_01,2023-12-30,2024-01-02,2159,1746,12,1,11,0.8,0.544,3.173,0.8878,7.45,6.37,-1.0,2.215,0,3,0.8087077350625289
VND_DELTA,BLADE_X,2022-02-02,2022-02-02,3213,2650,2,0,12,0.85,0.4052,4.178,0.7969,10.0,7.1,-1.0,3.739,0,0,0.8247743541861189
VND_DELTA,BEARING_01,2022-08-01,2022-08-03,6574,5228,8,0,11,0.8,0.383,4.977,0.7664,10.0,7.14,-1.0,3.931,1,2,0.7952540310313355
VND_EPSILON,SWITCH_S,2023-12-17,2023-12-17,3629,3312,12,1,6,0.65,0.7218,1.201,0.9247,2.82,4.49,-0.659,1.941,0,0,0.912648112427666
VND_BETA,CASING_B,2021-10-11,2021-10-10,7351,5367,10,0,7,0.6,0.5315,2.555,0.9116,7.34,4.7,-0.665,2.932,1,-1,0.7301047476533805
VND_ALPHA,BLADE_X,2023-09-12,2023-09-12,7360,6837,9,0,12,0.85,0.7892,0.482,0.9463,3.19,0.54,0.027,0.512,0,0,0.9289402173913044
VND_EPSILON,CABLE_R,2021-07-30,2021-07-31,6027,5403,7,0,8,0.7,0.7433,1.852,0.9186,4.08,2.56,-0.606,1.633,0,1,0.8964659034345446
VND_GAMMA,BATTERY_A,2021-06-21,2021-06-21,6451,5904,6,0,10,0.9,0.9729,-0.414,0.9792,1.52,0.0,0.363,0.701,0,0,0.9152069446597427
VND_GAMMA,CASING_B,2023-07-10,2023-07-10,7616,6758,7,0,7,0.6,0.9507,-0.271,1.0,2.34,0.0,0.441,0.0,0,0,0.8873424369747899
VND_DELTA,CASING_B,2021-07-07,2021-07-11,7953,5540,7,0,7,0.6,0.4166,4.28,0.7665,10.0,6.05,-1.0,3.274,1,4,0.6965924808248459
VND_DELTA,SCREW_M4,2022-12-17,2022-12-20,7822,6395,12,1,5,0.4,0.4456,4.952,0.7905,9.5,6.79,-1.0,3.943,1,3,0.8175658399386346
VND_DELTA,MOTOR_X,2021-04-20,2021-04-25,3447,2069,4,0,14,0.95,0.3688,4.838,0.7685,10.0,7.27,-1.0,3.863,1,5,0.6002320858717726
VND_BETA,CABLE_R,2023-03-02,2023-03-02,868,509,3,0,8,0.7,0.4912,2.63,0.9111,7.31,4.89,-0.841,3.19,0,0,0.586405529953917
VND_BETA,CABLE_R,2021-02-27,2021-02-26,2810,2244,2,0,8,0.7,0.6125,2.69,0.8727,7.47,5.81,-0.631,3.173,0,-1,0.798576512455516
VND_ZETA,BATTERY_A,2022-11-18,2022-11-18,6682,6682,11,1,10,0.9,0.8798,0.26,1.0,1.99,2.8,0.448,0.025,0,0,1.0
VND_BETA,CASING_B,2021-03-20,2021-03-23,2550,1903,3,0,7,0.6,0.6091,2.333,0.8865,7.31,4.89,-0.841,3.19,1,3,0.7462745098039215
VND_ZETA,BEARING_01,2021-10-12,2021-10-11,6416,5774,10,0,11,0.8,0.9014,0.577,0.9671,2.08,0.04,-0.007,0.366,0,-1,0.8999376558603491
VND_DELTA,BEARING_01,2021-01-11,2021-01-12,7620,6015,1,1,11,0.8,0.4287,4.295,0.7485,10.0,9.08,-1.0,3.072,1,1,0.7893700787401575
VND_ALPHA,BATTERY_A,2022-06-09,2022-06-09,1966,1956,6,0,10,0.9,0.8387,1.208,0.9307,4.67,1.37,-0.2,0.43,0,0,0.9949135300101729
VND_EPSILON,CASING_B,2023-12-17,2023-12-19,3667,3310,12,1,7,0.6,0.6965,1.145,0.946,2.82,4.49,-0.659,1.941,1,2,0.902645214071448
VND_GAMMA,BATTERY_A,2022-05-02,2022-05-03,2667,2607,5,0,10,0.9,0.9026,0.014,0.9821,1.61,2.86,-0.038,0.521,0,1,0.9775028121484814
VND_ALPHA,BATTERY_A,2022-05-04,2022-05-04,3639,3279,5,0,10,0.9,0.8317,0.925,0.8929,2.19,1.91,-0.492,0.435,0,0,0.9010717230008244
VND_ALPHA,BEARING_01,2021-08-16,2021-08-14,7054,6744,8,0,11,0.8,0.7714,1.776,0.918,2.6,1.31,-0.401,1.741,1,-2,0.9560533030904451
VND_EPSILON,BEARING_01,2021-02-03,2021-02-03,5376,5376,2,0,11,0.8,0.7146,1.653,0.9342,3.97,2.95,-0.443,1.143,0,0,1.0
VND_ZETA,SCREW_M4,2021-10-22,2021-10-20,2586,2539,10,0,5,0.4,0.9655,0.14,0.9801,2.08,0.04,-0.007,0.366,0,-2,0.9818252126836814
VND_ALPHA,SWITCH_S,2022-12-24,2022-12-22,2170,2170,12,1,6,0.65,0.8085,1.115,0.9586,1.72,2.38,-0.358,1.423,0,-2,1.0
VND_BETA,SWITCH_S,2021-06-25,2021-06-26,4488,4047,6,0,6,0.65,0.5143,2.474,0.8636,8.51,4.55,-0.832,3.415,1,1,0.9017379679144385
VND_ALPHA,CABLE_R,2023-12-14,2023-12-14,4657,4657,12,1,8,0.7,0.7986,1.143,0.9381,1.72,2.38,-0.358,1.423,0,0,1.0
VND_DELTA,MOTOR_X,2023-08-21,2023-08-28,556,464,8,0,14,0.95,0.3846,4.244,0.765,10.0,7.14,-1.0,3.931,1,7,0.8345323741007195
VND_GAMMA,SWITCH_S,2022-06-04,2022-06-04,6322,6322,6,0,6,0.65,0.9212,0.598,0.9842,1.52,0.0,0.363,0.701,1,0,1.0
VND_GAMMA,MOTOR_X,2021-05-19,2021-05-19,3024,3024,5,0,14,0.95,0.9578,0.578,0.9461,1.61,2.86,-0.038,0.521,0,0,1.0
VND_ZETA,SCREW_M4,2021-08-01,2021-08-02,6520,6128,8,0,5,0.4,0.8944,0.782,1.0,1.44,0.77,0.404,0.0,1,1,0.939877300613497
VND_BETA,CABLE_R,2021-04-01,2021-04-07,3086,2420,4,0,8,0.7,0.4988,2.757,0.856,7.67,5.01,-1.0,2.322,1,6,0.7841866493843163
VND_ZETA,CABLE_R,2021-12-25,2021-12-26,7002,6574,12,1,8,0.7,0.9556,0.324,0.9897,4.01,0.19,-0.074,0.755,0,1,0.93887460725507
VND_ZETA,BEARING_01,2023-09-08,2023-09-07,5375,5241,9,0,11,0.8,0.9494,-0.26,0.9803,3.04,0.65,-0.322,0.705,0,-1,0.9750697674418605
VND_BETA,CASING_B,2021-05-10,2021-05-15,6065,5752,5,0,7,0.6,0.5687,3.408,0.8515,8.96,6.56,-0.962,3.201,1,5,0.9483924154987634
VND_ALPHA,BEARING_01,2022-08-24,2022-08-28,1851,1732,8,0,11,0.8,0.8438,0.558,0.9877,2.6,1.31,-0.401,1.741,0,4,0.9357104267963263
VND_BETA,MOTOR_X,2021-03-27,2021-03-28,2785,2191,3,0,14,0.95,0.5989,2.696,0.8906,7.31,4.89,-0.841,3.19,1,1,0.7867145421903052
VND_EPSILON,BLADE_X,2023-03-27,2023-03-27,6879,6359,3,0,12,0.85,0.656,1.812,0.8813,5.21,3.36,-0.135,2.022,0,0,0.924407617386248
VND_GAMMA,BEARING_01,2021-03-16,2021-03-17,6370,6365,3,0,11,0.8,1.0,-0.039,1.0,1.39,0.8,0.586,0.47,0,1,0.9992150706436421
VND_GAMMA,SCREW_M4,2023-01-02,2023-01-02,7262,7262,1,1,5,0.4,0.9824,0.213,1.0,1.85,2.16,0.022,0.306,0,0,1.0
VND_ZETA,MOTOR_X,2022-11-11,2022-11-11,2438,2409,11,1,14,0.95,0.8848,1.365,1.0,1.99,2.8,0.448,0.025,0,0,0.9881050041017228
VND_GAMMA,BATTERY_A,2023-06-14,2023-06-15,7486,7486,6,0,10,0.9,1.0,-0.398,1.0,1.52,0.0,0.363,0.701,0,1,1.0
VND_ZETA,SWITCH_S,2023-06-20,2023-06-18,7528,6807,6,0,6,0.65,0.9135,1.155,0.9967,0.95,0.58,-1.0,0.11,0,-2,0.9042242295430393
VND_GAMMA,SWITCH_S,2022-01-18,2022-01-17,4264,3521,1,1,6,0.65,0.9911,0.472,1.0,1.85,2.16,0.022,0.306,0,-1,0.825750469043152
VND_GAMMA,BEARING_01,2023-11-30,2023-11-29,2384,2067,11,1,11,0.8,0.9267,0.715,0.9444,0.77,1.58,0.264,0.0,0,-1,0.8670302013422819
VND_ZETA,BATTERY_A,2023-05-20,2023-05-18,846,787,5,0,10,0.9,0.8779,0.594,0.9938,3.15,0.0,0.105,0.83,0,-2,0.9302600472813238
VND_EPSILON,SWITCH_S,2022-01-05,2022-01-04,4668,4181,1,1,6,0.65,0.7376,1.68,0.9147,5.06,3.05,-0.408,1.754,0,-1,0.8956726649528706
VND_GAMMA,BLADE_X,2021-07-30,2021-07-30,855,760,7,0,12,0.85,0.9375,0.364,0.9916,2.34,0.0,0.441,0.0,0,0,0.8888888888888888
VND_ZETA,CABLE_R,2022-08-29,2022-08-29,2710,2696,8,0,8,0.7,0.8915,0.317,0.9983,1.44,0.77,0.404,0.0,0,0,0.9948339483394834
VND_EPSILON,BEARING_01,2023-05-23,2023-05-24,1565,1425,5,0,11,0.8,0.7048,0.626,0.9643,5.37,6.65,-0.289,2.054,1,1,0.9105431309904153
VND_GAMMA,BEARING_01,2023-07-05,2023-07-05,546,546,7,0,11,0.8,0.8951,0.016,0.9813,2.34,0.0,0.441,0.0,0,0,1.0
VND_EPSILON,CABLE_R,2023-06-10,2023-06-10,2449,2449,6,0,8,0.7,0.7815,1.434,0.9096,5.8,3.45,-0.555,1.904,0,0,1.0
VND_ALPHA,MOTOR_X,2023-04-12,2023-04-13,3176,2955,4,0,14,0.95,0.8163,0.788,0.9146,3.44,0.0,-0.737,0.775,0,1,0.9304156171284634
VND_ALPHA,CASING_B,2021-10-20,2021-10-21,7152,7088,10,0,7,0.6,0.8098,1.548,1.0,3.41,0.0,-0.618,1.079,0,1,0.9910514541387024
VND_ALPHA,BEARING_01,2021-09-16,2021-09-17,750,750,9,0,11,0.8,0.7907,1.727,0.9833,3.19,0.54,0.027,0.512,0,1,1.0
VND_ZETA,SCREW_M4,2023-01-21,2023-01-22,3166,3144,1,1,5,0.4,0.9802,0.307,1.0,1.09,2.03,0.123,0.866,0,1,0.9930511686670878
VND_EPSILON,SWITCH_S,2021-03-08,2021-03-09,5156,4935,3,0,6,0.65,0.7277,1.988,0.8715,5.21,3.36,-0.135,2.022,0,1,0.9571373157486424
VND_ZETA,CASING_B,2023-07-11,2023-07-11,7972,7654,7,0,7,0.6,0.9266,1.003,0.9592,1.63,0.0,0.462,0.0,0,0,0.9601103863522328
VND_GAMMA,CABLE_R,2023-06-29,2023-06-30,6451,6451,6,0,8,0.7,0.9448,0.532,0.9688,1.52,0.0,0.363,0.701,1,1,1.0
VND_EPSILON,BATTERY_A,2021-10-09,2021-10-12,4537,4248,10,0,10,0.9,0.7165,2.013,0.9626,4.13,3.48,-0.679,1.687,0,3,0.9363015208287414
VND_DELTA,CABLE_R,2022-10-06,2022-10-06,5521,4529,10,0,8,0.7,0.398,3.752,0.7351,10.0,5.94,-1.0,3.793,1,0,0.8203224053613476
VND_BETA,BLADE_X,2021-08-21,2021-08-23,412,412,8,0,12,0.85,0.531,2.464,0.8733,8.24,4.9,-0.912,2.005,1,2,1.0
VND_DELTA,CASING_B,2023-11-27,2023-12-06,3370,3085,11,1,7,0.6,0.3607,4.255,0.7847,10.0,9.01,-1.0,3.571,1,9,0.9154302670623146
VND_GAMMA,BATTERY_A,2022-06-18,2022-06-18,5967,5595,6,0,10,0.9,0.9458,0.333,0.9744,1.52,0.0,0.363,0.701,0,0,0.9376571141277024
VND_BETA,BEARING_01,2022-08-08,2022-08-10,5885,4965,8,0,11,0.8,0.5464,2.785,0.8281,8.24,4.9,-0.912,2.005,0,2,0.8436703483432455
VND_BETA,BEARING_01,2021-09-09,2021-09-15,1311,953,9,0,11,0.8,0.5636,2.392,0.908,7.93,5.56,-0.497,2.593,0,6,0.7269260106788711
VND_DELTA,BATTERY_A,2021-12-20,2021-12-28,7561,4406,12,1,10,0.9,0.376,4.259,0.783,9.5,6.79,-1.0,3.943,1,8,0.5827271524930565
VND_ALPHA,BEARING_01,2022-10-17,2022-10-18,5670,5670,10,0,11,0.8,0.7981,0.206,0.9417,3.41,0.0,-0.618,1.079,1,1,1.0
VND_ZETA,CABLE_R,2021-05-13,2021-05-11,4705,4455,5,0,8,0.7,0.8885,-0.253,0.9429,3.15,0.0,0.105,0.83,0,-2,0.946865037194474
VND_GAMMA,BLADE_X,2021-11-19,2021-11-19,6031,6031,11,1,12,0.85,0.9786,0.231,0.9849,0.77,1.58,0.264,0.0,0,0,1.0
VND_GAMMA,CASING_B,2023-11-08,2023-11-08,2036,1701,11,1,7,0.6,0.9344,0.363,0.9871,0.77,1.58,0.264,0.0,0,0,0.8354616895874263
VND_BETA,BATTERY_A,2021-10-12,2021-10-13,2139,1981,10,0,10,0.9,0.5045,3.009,0.8702,7.34,4.7,-0.665,2.932,0,1,0.9261337073398784
VND_ALPHA,BEARING_01,2023-01-10,2023-01-10,4738,4234,1,1,11,0.8,0.7613,0.799,0.9893,3.7,2.96,-0.026,1.609,0,0,0.8936260025327142
VND_DELTA,CABLE_R,2021-09-23,2021-09-29,5213,3841,9,0,8,0.7,0.4273,4.693,0.7491,10.0,8.25,-1.0,4.688,1,6,0.7368118166123153
VND_ALPHA,BATTERY_A,2022-09-26,2022-09-25,3461,3461,9,0,10,0.9,0.8557,1.732,0.9477,3.19,0.54,0.027,0.512,0,-1,1.0
VND_EPSILON,BEARING_01,2023-04-22,2023-04-24,6500,5293,4,0,11,0.8,0.8007,0.766,0.9065,3.47,1.86,-0.305,1.806,0,2,0.8143076923076923
VND_EPSILON,SWITCH_S,2021-06-01,2021-06-01,1226,1187,6,0,6,0.65,0.7374,1.67,0.9367,5.8,3.45,-0.555,1.904,1,0,0.968189233278956
VND_ZETA,CABLE_R,2021-06-01,2021-06-03,3886,3886,6,0,8,0.7,0.901,0.635,0.9681,0.95,0.58,-1.0,0.11,0,2,1.0
VND_ZETA,BEARING_01,2023-11-26,2023-11-27,3022,3022,11,1,11,0.8,0.9773,-0.071,1.0,1.99,2.8,0.448,0.025,0,1,1.0
VND_EPSILON,CASING_B,2022-01-08,2022-01-12,6489,5052,1,1,7,0.6,0.8031,1.867,0.907,5.06,3.05,-0.408,1.754,0,4,0.778548312528895
VND_DELTA,CASING_B,2023-10-27,2023-10-27,7660,6408,10,0,7,0.6,0.4348,4.778,0.7785,10.0,5.94,-1.0,3.793,1,0,0.8365535248041776
VND_ALPHA,MOTOR_X,2023-11-28,2023-11-28,1453,1358,11,1,14,0.95,0.7354,0.916,0.976,3.94,3.27,-0.255,0.88,0,0,0.9346180316586373
VND_BETA,BLADE_X,2021-11-28,2021-11-28,2843,2843,11,1,12,0.85,0.4988,2.876,0.9102,7.62,7.21,-0.911,3.187,0,0,1.0
VND_GAMMA,SCREW_M4,2023-11-29,2023-11-28,7531,7531,11,1,5,0.4,1.0,-0.009,0.99,0.77,1.58,0.264,0.0,0,-1,1.0
VND_ALPHA,BLADE_X,2022-05-29,2022-05-27,1808,1808,5,0,12,0.85,0.8131,1.309,0.9732,2.19,1.91,-0.492,0.435,0,-2,1.0
VND_BETA,BLADE_X,2022-09-13,2022-09-13,5233,5233,9,0,12,0.85,0.5598,2.845,0.8846,7.93,5.56,-0.497,2.593,0,0,1.0
VND_EPSILON,BATTERY_A,2021-12-12,2021-12-14,5048,4760,12,1,10,0.9,0.6948,1.215,0.9656,2.82,4.49,-0.659,1.941,1,2,0.9429477020602218
VND_BETA,CASING_B,2022-11-23,2022-11-30,7102,6977,11,1,7,0.6,0.5002,2.012,0.9013,7.62,7.21,-0.911,3.187,1,7,0.9823993241340467
VND_ALPHA,MOTOR_X,2021-06-16,2021-06-17,572,572,6,0,14,0.95,0.8114,0.651,0.9864,4.67,1.37,-0.2,0.43,0,1,1.0
VND_ZETA,BLADE_X,2022-03-08,2022-03-09,6482,5612,3,0,12,0.85,0.8997,0.41,0.971,3.65,1.04,-0.406,0.887,0,1,0.8657821659981487
VND_EPSILON,SWITCH_S,2021-03-04,2021-03-05,4279,4188,3,0,6,0.65,0.6955,1.512,0.8654,5.21,3.36,-0.135,2.022,0,1,0.9787333489132976
VND_ZETA,BLADE_X,2022-09-11,2022-09-12,4156,3564,9,0,12,0.85,0.9062,0.287,0.9614,3.04,0.65,-0.322,0.705,0,1,0.8575553416746872
VND_ZETA,SCREW_M4,2023-04-12,2023-04-14,2636,2006,4,0,5,0.4,0.9811,0.535,0.9438,4.0,1.67,-0.484,0.326,0,2,0.7610015174506829
VND_ALPHA,BEARING_01,2021-05-03,2021-05-03,1494,1494,5,0,11,0.8,0.8657,0.683,0.948,2.19,1.91,-0.492,0.435,0,0,1.0
VND_DELTA,BEARING_01,2023-09-19,2023-09-24,4004,2721,9,0,11,0.8,0.424,4.925,0.786,10.0,8.25,-1.0,4.688,1,5,0.6795704295704296
VND_GAMMA,SCREW_M4,2021-10-22,2021-10-22,2760,2760,10,0,5,0.4,1.0,0.116,0.9379,0.49,0.87,-0.256,1.02,0,0,1.0
VND_ZETA,CABLE_R,2022-12-09,2022-12-09,3466,3466,12,1,8,0.7,0.9278,0.007,1.0,4.01,0.19,-0.074,0.755,0,0,1.0
VND_GAMMA,CASING_B,2023-11-21,2023-11-24,4801,4801,11,1,7,0.6,1.0,0.563,0.9519,0.77,1.58,0.264,0.0,0,3,1.0
VND_GAMMA,BATTERY_A,2022-05-11,2022-05-11,4021,3772,5,0,10,0.9,0.9063,0.634,1.0,1.61,2.86,-0.038,0.521,0,0,0.9380751056951008
VND_GAMMA,BATTERY_A,2023-07-10,2023-07-09,2230,2230,7,0,10,0.9,1.0,-0.021,1.0,2.34,0.0,0.441,0.0,0,-1,1.0
VND_ALPHA,CASING_B,2021-04-14,2021-04-13,2577,2440,4,0,7,0.6,0.8401,1.719,0.9812,3.44,0.0,-0.737,0.775,0,-1,0.946837407838572
VND_EPSILON,SWITCH_S,2023-05-07,2023-05-08,2233,2003,5,0,6,0.65,0.7238,1.806,0.9603,5.37,6.65,-0.289,2.054,0,1,0.8969995521719659
VND_GAMMA,CASING_B,2022-10-03,2022-10-03,1755,1755,10,0,7,0.6,0.9386,0.936,1.0,0.49,0.87,-0.256,1.02,0,0,1.0
VND_DELTA,CASING_B,2023-11-21,2023-11-26,4024,3175,11,1,7,0.6,0.3408,4.465,0.7801,10.0,9.01,-1.0,3.571,1,5,0.7890159045725647
VND_GAMMA,BEARING_01,2023-10-16,2023-10-16,389,312,10,0,11,0.8,0.9683,-0.092,0.9554,0.49,0.87,-0.256,1.02,0,0,0.8020565552699229
VND_DELTA,BATTERY_A,2023-11-02,2023-11-02,3945,2963,11,1,10,0.9,0.4184,5.133,0.7365,10.0,9.01,-1.0,3.571,1,0,0.7510773130544993
VND_BETA,SCREW_M4,2022-12-24,2022-12-26,598,535,12,1,5,0.4,0.566,2.852,0.8777,7.45,6.37,-1.0,2.215,1,2,0.8946488294314381
VND_GAMMA,MOTOR_X,2023-10-11,2023-10-10,5094,4237,10,0,14,0.95,1.0,-0.033,0.9792,0.49,0.87,-0.256,1.02,0,-1,0.831762858264625
VND_GAMMA,BEARING_01,2021-01-17,2021-01-17,7140,6611,1,1,11,0.8,1.0,0.776,0.9964,1.85,2.16,0.022,0.306,0,0,0.9259103641456583
VND_DELTA,BATTERY_A,2021-10-02,2021-10-10,7429,5841,10,0,10,0.9,0.4356,4.55,0.7462,10.0,5.94,-1.0,3.793,0,8,0.7862431013595369
VND_ZETA,BLADE_X,2023-01-20,2023-01-19,6457,5871,1,1,12,0.85,0.927,0.37,1.0,1.09,2.03,0.123,0.866,0,-1,0.9092457797738888
VND_GAMMA,SWITCH_S,2021-04-03,2021-04-02,3481,3481,4,0,6,0.65,0.9627,0.282,0.9651,1.81,0.33,-0.556,0.389,0,-1,1.0
VND_EPSILON,MOTOR_X,2022-02-03,2022-02-05,3169,3106,2,0,14,0.95,0.7378,1.46,0.9431,3.97,2.95,-0.443,1.143,0,2,0.9801199116440518
VND_ALPHA,BLADE_X,2023-03-03,2023-03-01,4330,4227,3,0,12,0.85,0.8389,1.552,0.9575,2.73,2.14,-0.359,0.814,1,-2,0.9762124711316397
VND_EPSILON,BEARING_01,2022-07-27,2022-07-27,6960,6225,7,0,11,0.8,0.8097,1.167,0.9135,4.08,2.56,-0.606,1.633,0,0,0.8943965517241379
VND_BETA,BATTERY_A,2021-07-18,2021-07-20,3426,2944,7,0,10,0.9,0.5823,2.683,0.8365,8.11,6.76,-1.0,3.129,1,2,0.8593111500291886
VND_GAMMA,CABLE_R,2023-01-19,2023-01-19,6384,6384,1,1,8,0.7,0.879,0.726,0.9976,1.85,2.16,0.022,0.306,0,0,1.0
VND_BETA,CASING_B,2023-11-09,2023-11-16,3488,3450,11,1,7,0.6,0.5729,2.191,0.9324,7.62,7.21,-0.911,3.187,0,7,0.989105504587156
VND_ALPHA,MOTOR_X,2021-03-21,2021-03-26,1322,1322,3,0,14,0.95,0.8429,0.489,0.9214,2.73,2.14,-0.359,0.814,0,5,1.0
VND_DELTA,CABLE_R,2023-11-30,2023-12-06,3943,3522,11,1,8,0.7,0.4022,3.882,0.774,10.0,9.01,-1.0,3.571,1,6,0.893228506213543
VND_EPSILON,CASING_B,2023-11-22,2023-11-23,1345,1155,11,1,7,0.6,0.7145,1.335,0.9157,4.9,3.65,0.183,1.854,0,1,0.8587360594795539
VND_EPSILON,CABLE_R,2022-10-15,2022-10-14,1531,1462,10,0,8,0.7,0.6301,0.549,0.9198,4.13,3.48,-0.679,1.687,1,-1,0.9549314173742652
VND_EPSILON,SWITCH_S,2022-09-05,2022-09-06,5063,4186,9,0,6,0.65,0.7978,2.259,0.9347,4.38,3.89,-0.441,1.169,1,1,0.8267825399960498
VND_EPSILON,CABLE_R,2023-11-10,2023-11-13,4560,4560,11,1,8,0.7,0.7539,1.305,0.9546,4.9,3.65,0.183,1.854,0,3,1.0
VND_ZETA,BEARING_01,2022-09-06,2022-09-06,4090,3979,9,0,11,0.8,0.9321,-0.024,0.9585,3.04,0.65,-0.322,0.705,1,0,0.9728606356968215
VND_GAMMA,MOTOR_X,2022-11-10,2022-11-09,5719,5719,11,1,14,0.95,0.9552,0.166,0.9596,0.77,1.58,0.264,0.0,0,-1,1.0
VND_DELTA,BATTERY_A,2022-09-23,2022-10-01,6727,6000,9,0,10,0.9,0.3679,3.459,0.7592,10.0,8.25,-1.0,4.688,1,8,0.8919280511372083
VND_EPSILON,MOTOR_X,2023-08-30,2023-08-31,2375,2231,8,0,14,0.95,0.7503,1.134,0.964,7.16,0.93,-0.254,0.955,0,1,0.9393684210526316
VND_ZETA,SCREW_M4,2021-04-16,2021-04-16,4980,4786,4,0,5,0.4,0.9498,0.186,0.9953,4.0,1.67,-0.484,0.326,0,0,0.9610441767068273
VND_BETA,BEARING_01,2023-12-10,2023-12-18,5352,4287,12,1,11,0.8,0.4975,3.001,0.8696,7.45,6.37,-1.0,2.215,1,8,0.8010089686098655
VND_BETA,SWITCH_S,2022-05-12,2022-05-13,458,347,5,0,6,0.65,0.5629,2.776,0.895,8.96,6.56,-0.962,3.201,1,1,0.75764192139738
VND_BETA,BATTERY_A,2021-02-08,2021-02-09,3812,3168,2,0,10,0.9,0.614,3.28,0.8885,7.47,5.81,-0.631,3.173,0,1,0.8310598111227702
VND_DELTA,CABLE_R,2021-11-07,2021-11-10,3582,2891,11,1,8,0.7,0.4312,3.613,0.7851,10.0,9.01,-1.0,3.571,1,3,0.8070910106085986
VND_DELTA,SCREW_M4,2023-10-25,2023-10-23,6548,5271,10,0,5,0.4,0.3469,4.1,0.7615,10.0,5.94,-1.0,3.793,1,-2,0.8049786194257789
VND_ZETA,BEARING_01,2021-05-08,2021-05-08,5981,5243,5,0,11,0.8,0.9221,1.227,0.925,3.15,0.0,0.105,0.83,0,0,0.8766092626651062
VND_EPSILON,CASING_B,2022-03-01,2022-03-01,4794,3960,3,0,7,0.6,0.7405,2.528,0.8893,5.21,3.36,-0.135,2.022,0,0,0.8260325406758448
VND_ZETA,CABLE_R,2023-09-07,2023-09-08,4504,4091,9,0,8,0.7,0.928,0.336,0.9899,3.04,0.65,-0.322,0.705,0,1,0.908303730017762
VND_GAMMA,SWITCH_S,2021-12-21,2021-12-23,3965,3965,12,1,6,0.65,1.0,0.563,1.0,1.78,3.21,-0.462,0.474,0,2,1.0
VND_EPSILON,CABLE_R,2022-12-27,2022-12-27,5736,5316,12,1,8,0.7,0.7087,0.873,0.9404,2.82,4.49,-0.659,1.941,0,0,0.9267782426778243
VND_EPSILON,BLADE_X,2023-09-19,2023-09-25,1775,1650,9,0,12,0.85,0.7209,1.898,0.9028,4.38,3.89,-0.441,1.169,0,6,0.9295774647887324
VND_GAMMA,SCREW_M4,2022-09-04,2022-09-05,2042,2042,9,0,5,0.4,0.9455,-0.22,0.997,1.65,0.0,-0.445,0.427,0,1,1.0
VND_GAMMA,BLADE_X,2022-03-01,2022-03-01,5854,5854,3,0,12,0.85,0.8496,0.285,0.9915,1.39,0.8,0.586,0.47,0,0,1.0
VND_GAMMA,BEARING_01,2023-09-10,2023-09-10,3057,3057,9,0,11,0.8,0.959,0.662,0.9811,1.65,0.0,-0.445,0.427,0,0,1.0
VND_GAMMA,BLADE_X,2021-09-07,2021-09-08,4897,4897,9,0,12,0.85,0.9831,0.071,0.9663,1.65,0.0,-0.445,0.427,0,1,1.0
VND_DELTA,SWITCH_S,2022-12-08,2022-12-10,6532,4416,12,1,6,0.65,0.465,5.033,0.8276,9.5,6.79,-1.0,3.943,1,2,0.676056338028169
VND_GAMMA,CASING_B,2021-03-28,2021-03-27,2556,2195,3,0,7,0.6,0.9538,0.012,0.9431,1.39,0.8,0.586,0.47,0,-1,0.8587636932707355
VND_GAMMA,BATTERY_A,2023-06-25,2023-06-26,5573,5573,6,0,10,0.9,1.0,-0.292,1.0,1.52,0.0,0.363,0.701,0,1,1.0
VND_ZETA,BLADE_X,2023-09-09,2023-09-11,1952,1952,9,0,12,0.85,0.9154,0.289,0.9935,3.04,0.65,-0.322,0.705,0,2,1.0
VND_EPSILON,SCREW_M4,2022-07-10,2022-07-15,7843,7294,7,0,5,0.4,0.7613,1.184,0.9066,4.08,2.56,-0.606,1.633,0,5,0.9300012750223129
VND_BETA,BLADE_X,2021-08-12,2021-08-17,5243,4872,8,0,12,0.85,0.5575,3.202,0.859,8.24,4.9,-0.912,2.005,0,5,0.9292389853137517
VND_BETA,SCREW_M4,2021-04-14,2021-04-14,5687,4862,4,0,5,0.4,0.5978,3.158,0.8388,7.67,5.01,-1.0,2.322,1,0,0.8549323017408124
VND_ZETA,SCREW_M4,2022-04-22,2022-04-22,630,579,4,0,5,0.4,0.8588,0.916,1.0,4.0,1.67,-0.484,0.326,0,0,0.919047619047619
VND_DELTA,BATTERY_A,2022-11-08,2022-11-08,6076,4340,11,1,10,0.9,0.4039,4.246,0.7629,10.0,9.01,-1.0,3.571,1,0,0.7142857142857143
VND_ALPHA,BEARING_01,2021-10-09,2021-10-11,242,200,10,0,11,0.8,0.7737,0.991,0.9381,3.41,0.0,-0.618,1.079,0,2,0.8264462809917356
VND_DELTA,CASING_B,2023-09-02,2023-09-03,4111,2762,9,0,7,0.6,0.3903,4.585,0.7935,10.0,8.25,-1.0,4.688,0,1,0.671855996108003
VND_GAMMA,SCREW_M4,2022-10-20,2022-10-20,2538,2386,10,0,5,0.4,0.9669,0.433,0.9943,0.49,0.87,-0.256,1.02,0,0,0.9401103230890465
VND_ALPHA,MOTOR_X,2022-04-21,2022-04-22,4583,3558,4,0,14,0.95,0.8264,1.885,0.9492,3.44,0.0,-0.737,0.775,1,1,0.7763473707178704
VND_BETA,MOTOR_X,2023-05-06,2023-05-06,7427,6451,5,0,14,0.95,0.5636,3.281,0.9033,8.96,6.56,-0.962,3.201,0,0,0.8685875858354652
VND_ALPHA,CASING_B,2023-03-25,2023-03-25,6654,6586,3,0,7,0.6,0.8612,1.349,0.9257,2.73,2.14,-0.359,0.814,1,0,0.9897805831079051
VND_BETA,BEARING_01,2022-08-16,2022-08-20,7382,6363,8,0,11,0.8,0.6223,2.66,0.9115,8.24,4.9,-0.912,2.005,1,4,0.8619615280411812
VND_ALPHA,MOTOR_X,2022-09-04,2022-09-05,4852,4852,9,0,14,0.95,0.8441,0.66,1.0,3.19,0.54,0.027,0.512,0,1,1.0
VND_GAMMA,BATTERY_A,2022-08-06,2022-08-06,3922,3922,8,0,10,0.9,0.9651,0.063,0.9994,2.14,2.59,-0.277,0.173,0,0,1.0
VND_BETA,BEARING_01,2023-10-30,2023-11-04,4034,3925,10,0,11,0.8,0.5849,2.674,0.8628,7.34,4.7,-0.665,2.932,1,5,0.9729796727813584
VND_BETA,BLADE_X,2021-08-19,2021-08-22,2908,2577,8,0,12,0.85,0.5575,2.246,0.9038,8.24,4.9,-0.912,2.005,1,3,0.8861760660247593
VND_ZETA,CASING_B,2023-07-29,2023-07-29,5510,5510,7,0,7,0.6,0.909,0.941,0.9927,1.63,0.0,0.462,0.0,0,0,1.0
VND_ZETA,BLADE_X,2022-01-17,2022-01-17,315,270,1,1,12,0.85,0.8799,-0.689,1.0,1.09,2.03,0.123,0.866,0,0,0.8571428571428571
VND_GAMMA,CABLE_R,2022-01-31,2022-02-04,1637,1637,1,1,8,0.7,0.9427,0.257,1.0,1.85,2.16,0.022,0.306,0,4,1.0
VND_DELTA,SWITCH_S,2023-11-22,2023-12-03,2886,2577,11,1,6,0.65,0.3647,4.704,0.7555,10.0,9.01,-1.0,3.571,1,11,0.8929313929313929
VND_DELTA,BATTERY_A,2021-07-15,2021-07-15,1713,969,7,0,10,0.9,0.4143,4.169,0.7094,10.0,6.05,-1.0,3.274,1,0,0.5656742556917689
VND_DELTA,CASING_B,2022-10-25,2022-10-30,7866,6054,10,0,7,0.6,0.3808,4.409,0.7886,10.0,5.94,-1.0,3.793,1,5,0.7696414950419527
VND_ALPHA,SCREW_M4,2022-06-19,2022-06-19,3342,2811,6,0,5,0.4,0.7914,1.209,0.9697,4.67,1.37,-0.2,0.43,0,0,0.8411131059245961
VND_DELTA,SCREW_M4,2022-07-01,2022-07-06,2900,2241,7,0,5,0.4,0.3383,4.007,0.7253,10.0,6.05,-1.0,3.274,1,5,0.7727586206896552
VND_EPSILON,BLADE_X,2021-01-24,2021-01-24,2342,2245,1,1,12,0.85,0.7801,1.321,0.9092,5.06,3.05,-0.408,1.754,1,0,0.9585824081981212
VND_ZETA,CABLE_R,2022-04-29,2022-04-27,708,708,4,0,8,0.7,0.9311,0.315,1.0,4.0,1.67,-0.484,0.326,1,-2,1.0
VND_DELTA,BATTERY_A,2022-09-21,2022-09-26,1508,1159,9,0,10,0.9,0.3475,4.829,0.7768,10.0,8.25,-1.0,4.688,0,5,0.7685676392572944
VND_ZETA,SWITCH_S,2023-10-27,2023-10-27,7762,7762,10,0,6,0.65,0.9075,-0.168,0.9645,2.08,0.04,-0.007,0.366,0,0,1.0
VND_ZETA,BLADE_X,2021-08-29,2021-08-30,5432,5085,8,0,12,0.85,0.8987,0.096,0.9269,1.44,0.77,0.404,0.0,0,1,0.936119293078056
VND_GAMMA,BLADE_X,2022-03-29,2022-03-29,1995,1995,3,0,12,0.85,0.9379,0.294,1.0,1.39,0.8,0.586,0.47,0,0,1.0
VND_DELTA,CASING_B,2021-11-10,2021-11-15,3927,2910,11,1,7,0.6,0.3383,4.031,0.7839,10.0,9.01,-1.0,3.571,1,5,0.7410236822001528
VND_DELTA,CABLE_R,2023-08-23,2023-08-25,6404,4428,8,0,8,0.7,0.3928,4.694,0.756,10.0,7.14,-1.0,3.931,1,2,0.6914428482198626
VND_BETA,SCREW_M4,2021-06-17,2021-06-21,4504,3800,6,0,5,0.4,0.5603,2.704,0.8802,8.51,4.55,-0.832,3.415,0,4,0.8436944937833037
VND_EPSILON,BEARING_01,2023-01-11,2023-01-12,839,733,1,1,11,0.8,0.6944,1.159,0.8861,5.06,3.05,-0.408,1.754,0,1,0.8736591179976162
VND_ALPHA,BATTERY_A,2023-11-02,2023-11-02,1856,1807,11,1,10,0.9,0.7843,1.205,0.961,3.94,3.27,-0.255,0.88,1,0,0.9735991379310345
VND_BETA,CASING_B,2022-11-03,2022-11-02,7199,6835,11,1,7,0.6,0.602,2.865,0.8441,7.62,7.21,-0.911,3.187,1,-1,0.9494374218641478
VND_ALPHA,BEARING_01,2022-02-25,2022-02-24,6072,4870,2,0,11,0.8,0.8047,0.951,0.9481,2.97,1.37,0.254,1.307,1,-1,0.8020421607378129
VND_ALPHA,BEARING_01,2023-11-12,2023-11-12,3849,3831,11,1,11,0.8,0.798,1.526,0.943,3.94,3.27,-0.255,0.88,0,0,0.995323460639127
VND_DELTA,MOTOR_X,2021-09-28,2021-09-28,4404,3580,9,0,14,0.95,0.4273,4.692,0.7639,10.0,8.25,-1.0,4.688,1,0,0.812897366030881
VND_DELTA,SWITCH_S,2021-04-29,2021-05-01,4777,3088,4,0,6,0.65,0.4328,4.619,0.7375,10.0,7.27,-1.0,3.863,1,2,0.64643081431861
VND_ZETA,BEARING_01,2022-09-24,2022-09-24,6125,5835,9,0,11,0.8,0.9054,0.116,1.0,3.04,0.65,-0.322,0.705,0,0,0.9526530612244898
VND_DELTA,MOTOR_X,2022-06-06,2022-06-06,6888,4706,6,0,14,0.95,0.4362,4.305,0.786,10.0,7.21,-1.0,4.359,1,0,0.6832171893147503
VND_ZETA,MOTOR_X,2022-03-23,2022-03-23,4937,4937,3,0,14,0.95,0.9818,-0.043,0.969,3.65,1.04,-0.406,0.887,0,0,1.0
VND_ALPHA,BATTERY_A,2023-05-18,2023-05-18,3022,2740,5,0,10,0.9,0.7647,0.786,0.9521,2.19,1.91,-0.492,0.435,1,0,0.9066843150231635
VND_EPSILON,BATTERY_A,2021-05-04,2021-05-05,7856,7157,5,0,10,0.9,0.7151,1.209,0.9396,5.37,6.65,-0.289,2.054,1,1,0.9110234215885947
VND_DELTA,BATTERY_A,2021-03-06,2021-03-16,2551,2311,3,0,10,0.9,0.4766,4.312,0.7571,9.67,7.03,-1.0,3.314,0,10,0.9059192473539789
VND_BETA,SWITCH_S,2021-10-05,2021-10-05,6473,4854,10,0,6,0.65,0.5204,3.277,0.9085,7.34,4.7,-0.665,2.932,1,0,0.7498841340954735
VND_GAMMA,SWITCH_S,2023-02-23,2023-02-23,3874,3753,2,0,6,0.65,0.8832,0.598,0.965,0.13,0.0,-0.083,0.079,0,0,0.9687661331956634
VND_DELTA,SWITCH_S,2021-06-14,2021-06-13,5792,4006,6,0,6,0.65,0.3774,4.715,0.7041,10.0,7.21,-1.0,4.359,0,-1,0.6916436464088398
VND_ZETA,CASING_B,2022-12-14,2022-12-14,1171,1171,12,1,7,0.6,0.9459,0.184,1.0,4.01,0.19,-0.074,0.755,0,0,1.0
VND_EPSILON,CASING_B,2023-03-16,2023-03-16,4532,4532,3,0,7,0.6,0.7857,1.784,0.9429,5.21,3.36,-0.135,2.022,0,0,1.0
VND_ZETA,CASING_B,2022-04-02,2022-04-02,7038,6820,4,0,7,0.6,0.9072,0.178,1.0,4.0,1.67,-0.484,0.326,0,0,0.9690252912759306
VND_ALPHA,MOTOR_X,2022-09-04,2022-09-07,3992,3338,9,0,14,0.95,0.8434,0.705,0.9175,3.19,0.54,0.027,0.512,0,3,0.8361723446893787
VND_EPSILON,SWITCH_S,2023-02-16,2023-02-17,6944,6386,2,0,6,0.65,0.7966,1.146,0.8523,3.97,2.95,-0.443,1.143,1,1,0.9196428571428571
VND_BETA,SCREW_M4,2023-08-02,2023-08-09,3035,2730,8,0,5,0.4,0.5361,2.155,0.8721,8.24,4.9,-0.912,2.005,1,7,0.899505766062603
VND_GAMMA,CASING_B,2022-01-22,2022-01-22,7879,7879,1,1,7,0.6,0.9025,0.373,1.0,1.85,2.16,0.022,0.306,0,0,1.0
VND_ALPHA,BATTERY_A,2023-05-09,2023-05-11,5237,5237,5,0,10,0.9,0.8555,1.304,0.9618,2.19,1.91,-0.492,0.435,0,2,1.0
VND_BETA,MOTOR_X,2022-02-27,2022-03-02,751,623,2,0,14,0.95,0.5579,3.203,0.8635,7.47,5.81,-0.631,3.173,1,3,0.829560585885486
VND_EPSILON,BATTERY_A,2021-03-10,2021-03-10,3857,2775,3,0,10,0.9,0.7135,1.865,0.9461,5.21,3.36,-0.135,2.022,0,0,0.7194710915219082
VND_BETA,MOTOR_X,2021-04-01,2021-04-04,3495,2704,4,0,14,0.95,0.5399,2.926,0.9351,7.67,5.01,-1.0,2.322,1,3,0.7736766809728183
VND_BETA,BEARING_01,2022-03-21,2022-03-22,6379,5270,3,0,11,0.8,0.5463,2.704,0.9135,7.31,4.89,-0.841,3.19,0,1,0.826148299106443
VND_BETA,MOTOR_X,2023-10-29,2023-11-01,2569,2393,10,0,14,0.95,0.5466,2.933,0.8851,7.34,4.7,-0.665,2.932,1,3,0.9314908524717789
VND_ZETA,SCREW_M4,2022-10-16,2022-10-16,4930,4930,10,0,5,0.4,0.9424,-0.356,1.0,2.08,0.04,-0.007,0.366,0,0,1.0
VND_BETA,CABLE_R,2022-09-11,2022-09-17,7378,7378,9,0,8,0.7,0.4902,2.831,0.8837,7.93,5.56,-0.497,2.593,1,6,1.0
VND_ZETA,CASING_B,2023-12-04,2023-12-05,2010,1784,12,1,7,0.6,0.9845,1.056,1.0,4.01,0.19,-0.074,0.755,0,1,0.8875621890547264
VND_GAMMA,SWITCH_S,2022-07-18,2022-07-17,699,605,7,0,6,0.65,0.9536,0.091,1.0,2.34,0.0,0.441,0.0,0,-1,0.8655221745350501
VND_ZETA,CASING_B,2023-05-25,2023-05-28,4753,4333,5,0,7,0.6,0.8624,0.211,0.9207,3.15,0.0,0.105,0.83,1,3,0.9116347569955817
VND_ALPHA,BEARING_01,2022-12-07,2022-12-09,7913,7599,12,1,11,0.8,0.8528,1.473,0.9342,1.72,2.38,-0.358,1.423,0,2,0.9603184632882599
VND_EPSILON,SWITCH_S,2022-10-15,2022-10-13,5904,5324,10,0,6,0.65,0.7957,1.644,0.9041,4.13,3.48,-0.679,1.687,1,-2,0.9017615176151762
VND_DELTA,SWITCH_S,2021-11-02,2021-11-07,2656,2603,11,1,6,0.65,0.3951,4.46,0.7221,10.0,9.01,-1.0,3.571,1,5,0.9800451807228916
VND_BETA,SWITCH_S,2023-08-28,2023-08-29,2174,2034,8,0,6,0.65,0.5509,2.238,0.8505,8.24,4.9,-0.912,2.005,1,1,0.9356025758969642
VND_GAMMA,SCREW_M4,2021-10-23,2021-10-23,6800,6800,10,0,5,0.4,0.9415,0.092,0.9426,0.49,0.87,-0.256,1.02,0,0,1.0
VND_ALPHA,BEARING_01,2023-04-26,2023-04-30,3612,3014,4,0,11,0.8,0.7459,1.313,0.9396,3.44,0.0,-0.737,0.775,0,4,0.8344407530454042
VND_DELTA,CASING_B,2022-05-13,2022-05-16,2288,1805,5,0,7,0.6,0.3669,4.612,0.8005,9.38,7.59,-0.912,3.272,1,3,0.7888986013986014
VND_GAMMA,SCREW_M4,2021-06-11,2021-06-12,7754,6710,6,0,5,0.4,0.904,-0.836,0.9657,1.52,0.0,0.363,0.701,0,1,0.865359814289399
VND_GAMMA,BEARING_01,2021-07-09,2021-07-10,4587,4587,7,0,11,0.8,0.9488,0.671,1.0,2.34,0.0,0.441,0.0,0,1,1.0
VND_ALPHA,SCREW_M4,2022-07-04,2022-07-06,3289,3037,7,0,5,0.4,0.848,2.126,0.9569,2.66,1.71,-0.565,1.15,0,2,0.9233809668592278
VND_ALPHA,MOTOR_X,2022-01-21,2022-01-23,6791,6659,1,1,14,0.95,0.7984,1.05,0.9813,3.7,2.96,-0.026,1.609,0,2,0.9805625092033574
VND_DELTA,SCREW_M4,2022-03-04,2022-03-13,7322,5927,3,0,5,0.4,0.4185,4.405,0.7925,9.67,7.03,-1.0,3.314,1,9,0.809478284621688
VND_GAMMA,CABLE_R,2021-02-01,2021-02-01,1935,1848,2,0,8,0.7,0.9193,0.605,1.0,0.13,0.0,-0.083,0.079,0,0,0.9550387596899225
VND_ZETA,SCREW_M4,2021-08-29,2021-08-30,6318,5799,8,0,5,0.4,0.8685,0.342,0.9666,1.44,0.77,0.404,0.0,0,1,0.9178537511870846
VND_BETA,BEARING_01,2022-02-23,2022-02-26,3449,2679,2,0,11,0.8,0.5458,2.684,0.8692,7.47,5.81,-0.631,3.173,0,3,0.7767468831545375
VND_EPSILON,SCREW_M4,2022-10-21,2022-10-25,6553,4991,10,0,5,0.4,0.7824,1.41,0.9558,4.13,3.48,-0.679,1.687,0,4,0.7616358919578818
VND_DELTA,BLADE_X,2023-08-13,2023-08-17,4571,3447,8,0,12,0.85,0.3865,4.567,0.7825,10.0,7.14,-1.0,3.931,1,4,0.7541019470575366
VND_GAMMA,CABLE_R,2022-06-20,2022-06-20,3146,3146,6,0,8,0.7,0.9994,-0.113,1.0,1.52,0.0,0.363,0.701,0,0,1.0
VND_DELTA,BEARING_01,2021-07-21,2021-07-23,6776,5121,7,0,11,0.8,0.355,4.108,0.7373,10.0,6.05,-1.0,3.274,0,2,0.7557556080283353
VND_GAMMA,BEARING_01,2022-02-21,2022-02-22,3236,3236,2,0,11,0.8,0.9475,0.397,0.9812,0.13,0.0,-0.083,0.079,0,1,1.0
VND_DELTA,CABLE_R,2021-04-04,2021-04-13,4808,3416,4,0,8,0.7,0.3362,4.265,0.8125,10.0,7.27,-1.0,3.863,1,9,0.7104825291181365
VND_ZETA,SCREW_M4,2021-10-26,2021-10-28,332,314,10,0,5,0.4,0.9203,-0.356,0.9664,2.08,0.04,-0.007,0.366,0,2,0.9457831325301205
VND_EPSILON,BLADE_X,2023-05-06,2023-05-06,2618,2462,5,0,12,0.85,0.7046,2.174,0.96,5.37,6.65,-0.289,2.054,0,0,0.9404125286478228
VND_BETA,CASING_B,2022-11-07,2022-11-08,2084,2084,11,1,7,0.6,0.5403,2.801,0.9121,7.62,7.21,-0.911,3.187,1,1,1.0
VND_EPSILON,SWITCH_S,2022-05-19,2022-05-23,4290,4047,5,0,6,0.65,0.7283,1.527,0.8486,5.37,6.65,-0.289,2.054,1,4,0.9433566433566434
VND_GAMMA,CABLE_R,2023-09-28,2023-09-29,6127,6127,9,0,8,0.7,0.9653,0.425,0.9444,1.65,0.0,-0.445,0.427,0,1,1.0
VND_DELTA,BEARING_01,2021-12-11,2021-12-09,6202,4357,12,1,11,0.8,0.3786,3.621,0.8096,9.5,6.79,-1.0,3.943,1,-2,0.7025153176394712
VND_BETA,CABLE_R,2021-10-14,2021-10-18,6100,5111,10,0,8,0.7,0.524,2.834,0.8804,7.34,4.7,-0.665,2.932,1,4,0.8378688524590164
VND_BETA,BEARING_01,2021-05-01,2021-05-04,4492,4406,5,0,11,0.8,0.5461,2.419,0.8619,8.96,6.56,-0.962,3.201,1,3,0.9808548530721283
VND_ALPHA,MOTOR_X,2021-04-10,2021-04-12,6461,5797,4,0,14,0.95,0.7583,0.936,0.9455,3.44,0.0,-0.737,0.775,1,2,0.8972295310323479
VND_DELTA,MOTOR_X,2021-10-09,2021-10-10,7102,4637,10,0,14,0.95,0.3776,4.46,0.7993,10.0,5.94,-1.0,3.793,1,1,0.6529146719234019
VND_ALPHA,SCREW_M4,2021-11-06,2021-11-07,274,250,11,1,5,0.4,0.7861,0.766,0.9456,3.94,3.27,-0.255,0.88,0,1,0.9124087591240876
VND_EPSILON,SCREW_M4,2023-07-23,2023-07-25,3257,2653,7,0,5,0.4,0.8074,1.436,0.9581,4.08,2.56,-0.606,1.633,0,2,0.8145532698802579
VND_EPSILON,MOTOR_X,2023-09-17,2023-09-15,5600,4963,9,0,14,0.95,0.7739,0.874,0.8398,4.38,3.89,-0.441,1.169,0,-2,0.88625
VND_ALPHA,BEARING_01,2021-01-14,2021-01-16,4559,3715,1,1,11,0.8,0.8442,0.73,0.9129,3.7,2.96,-0.026,1.609,1,2,0.8148716823864882
VND_ALPHA,SWITCH_S,2021-02-04,2021-02-05,4536,4104,2,0,6,0.65,0.8398,-0.142,0.9343,2.97,1.37,0.254,1.307,0,1,0.9047619047619048
VND_EPSILON,BLADE_X,2022-08-11,2022-08-11,340,311,8,0,12,0.85,0.7472,1.839,0.9344,7.16,0.93,-0.254,0.955,0,0,0.9147058823529411
VND_BETA,SWITCH_S,2021-08-08,2021-08-10,7720,7172,8,0,6,0.65,0.6243,2.607,0.8897,8.24,4.9,-0.912,2.005,1,2,0.9290155440414508
VND_EPSILON,BATTERY_A,2021-11-01,2021-10-31,2174,1796,11,1,10,0.9,0.7166,2.505,0.9288,4.9,3.65,0.183,1.854,0,-1,0.8261269549218031
VND_EPSILON,SCREW_M4,2023-12-15,2023-12-20,2267,2192,12,1,5,0.4,0.7411,1.503,0.8829,2.82,4.49,-0.659,1.941,1,5,0.9669166299073666
VND_GAMMA,CABLE_R,2023-03-24,2023-03-25,847,808,3,0,8,0.7,0.9048,-0.04,0.9327,1.39,0.8,0.586,0.47,0,1,0.9539551357733176
VND_DELTA,CABLE_R,2023-07-30,2023-08-08,4828,3684,7,0,8,0.7,0.3063,4.857,0.7523,10.0,6.05,-1.0,3.274,1,9,0.7630488815244407
VND_ZETA,SCREW_M4,2022-04-08,2022-04-09,2657,2202,4,0,5,0.4,0.9313,-0.762,0.9977,4.0,1.67,-0.484,0.326,1,1,0.8287542340986075
VND_ZETA,BATTERY_A,2021-03-06,2021-03-07,965,963,3,0,10,0.9,0.9384,-0.037,0.987,3.65,1.04,-0.406,0.887,0,1,0.9979274611398964
VND_DELTA,SWITCH_S,2023-02-12,2023-02-20,4727,3324,2,0,6,0.65,0.3705,3.595,0.7429,10.0,7.1,-1.0,3.739,0,8,0.7031944150624074
VND_ALPHA,BEARING_01,2021-01-20,2021-01-22,5957,5565,1,1,11,0.8,0.8176,1.197,0.9687,3.7,2.96,-0.026,1.609,0,2,0.9341950646298472
VND_ALPHA,CASING_B,2023-10-21,2023-10-19,7124,7124,10,0,7,0.6,0.784,0.371,0.9234,3.41,0.0,-0.618,1.079,0,-2,1.0
VND_ZETA,SWITCH_S,2022-11-10,2022-11-08,4835,4695,11,1,6,0.65,0.9061,0.013,0.978,1.99,2.8,0.448,0.025,0,-2,0.9710444674250258
VND_EPSILON,BATTERY_A,2021-03-29,2021-03-31,2082,1989,3,0,10,0.9,0.7318,1.812,0.8967,5.21,3.36,-0.135,2.022,1,2,0.9553314121037464
VND_ZETA,SCREW_M4,2023-09-01,2023-09-01,2420,2414,9,0,5,0.4,0.9117,0.474,1.0,3.04,0.65,-0.322,0.705,0,0,0.9975206611570248
VND_ALPHA,MOTOR_X,2022-07-29,2022-07-31,7567,7171,7,0,14,0.95,0.8682,0.823,0.9498,2.66,1.71,-0.565,1.15,1,2,0.9476675036342012
VND_BETA,MOTOR_X,2022-10-07,2022-10-12,328,244,10,0,14,0.95,0.5078,2.851,0.8505,7.34,4.7,-0.665,2.932,1,5,0.7439024390243902
VND_EPSILON,SCREW_M4,2021-10-23,2021-10-23,6362,6362,10,0,5,0.4,0.7013,1.266,0.8928,4.13,3.48,-0.679,1.687,0,0,1.0
VND_ALPHA,SWITCH_S,2022-09-05,2022-09-05,1530,1530,9,0,6,0.65,0.8121,0.814,0.9613,3.19,0.54,0.027,0.512,0,0,1.0
VND_EPSILON,SCREW_M4,2023-03-08,2023-03-07,5746,5395,3,0,5,0.4,0.7342,2.058,0.8986,5.21,3.36,-0.135,2.022,0,-1,0.9389140271493213
VND_DELTA,CABLE_R,2021-10-14,2021-10-19,6675,4942,10,0,8,0.7,0.3792,4.457,0.8066,10.0,5.94,-1.0,3.793,1,5,0.740374531835206
VND_EPSILON,BATTERY_A,2022-12-10,2022-12-10,639,639,12,1,10,0.9,0.7064,1.314,0.8764,2.82,4.49,-0.659,1.941,1,0,1.0
VND_DELTA,BATTERY_A,2022-04-21,2022-04-27,7070,4726,4,0,10,0.9,0.4102,4.58,0.7842,10.0,7.27,-1.0,3.863,1,6,0.6684582743988685
VND_GAMMA,BATTERY_A,2023-03-24,2023-03-24,6536,6355,3,0,10,0.9,0.8793,0.644,0.9359,1.39,0.8,0.586,0.47,0,0,0.9723072215422277
VND_ALPHA,CABLE_R,2022-07-14,2022-07-18,6618,6618,7,0,8,0.7,0.7938,1.011,0.9586,2.66,1.71,-0.565,1.15,0,4,1.0
VND_DELTA,BEARING_01,2022-04-13,2022-04-12,3114,2402,4,0,11,0.8,0.3262,4.039,0.7446,10.0,7.27,-1.0,3.863,1,-1,0.7713551701991008
VND_DELTA,SWITCH_S,2022-01-16,2022-01-23,5768,4804,1,1,6,0.65,0.3891,4.37,0.7877,10.0,9.08,-1.0,3.072,1,7,0.8328710124826629
VND_ALPHA,SWITCH_S,2022-08-28,2022-08-30,6737,6737,8,0,6,0.65,0.8378,1.744,0.9895,2.6,1.31,-0.401,1.741,0,2,1.0
VND_ZETA,SCREW_M4,2021-05-31,2021-05-31,872,857,5,0,5,0.4,0.9031,0.489,0.9277,3.15,0.0,0.105,0.83,0,0,0.9827981651376146
VND_BETA,BLADE_X,2023-02-18,2023-02-19,6030,5520,2,0,12,0.85,0.5191,2.6,0.8932,7.47,5.81,-0.631,3.173,1,1,0.9154228855721394
VND_ZETA,CASING_B,2023-03-09,2023-03-07,2794,2794,3,0,7,0.6,0.9418,0.089,0.9847,3.65,1.04,-0.406,0.887,0,-2,1.0
VND_ALPHA,CABLE_R,2021-07-07,2021-07-08,242,223,7,0,8,0.7,0.7953,1.23,0.9555,2.66,1.71,-0.565,1.15,0,1,0.9214876033057852
VND_DELTA,BLADE_X,2023-01-08,2023-01-15,6436,5420,1,1,12,0.85,0.393,4.287,0.7952,10.0,9.08,-1.0,3.072,1,7,0.8421379738968303
VND_ALPHA,BLADE_X,2021-09-29,2021-09-28,915,904,9,0,12,0.85,0.8134,1.305,0.9753,3.19,0.54,0.027,0.512,1,-1,0.9879781420765027
VND_DELTA,CASING_B,2023-07-09,2023-07-15,4762,4115,7,0,7,0.6,0.3448,4.639,0.7662,10.0,6.05,-1.0,3.274,1,6,0.8641327173456531
VND_ALPHA,SWITCH_S,2021-02-23,2021-02-25,934,934,2,0,6,0.65,0.8017,0.851,1.0,2.97,1.37,0.254,1.307,0,2,1.0
VND_EPSILON,CABLE_R,2021-07-10,2021-07-10,5090,3614,7,0,8,0.7,0.738,1.744,0.9379,4.08,2.56,-0.606,1.633,0,0,0.7100196463654224
VND_DELTA,CABLE_R,2021-01-26,2021-01-26,2590,1978,1,1,8,0.7,0.3892,3.624,0.7599,10.0,9.08,-1.0,3.072,1,0,0.7637065637065638
VND_DELTA,SWITCH_S,2021-06-23,2021-07-01,6137,5236,6,0,6,0.65,0.344,4.047,0.7805,10.0,7.21,-1.0,4.359,1,8,0.853185595567867
VND_EPSILON,SCREW_M4,2023-12-04,2023-12-04,1589,1589,12,1,5,0.4,0.7406,1.45,0.959,2.82,4.49,-0.659,1.941,0,0,1.0
VND_BETA,SWITCH_S,2021-10-12,2021-10-15,2402,1995,10,0,6,0.65,0.5279,3.078,0.9152,7.34,4.7,-0.665,2.932,0,3,0.8305578684429642
VND_GAMMA,BLADE_X,2023-10-07,2023-10-07,1395,1395,10,0,12,0.85,0.8869,0.215,1.0,0.49,0.87,-0.256,1.02,0,0,1.0
VND_BETA,BATTERY_A,2023-06-10,2023-06-10,2460,2186,6,0,10,0.9,0.5692,3.399,0.8652,8.51,4.55,-0.832,3.415,1,0,0.8886178861788618
VND_GAMMA,SWITCH_S,2023-09-19,2023-09-19,6611,6611,9,0,6,0.65,0.925,0.338,0.9722,1.65,0.0,-0.445,0.427,0,0,1.0
VND_GAMMA,BATTERY_A,2022-05-31,2022-05-30,7935,6924,5,0,10,0.9,0.8879,0.565,1.0,1.61,2.86,-0.038,0.521,0,-1,0.8725897920604915
VND_ZETA,SCREW_M4,2023-10-13,2023-10-15,5064,4491,10,0,5,0.4,0.9552,0.052,0.9697,2.08,0.04,-0.007,0.366,0,2,0.8868483412322274
VND_DELTA,SCREW_M4,2021-08-08,2021-08-15,1309,1056,8,0,5,0.4,0.3843,4.655,0.7797,10.0,7.14,-1.0,3.931,1,7,0.8067226890756303
VND_ALPHA,BLADE_X,2023-03-22,2023-03-25,2921,2921,3,0,12,0.85,0.8592,1.255,0.9735,2.73,2.14,-0.359,0.814,0,3,1.0
VND_GAMMA,SWITCH_S,2023-06-21,2023-06-20,2942,2942,6,0,6,0.65,0.9022,0.414,0.9646,1.52,0.0,0.363,0.701,0,-1,1.0
VND_ZETA,SWITCH_S,2021-10-06,2021-10-07,2661,2661,10,0,6,0.65,0.9295,0.216,0.9688,2.08,0.04,-0.007,0.366,0,1,1.0
VND_EPSILON,CABLE_R,2022-02-16,2022-02-19,4124,3835,2,0,8,0.7,0.7458,1.117,0.9123,3.97,2.95,-0.443,1.143,1,3,0.9299224054316197
VND_BETA,CABLE_R,2023-03-27,2023-03-28,2814,2814,3,0,8,0.7,0.5716,2.597,0.8242,7.31,4.89,-0.841,3.19,1,1,1.0
VND_ZETA,BLADE_X,2023-10-03,2023-10-03,4917,4233,10,0,12,0.85,0.8667,0.565,0.9736,2.08,0.04,-0.007,0.366,0,0,0.8608907870652837
VND_GAMMA,SCREW_M4,2023-02-10,2023-02-10,2496,2496,2,0,5,0.4,0.9203,0.28,1.0,0.13,0.0,-0.083,0.079,0,0,1.0
VND_GAMMA,SWITCH_S,2021-08-22,2021-08-21,7835,7835,8,0,6,0.65,0.9264,-0.074,0.9847,2.14,2.59,-0.277,0.173,0,-1,1.0
VND_EPSILON,SCREW_M4,2022-01-04,2022-01-04,5784,4797,1,1,5,0.4,0.7517,2.039,0.8922,5.06,3.05,-0.408,1.754,0,0,0.8293568464730291
VND_ZETA,MOTOR_X,2023-08-04,2023-08-06,7924,7924,8,0,14,0.95,0.8745,0.706,0.9784,1.44,0.77,0.404,0.0,0,2,1.0
VND_DELTA,SCREW_M4,2022-08-20,2022-08-22,7009,6147,8,0,5,0.4,0.3902,4.936,0.806,10.0,7.14,-1.0,3.931,0,2,0.8770152660864603
VND_DELTA,BATTERY_A,2023-10-20,2023-10-27,1340,956,10,0,10,0.9,0.3887,4.379,0.7634,10.0,5.94,-1.0,3.793,1,7,0.7134328358208956
VND_BETA,BLADE_X,2022-06-02,2022-06-06,5595,4075,6,0,12,0.85,0.4727,3.228,0.8568,8.51,4.55,-0.832,3.415,0,4,0.7283288650580876
VND_ZETA,CASING_B,2023-05-17,2023-05-17,6664,6664,5,0,7,0.6,0.926,0.377,0.9923,3.15,0.0,0.105,0.83,0,0,1.0
VND_ALPHA,SWITCH_S,2023-07-09,2023-07-09,5098,4463,7,0,6,0.65,0.8549,1.58,0.9172,2.66,1.71,-0.565,1.15,0,0,0.8754413495488427
VND_EPSILON,BEARING_01,2023-04-01,2023-04-01,4577,4520,4,0,11,0.8,0.6872,2.188,0.9031,3.47,1.86,-0.305,1.806,0,0,0.9875464277911296
VND_EPSILON,SWITCH_S,2021-03-17,2021-03-18,6677,6066,3,0,6,0.65,0.7474,1.225,0.9047,5.21,3.36,-0.135,2.022,1,1,0.90849183765164
VND_ZETA,CABLE_R,2021-06-24,2021-06-26,1095,1074,6,0,8,0.7,0.9061,0.28,1.0,0.95,0.58,-1.0,0.11,0,2,0.9808219178082191
VND_ZETA,SCREW_M4,2022-12-29,2022-12-29,1562,1495,12,1,5,0.4,0.9035,0.411,0.9831,4.01,0.19,-0.074,0.755,0,0,0.9571062740076824
VND_EPSILON,MOTOR_X,2023-03-30,2023-03-30,6365,6365,3,0,14,0.95,0.7384,1.106,0.9298,5.21,3.36,-0.135,2.022,1,0,1.0
VND_DELTA,CABLE_R,2021-08-05,2021-08-12,286,264,8,0,8,0.7,0.3616,4.192,0.7864,10.0,7.14,-1.0,3.931,1,7,0.9230769230769231
VND_GAMMA,BATTERY_A,2022-03-31,2022-03-31,4383,4383,3,0,10,0.9,0.9718,-0.569,0.9898,1.39,0.8,0.586,0.47,0,0,1.0
VND_DELTA,SCREW_M4,2023-02-06,2023-02-11,3404,3032,2,0,5,0.4,0.3674,4.871,0.7769,10.0,7.1,-1.0,3.739,1,5,0.8907168037602821
VND_ZETA,BEARING_01,2023-10-22,2023-10-24,1434,1434,10,0,11,0.8,0.8863,0.299,0.9696,2.08,0.04,-0.007,0.366,0,2,1.0
VND_ALPHA,CABLE_R,2023-09-16,2023-09-17,1056,932,9,0,8,0.7,0.8659,0.499,0.9607,3.19,0.54,0.027,0.512,1,1,0.8825757575757576
VND_DELTA,BLADE_X,2021-06-25,2021-07-04,1150,833,6,0,12,0.85,0.3822,4.376,0.8044,10.0,7.21,-1.0,4.359,1,9,0.7243478260869565
VND_GAMMA,CASING_B,2022-10-01,2022-09-29,3010,3010,10,0,7,0.6,0.9265,0.967,0.9777,0.49,0.87,-0.256,1.02,0,-2,1.0
VND_BETA,BEARING_01,2023-12-04,2023-12-08,4156,4118,12,1,11,0.8,0.5233,2.507,0.9129,7.45,6.37,-1.0,2.215,1,4,0.9908565928777671
VND_DELTA,CABLE_R,2021-07-19,2021-07-24,3789,3117,7,0,8,0.7,0.3642,4.261,0.8284,10.0,6.05,-1.0,3.274,1,5,0.8226444972288203
VND_GAMMA,BEARING_01,2021-05-18,2021-05-18,2659,2346,5,0,11,0.8,0.8693,-0.833,1.0,1.61,2.86,-0.038,0.521,0,0,0.8822865738999623
VND_ZETA,MOTOR_X,2021-08-24,2021-08-24,385,385,8,0,14,0.95,0.9144,0.307,1.0,1.44,0.77,0.404,0.0,0,0,1.0
VND_ZETA,CABLE_R,2021-08-12,2021-08-11,5747,5516,8,0,8,0.7,0.9201,0.651,0.9814,1.44,0.77,0.404,0.0,0,-1,0.9598051157125457
VND_ZETA,CASING_B,2022-05-15,2022-05-16,4427,3919,5,0,7,0.6,0.935,0.08,0.9726,3.15,0.0,0.105,0.83,0,1,0.8852496046984414
VND_EPSILON,CASING_B,2021-11-24,2021-11-28,2911,2634,11,1,7,0.6,0.7074,1.311,0.9516,4.9,3.65,0.183,1.854,1,4,0.9048436963242872
VND_DELTA,SWITCH_S,2022-04-20,2022-04-23,6735,5517,4,0,6,0.65,0.2751,4.006,0.7987,10.0,7.27,-1.0,3.863,1,3,0.8191536748329621
VND_ZETA,SWITCH_S,2022-01-13,2022-01-14,1726,1531,1,1,6,0.65,0.9629,0.015,1.0,1.09,2.03,0.123,0.866,0,1,0.8870220162224797
VND_DELTA,SWITCH_S,2021-03-01,2021-03-09,6240,4160,3,0,6,0.65,0.3485,4.859,0.8039,9.67,7.03,-1.0,3.314,1,8,0.6666666666666666
VND_DELTA,SCREW_M4,2023-05-30,2023-05-31,3385,2323,5,0,5,0.4,0.3223,4.307,0.7675,9.38,7.59,-0.912,3.272,1,1,0.6862629246676514
VND_ZETA,MOTOR_X,2022-03-16,2022-03-16,1885,1798,3,0,14,0.95,0.9408,0.573,0.9647,3.65,1.04,-0.406,0.887,0,0,0.9538461538461539
VND_ZETA,BLADE_X,2021-05-09,2021-05-09,4929,4626,5,0,12,0.85,0.8903,-0.178,1.0,3.15,0.0,0.105,0.83,0,0,0.938527084601339
VND_EPSILON,BATTERY_A,2022-01-18,2022-01-21,3196,2937,1,1,10,0.9,0.7535,1.463,0.9767,5.06,3.05,-0.408,1.754,1,3,0.9189612015018773
VND_BETA,CABLE_R,2023-07-27,2023-07-28,1133,1056,7,0,8,0.7,0.5664,2.943,0.8824,8.11,6.76,-1.0,3.129,1,1,0.9320388349514563
VND_ZETA,BLADE_X,2023-09-30,2023-09-30,4523,4482,9,0,12,0.85,0.8829,1.149,1.0,3.04,0.65,-0.322,0.705,0,0,0.9909352199867345
VND_EPSILON,CABLE_R,2023-03-07,2023-03-09,5207,4893,3,0,8,0.7,0.7703,1.707,0.9308,5.21,3.36,-0.135,2.022,0,2,0.9396965623199539
VND_EPSILON,SWITCH_S,2021-08-22,2021-08-22,3050,2624,8,0,6,0.65,0.7299,1.514,0.9899,7.16,0.93,-0.254,0.955,1,0,0.860327868852459
VND_DELTA,CABLE_R,2021-12-20,2021-12-21,6866,5256,12,1,8,0.7,0.3382,4.689,0.7787,9.5,6.79,-1.0,3.943,1,1,0.765511214681037
VND_EPSILON,BLADE_X,2021-06-23,2021-06-26,5705,5316,6,0,12,0.85,0.7523,1.577,0.9105,5.8,3.45,-0.555,1.904,0,3,0.9318141980718668
VND_GAMMA,CASING_B,2021-08-30,2021-08-30,2154,2154,8,0,7,0.6,0.9501,0.466,1.0,2.14,2.59,-0.277,0.173,0,0,1.0
VND_ALPHA,BLADE_X,2022-01-10,2022-01-10,3258,3258,1,1,12,0.85,0.9011,0.934,0.9352,3.7,2.96,-0.026,1.609,1,0,1.0
VND_EPSILON,CASING_B,2023-03-07,2023-03-08,3626,3242,3,0,7,0.6,0.7086,1.618,0.8851,5.21,3.36,-0.135,2.022,1,1,0.8940981798124655
VND_EPSILON,CASING_B,2023-02-25,2023-03-01,3665,3621,2,0,7,0.6,0.6794,1.812,0.901,3.97,2.95,-0.443,1.143,1,4,0.9879945429740792
VND_DELTA,CASING_B,2021-12-21,2021-12-23,4745,3757,12,1,7,0.6,0.3327,4.399,0.8009,9.5,6.79,-1.0,3.943,1,2,0.7917808219178082
VND_DELTA,CASING_B,2022-08-15,2022-08-22,1349,1200,8,0,7,0.6,0.3811,4.509,0.7921,10.0,7.14,-1.0,3.931,0,7,0.8895478131949592
VND_GAMMA,CASING_B,2023-07-13,2023-07-11,5274,5274,7,0,7,0.6,0.949,0.781,0.9571,2.34,0.0,0.441,0.0,0,-2,1.0
VND_GAMMA,MOTOR_X,2021-01-20,2021-01-18,4169,4002,1,1,14,0.95,0.9967,0.259,0.9272,1.85,2.16,0.022,0.306,0,-2,0.9599424322379467
VND_BETA,CASING_B,2023-02-26,2023-03-02,4800,3949,2,0,7,0.6,0.4664,2.732,0.872,7.47,5.81,-0.631,3.173,0,4,0.8227083333333334
VND_DELTA,BEARING_01,2023-10-05,2023-10-08,3604,2494,10,0,11,0.8,0.3592,3.743,0.7584,10.0,5.94,-1.0,3.793,1,3,0.6920088790233074
VND_DELTA,BEARING_01,2021-12-09,2021-12-16,877,524,12,1,11,0.8,0.298,4.796,0.7852,9.5,6.79,-1.0,3.943,1,7,0.5974914481185861
VND_BETA,MOTOR_X,2022-08-22,2022-08-24,467,375,8,0,14,0.95,0.5176,3.433,0.8723,8.24,4.9,-0.912,2.005,1,2,0.8029978586723768
VND_BETA,BLADE_X,2022-08-15,2022-08-21,1577,1329,8,0,12,0.85,0.5803,2.034,0.8998,8.24,4.9,-0.912,2.005,1,6,0.8427393785668992
VND_EPSILON,BEARING_01,2023-10-12,2023-10-12,4703,4226,10,0,11,0.8,0.7466,1.363,0.956,4.13,3.48,-0.679,1.687,1,0,0.8985753774186689
VND_EPSILON,BATTERY_A,2021-08-22,2021-08-24,2394,2167,8,0,10,0.9,0.7237,1.426,0.9046,7.16,0.93,-0.254,0.955,0,2,0.9051796157059315
VND_EPSILON,CABLE_R,2021-03-27,2021-03-28,6425,6359,3,0,8,0.7,0.722,0.817,0.94,5.21,3.36,-0.135,2.022,1,1,0.9897276264591439
VND_EPSILON,BEARING_01,2022-03-24,2022-03-27,3682,3039,3,0,11,0.8,0.7535,1.748,0.8727,5.21,3.36,-0.135,2.022,0,3,0.825366648560565
VND_ZETA,BATTERY_A,2022-05-22,2022-05-22,2638,2391,5,0,10,0.9,0.872,0.499,1.0,3.15,0.0,0.105,0.83,0,0,0.9063684609552691
VND_DELTA,MOTOR_X,2022-06-23,2022-06-29,3055,2314,6,0,14,0.95,0.4267,4.712,0.7047,10.0,7.21,-1.0,4.359,1,6,0.7574468085106383
VND_DELTA,BATTERY_A,2021-08-29,2021-08-31,6553,5216,8,0,10,0.9,0.3957,4.519,0.7316,10.0,7.14,-1.0,3.931,1,2,0.7959713108499924
VND_BETA,SCREW_M4,2022-12-20,2022-12-24,7253,6477,12,1,5,0.4,0.5973,3.737,0.9061,7.45,6.37,-1.0,2.215,1,4,0.8930097890528057
VND_BETA,SWITCH_S,2021-10-13,2021-10-18,6629,5672,10,0,6,0.65,0.5607,2.381,0.8551,7.34,4.7,-0.665,2.932,1,5,0.8556343339870267
VND_BETA,SCREW_M4,2021-05-02,2021-05-04,4870,3563,5,0,5,0.4,0.5576,2.785,0.8844,8.96,6.56,-0.962,3.201,1,2,0.7316221765913757
VND_EPSILON,CABLE_R,2022-07-30,2022-07-30,5089,4752,7,0,8,0.7,0.7803,2.538,0.9641,4.08,2.56,-0.606,1.633,0,0,0.9337787384554922
VND_GAMMA,CASING_B,2022-08-23,2022-08-23,2570,2314,8,0,7,0.6,0.8964,0.473,0.9696,2.14,2.59,-0.277,0.173,0,0,0.9003891050583658
VND_EPSILON,BLADE_X,2021-07-15,2021-07-18,1310,1269,7,0,12,0.85,0.698,1.982,0.9483,4.08,2.56,-0.606,1.633,1,3,0.9687022900763359
VND_ALPHA,SWITCH_S,2022-07-22,2022-07-22,7302,7302,7,0,6,0.65,0.8453,0.81,0.9368,2.66,1.71,-0.565,1.15,1,0,1.0
VND_ZETA,CASING_B,2021-09-29,2021-10-01,2245,2063,9,0,7,0.6,0.9402,-0.005,0.9294,3.04,0.65,-0.322,0.705,0,2,0.9189309576837417
VND_ZETA,CASING_B,2022-10-22,2022-10-21,6986,6840,10,0,7,0.6,0.8625,-0.048,1.0,2.08,0.04,-0.007,0.366,0,-1,0.9791010592613799
VND_ZETA,SCREW_M4,2023-03-16,2023-03-17,4209,3614,3,0,5,0.4,0.872,0.552,0.9667,3.65,1.04,-0.406,0.887,0,1,0.8586362556426704
VND_EPSILON,CASING_B,2022-07-05,2022-07-05,5343,4426,7,0,7,0.6,0.7407,1.171,0.9145,4.08,2.56,-0.606,1.633,0,0,0.8283735728991204
VND_DELTA,SWITCH_S,2023-07-15,2023-07-24,818,637,7,0,6,0.65,0.4143,4.331,0.7361,10.0,6.05,-1.0,3.274,1,9,0.7787286063569682
VND_DELTA,BATTERY_A,2023-11-22,2023-12-02,6342,5604,11,1,10,0.9,0.4465,4.622,0.7876,10.0,9.01,-1.0,3.571,1,10,0.8836329233680227
VND_ZETA,BLADE_X,2023-01-26,2023-01-28,3924,3924,1,1,12,0.85,0.9653,0.37,0.9543,1.09,2.03,0.123,0.866,0,2,1.0
VND_GAMMA,BEARING_01,2021-01-06,2021-01-07,7318,5833,1,1,11,0.8,1.0,0.749,0.9762,1.85,2.16,0.022,0.306,0,1,0.7970757037441925
VND_ZETA,BATTERY_A,2023-07-28,2023-07-29,5400,5204,7,0,10,0.9,0.9375,0.556,0.98,1.63,0.0,0.462,0.0,0,1,0.9637037037037037
VND_ALPHA,CABLE_R,2023-12-31,2024-01-03,3458,2893,12,1,8,0.7,0.8435,0.918,0.9625,1.72,2.38,-0.358,1.423,0,3,0.8366107576633892
VND_DELTA,SCREW_M4,2022-03-10,2022-03-11,4252,2802,3,0,5,0.4,0.4115,4.91,0.7579,9.67,7.03,-1.0,3.314,1,1,0.6589840075258702
VND_GAMMA,BLADE_X,2022-08-04,2022-08-04,2966,2966,8,0,12,0.85,0.9816,0.688,0.9998,2.14,2.59,-0.277,0.173,0,0,1.0
VND_EPSILON,CASING_B,2023-09-21,2023-09-20,6657,6471,9,0,7,0.6,0.7272,1.046,0.9254,4.38,3.89,-0.441,1.169,0,-1,0.9720594862550699
VND_ZETA,CABLE_R,2021-04-10,2021-04-10,576,576,4,0,8,0.7,0.9038,0.306,0.9518,4.0,1.67,-0.484,0.326,0,0,1.0
VND_ZETA,BATTERY_A,2023-07-31,2023-08-01,333,305,7,0,10,0.9,0.8168,0.178,1.0,1.63,0.0,0.462,0.0,0,1,0.9159159159159159
VND_BETA,BATTERY_A,2023-06-23,2023-06-23,3939,2990,6,0,10,0.9,0.6051,2.846,0.8917,8.51,4.55,-0.832,3.415,0,0,0.759075907590759
VND_DELTA,MOTOR_X,2022-02-19,2022-02-17,5840,4020,2,0,14,0.95,0.3416,4.558,0.7784,10.0,7.1,-1.0,3.739,1,-2,0.6883561643835616
VND_ZETA,CASING_B,2022-09-11,2022-09-11,1502,1481,9,0,7,0.6,0.9377,1.357,0.917,3.04,0.65,-0.322,0.705,0,0,0.9860186418109188
VND_ALPHA,BLADE_X,2023-01-09,2023-01-11,2251,1987,1,1,12,0.85,0.7238,1.125,1.0,3.7,2.96,-0.026,1.609,0,2,0.8827187916481564
VND_GAMMA,BATTERY_A,2021-12-05,2021-12-06,624,571,12,1,10,0.9,0.933,0.119,0.9361,1.78,3.21,-0.462,0.474,0,1,0.9150641025641025
VND_ZETA,SWITCH_S,2022-09-18,2022-09-18,6147,6147,9,0,6,0.65,0.9817,0.275,1.0,3.04,0.65,-0.322,0.705,0,0,1.0
VND_DELTA,SCREW_M4,2021-07-06,2021-07-16,5964,4977,7,0,5,0.4,0.3804,4.405,0.7723,10.0,6.05,-1.0,3.274,0,10,0.8345070422535211
VND_ALPHA,BATTERY_A,2022-03-14,2022-03-14,4106,3957,3,0,10,0.9,0.8398,1.267,0.9581,2.73,2.14,-0.359,0.814,0,0,0.9637116415002436
VND_BETA,BATTERY_A,2022-04-09,2022-04-11,4455,3632,4,0,10,0.9,0.5426,2.16,0.9483,7.67,5.01,-1.0,2.322,1,2,0.815263748597082
VND_ALPHA,BEARING_01,2021-01-17,2021-01-17,5898,5669,1,1,11,0.8,0.7695,1.196,0.9897,3.7,2.96,-0.026,1.609,0,0,0.9611732790776535
VND_ALPHA,CABLE_R,2023-05-15,2023-05-17,5885,5885,5,0,8,0.7,0.8486,1.958,1.0,2.19,1.91,-0.492,0.435,0,2,1.0
VND_DELTA,CASING_B,2021-05-26,2021-05-28,2075,1438,5,0,7,0.6,0.4185,4.163,0.774,9.38,7.59,-0.912,3.272,1,2,0.6930120481927711
VND_ALPHA,SWITCH_S,2021-07-29,2021-07-31,1045,1045,7,0,6,0.65,0.737,0.991,0.9937,2.66,1.71,-0.565,1.15,0,2,1.0
VND_GAMMA,CABLE_R,2022-09-05,2022-09-05,1323,1283,9,0,8,0.7,0.9614,0.17,1.0,1.65,0.0,-0.445,0.427,0,0,0.9697656840513983
VND_BETA,SWITCH_S,2021-10-20,2021-10-24,760,670,10,0,6,0.65,0.5445,2.63,0.8708,7.34,4.7,-0.665,2.932,1,4,0.881578947368421
VND_EPSILON,MOTOR_X,2021-12-03,2021-12-07,3805,2901,12,1,14,0.95,0.68,1.557,0.9368,2.82,4.49,-0.659,1.941,0,4,0.7624178712220762
VND_ZETA,CABLE_R,2022-03-13,2022-03-13,5345,5345,3,0,8,0.7,0.8828,0.312,0.9983,3.65,1.04,-0.406,0.887,0,0,1.0
VND_DELTA,CASING_B,2023-06-26,2023-06-26,7244,6561,6,0,7,0.6,0.3834,5.197,0.8316,10.0,7.21,-1.0,4.359,1,0,0.9057150745444505
VND_ALPHA,SCREW_M4,2021-07-25,2021-07-26,1346,1165,7,0,5,0.4,0.8583,1.93,0.9595,2.66,1.71,-0.565,1.15,0,1,0.8655274888558693
VND_EPSILON,BATTERY_A,2023-02-26,2023-02-28,3079,3079,2,0,10,0.9,0.7373,1.751,0.9217,3.97,2.95,-0.443,1.143,0,2,1.0
VND_GAMMA,SWITCH_S,2021-10-14,2021-10-13,2229,2229,10,0,6,0.65,0.9454,0.162,1.0,0.49,0.87,-0.256,1.02,0,-1,1.0
VND_ZETA,BLADE_X,2021-06-22,2021-06-21,2232,2232,6,0,12,0.85,0.906,0.423,0.9598,0.95,0.58,-1.0,0.11,0,-1,1.0
VND_ZETA,BLADE_X,2021-02-24,2021-02-25,7145,7145,2,0,12,0.85,0.9399,0.431,0.992,0.68,0.31,-0.17,0.259,0,1,1.0
VND_BETA,BLADE_X,2023-11-27,2023-12-01,5171,4584,11,1,12,0.85,0.509,2.899,0.8501,7.62,7.21,-0.911,3.187,1,4,0.8864823051634113
VND_ZETA,SCREW_M4,2023-03-14,2023-03-14,2621,2244,3,0,5,0.4,0.9246,0.608,1.0,3.65,1.04,-0.406,0.887,0,0,0.8561617703166731
VND_BETA,MOTOR_X,2023-10-11,2023-10-12,3361,2740,10,0,14,0.95,0.4837,2.67,0.8519,7.34,4.7,-0.665,2.932,1,1,0.8152335614400475
VND_BETA,BATTERY_A,2023-10-21,2023-10-25,5427,4449,10,0,10,0.9,0.5391,2.794,0.8845,7.34,4.7,-0.665,2.932,0,4,0.8197899391929243
VND_EPSILON,BATTERY_A,2021-01-25,2021-01-27,3158,2843,1,1,10,0.9,0.7355,1.708,0.9428,5.06,3.05,-0.408,1.754,1,2,0.9002533248891703
VND_BETA,CABLE_R,2023-03-04,2023-03-03,7251,6412,3,0,8,0.7,0.5692,3.092,0.8592,7.31,4.89,-0.841,3.19,0,-1,0.8842918218176803
VND_GAMMA,SWITCH_S,2021-12-20,2021-12-20,6448,6142,12,1,6,0.65,0.9923,0.377,1.0,1.78,3.21,-0.462,0.474,0,0,0.9525434243176178
VND_ALPHA,BEARING_01,2021-02-04,2021-02-04,5011,4717,2,0,11,0.8,0.8499,1.13,1.0,2.97,1.37,0.254,1.307,0,0,0.941329076032728
VND_ALPHA,BATTERY_A,2022-06-21,2022-06-21,1967,1881,6,0,10,0.9,0.7498,1.048,0.9349,4.67,1.37,-0.2,0.43,0,0,0.9562785968479919
VND_ALPHA,MOTOR_X,2023-03-27,2023-03-27,4350,3743,3,0,14,0.95,0.8309,0.17,0.9572,2.73,2.14,-0.359,0.814,0,0,0.8604597701149426
VND_ZETA,BLADE_X,2023-10-24,2023-10-24,6484,5851,10,0,12,0.85,0.9862,0.003,0.9634,2.08,0.04,-0.007,0.366,0,0,0.9023750771128933
VND_DELTA,SWITCH_S,2023-04-04,2023-04-07,875,597,4,0,6,0.65,0.402,5.221,0.731,10.0,7.27,-1.0,3.863,1,3,0.6822857142857143
VND_GAMMA,CASING_B,2021-06-21,2021-06-20,2738,2738,6,0,7,0.6,0.9591,-0.015,0.9482,1.52,0.0,0.363,0.701,0,-1,1.0
VND_EPSILON,BATTERY_A,2022-02-21,2022-02-21,6819,6469,2,0,10,0.9,0.6933,2.192,0.9109,3.97,2.95,-0.443,1.143,0,0,0.9486728259275553
VND_EPSILON,CASING_B,2022-11-01,2022-11-02,3400,3093,11,1,7,0.6,0.7876,1.144,0.8843,4.9,3.65,0.183,1.854,1,1,0.9097058823529411
VND_GAMMA,BATTERY_A,2023-06-15,2023-06-15,6179,6179,6,0,10,0.9,0.9368,0.096,0.9945,1.52,0.0,0.363,0.701,0,0,1.0
VND_ALPHA,SCREW_M4,2022-05-16,2022-05-18,906,733,5,0,5,0.4,0.8692,1.042,1.0,2.19,1.91,-0.492,0.435,0,2,0.8090507726269316
VND_ALPHA,SWITCH_S,2023-07-18,2023-07-19,5215,4511,7,0,6,0.65,0.813,1.16,0.9708,2.66,1.71,-0.565,1.15,0,1,0.8650047938638543
VND_GAMMA,MOTOR_X,2021-12-26,2021-12-26,1178,1078,12,1,14,0.95,0.9757,0.312,0.9201,1.78,3.21,-0.462,0.474,0,0,0.9151103565365025
VND_ZETA,MOTOR_X,2021-10-09,2021-10-09,5946,5341,10,0,14,0.95,1.0,-0.029,0.9671,2.08,0.04,-0.007,0.366,0,0,0.898250924991591
VND_BETA,MOTOR_X,2023-10-14,2023-10-17,3040,2817,10,0,14,0.95,0.6234,2.506,0.93,7.34,4.7,-0.665,2.932,1,3,0.9266447368421052
VND_BETA,BLADE_X,2023-02-01,2023-02-04,1239,1239,2,0,12,0.85,0.4941,3.281,0.8854,7.47,5.81,-0.631,3.173,1,3,1.0
VND_ZETA,BLADE_X,2021-08-30,2021-08-31,6519,6519,8,0,12,0.85,0.9176,0.389,1.0,1.44,0.77,0.404,0.0,0,1,1.0
VND_GAMMA,MOTOR_X,2023-05-30,2023-05-30,2428,2070,5,0,14,0.95,0.9828,0.47,0.961,1.61,2.86,-0.038,0.521,0,0,0.8525535420098846
VND_GAMMA,BATTERY_A,2021-06-07,2021-06-07,4264,3648,6,0,10,0.9,0.9299,-0.026,0.978,1.52,0.0,0.363,0.701,0,0,0.8555347091932458
VND_EPSILON,BEARING_01,2023-01-08,2023-01-07,654,654,1,1,11,0.8,0.7801,1.188,0.9382,5.06,3.05,-0.408,1.754,0,-1,1.0
VND_EPSILON,BEARING_01,2021-12-08,2021-12-10,3212,2801,12,1,11,0.8,0.7485,1.355,0.9039,2.82,4.49,-0.659,1.941,1,2,0.8720423412204235
VND_GAMMA,CASING_B,2021-07-30,2021-07-29,7525,7525,7,0,7,0.6,1.0,1.335,0.954,2.34,0.0,0.441,0.0,0,-1,1.0
VND_BETA,BATTERY_A,2023-11-09,2023-11-14,221,216,11,1,10,0.9,0.5063,3.044,0.8176,7.62,7.21,-0.911,3.187,1,5,0.9773755656108597
VND_ALPHA,MOTOR_X,2022-05-16,2022-05-16,576,576,5,0,14,0.95,0.8611,1.24,1.0,2.19,1.91,-0.492,0.435,0,0,1.0
VND_GAMMA,BEARING_01,2023-02-24,2023-02-24,7738,7738,2,0,11,0.8,0.929,0.539,0.9383,0.13,0.0,-0.083,0.079,0,0,1.0
VND_BETA,CASING_B,2021-03-14,2021-03-14,4729,3779,3,0,7,0.6,0.6029,2.732,0.8824,7.31,4.89,-0.841,3.19,0,0,0.7991118629731444
VND_BETA,SWITCH_S,2022-10-22,2022-10-26,2233,2115,10,0,6,0.65,0.5108,2.914,0.8877,7.34,4.7,-0.665,2.932,1,4,0.9471562919838782
VND_ZETA,SWITCH_S,2022-10-18,2022-10-18,2422,2192,10,0,6,0.65,0.8996,0.009,0.9718,2.08,0.04,-0.007,0.366,0,0,0.9050371593724195
VND_EPSILON,BATTERY_A,2023-02-03,2023-02-06,1178,1068,2,0,10,0.9,0.7037,1.428,0.9711,3.97,2.95,-0.443,1.143,0,3,0.9066213921901528
VND_BETA,MOTOR_X,2022-04-03,2022-04-05,6789,6297,4,0,14,0.95,0.5589,2.321,0.9125,7.67,5.01,-1.0,2.322,1,2,0.927529827662395
VND_DELTA,MOTOR_X,2021-05-22,2021-05-27,7384,4639,5,0,14,0.95,0.3521,3.774,0.7861,9.38,7.59,-0.912,3.272,1,5,0.6282502708559047
VND_GAMMA,BEARING_01,2022-09-29,2022-09-29,2881,2881,9,0,11,0.8,0.9191,0.101,0.9746,1.65,0.0,-0.445,0.427,0,0,1.0
VND_EPSILON,BATTERY_A,2023-07-25,2023-07-25,265,256,7,0,10,0.9,0.7178,1.202,0.9201,4.08,2.56,-0.606,1.633,1,0,0.9660377358490566
VND_BETA,CABLE_R,2022-08-21,2022-08-21,4818,4421,8,0,8,0.7,0.4819,2.575,0.8701,8.24,4.9,-0.912,2.005,0,0,0.9176006641760066
VND_ZETA,BLADE_X,2022-05-12,2022-05-14,4000,3864,5,0,12,0.85,0.9105,0.648,0.8725,3.15,0.0,0.105,0.83,0,2,0.966
VND_EPSILON,CABLE_R,2023-10-08,2023-10-10,6529,6287,10,0,8,0.7,0.7367,1.965,0.9138,4.13,3.48,-0.679,1.687,0,2,0.9629345994792464
VND_ZETA,SCREW_M4,2022-05-18,2022-05-19,1433,1360,5,0,5,0.4,0.8517,0.149,0.9712,3.15,0.0,0.105,0.83,0,1,0.9490579204466155
VND_DELTA,MOTOR_X,2021-02-18,2021-02-21,2108,1345,2,0,14,0.95,0.4345,4.379,0.7553,10.0,7.1,-1.0,3.739,1,3,0.638045540796964
VND_ZETA,CABLE_R,2021-01-20,2021-01-22,7990,7990,1,1,8,0.7,0.9013,0.355,1.0,1.09,2.03,0.123,0.866,0,2,1.0
VND_ALPHA,CABLE_R,2023-02-10,2023-02-11,7155,7155,2,0,8,0.7,0.9229,0.1,0.9783,2.97,1.37,0.254,1.307,0,1,1.0
VND_ALPHA,BLADE_X,2022-02-25,2022-02-25,4540,4540,2,0,12,0.85,0.7771,1.275,0.9555,2.97,1.37,0.254,1.307,0,0,1.0
VND_DELTA,SCREW_M4,2023-10-05,2023-10-12,690,532,10,0,5,0.4,0.434,3.895,0.7301,10.0,5.94,-1.0,3.793,1,7,0.7710144927536232
VND_ZETA,CASING_B,2022-07-28,2022-07-26,962,962,7,0,7,0.6,0.8709,0.583,0.9725,1.63,0.0,0.462,0.0,0,-2,1.0
VND_BETA,MOTOR_X,2023-12-01,2023-11-30,3583,3251,12,1,14,0.95,0.5025,2.641,0.896,7.45,6.37,-1.0,2.215,1,-1,0.9073402176946693
VND_DELTA,CABLE_R,2021-06-23,2021-06-27,4957,3907,6,0,8,0.7,0.3511,4.864,0.7578,10.0,7.21,-1.0,4.359,1,4,0.7881783336695583
VND_EPSILON,BATTERY_A,2021-10-01,2021-10-01,5420,4790,10,0,10,0.9,0.6994,1.85,0.9087,4.13,3.48,-0.679,1.687,0,0,0.8837638376383764
VND_ALPHA,SWITCH_S,2021-05-08,2021-05-10,3763,3763,5,0,6,0.65,0.8179,0.608,0.9481,2.19,1.91,-0.492,0.435,0,2,1.0
VND_BETA,CASING_B,2022-08-21,2022-08-26,2338,2038,8,0,7,0.6,0.5429,3.062,0.9089,8.24,4.9,-0.912,2.005,0,5,0.8716852010265184
VND_DELTA,CABLE_R,2022-10-31,2022-11-04,2805,1800,10,0,8,0.7,0.3631,3.974,0.7938,10.0,5.94,-1.0,3.793,1,4,0.6417112299465241
VND_GAMMA,BEARING_01,2022-04-24,2022-04-25,811,759,4,0,11,0.8,0.9477,0.774,1.0,1.81,0.33,-0.556,0.389,0,1,0.935881627620222
VND_BETA,SCREW_M4,2021-08-12,2021-08-14,1473,1205,8,0,5,0.4,0.5118,2.634,0.8462,8.24,4.9,-0.912,2.005,0,2,0.8180583842498302
VND_BETA,BATTERY_A,2023-07-10,2023-07-10,4017,4017,7,0,10,0.9,0.5628,2.237,0.8667,8.11,6.76,-1.0,3.129,1,0,1.0
VND_DELTA,CABLE_R,2021-09-05,2021-09-09,4590,4074,9,0,8,0.7,0.4203,3.936,0.8026,10.0,8.25,-1.0,4.688,1,4,0.8875816993464052
VND_BETA,CABLE_R,2023-07-15,2023-07-15,2725,2349,7,0,8,0.7,0.5485,3.064,0.9127,8.11,6.76,-1.0,3.129,1,0,0.8620183486238532
VND_GAMMA,BEARING_01,2021-09-03,2021-09-03,940,940,9,0,11,0.8,0.9267,0.456,1.0,1.65,0.0,-0.445,0.427,0,0,1.0
VND_ZETA,CASING_B,2022-09-16,2022-09-18,6969,6969,9,0,7,0.6,0.9151,0.2,0.9749,3.04,0.65,-0.322,0.705,0,2,1.0
VND_BETA,MOTOR_X,2022-11-03,2022-11-10,1415,1322,11,1,14,0.95,0.4648,3.274,0.9111,7.62,7.21,-0.911,3.187,0,7,0.9342756183745583
VND_ZETA,BATTERY_A,2022-05-24,2022-05-22,3114,3114,5,0,10,0.9,0.9354,0.571,0.9587,3.15,0.0,0.105,0.83,0,-2,1.0
VND_EPSILON,SWITCH_S,2021-04-11,2021-04-11,5747,5747,4,0,6,0.65,0.6817,0.935,0.9259,3.47,1.86,-0.305,1.806,0,0,1.0
VND_GAMMA,BLADE_X,2021-12-23,2021-12-23,454,423,12,1,12,0.85,0.8622,0.94,1.0,1.78,3.21,-0.462,0.474,0,0,0.9317180616740088
VND_DELTA,SWITCH_S,2022-05-27,2022-06-02,975,813,5,0,6,0.65,0.3825,4.618,0.7787,9.38,7.59,-0.912,3.272,1,6,0.8338461538461538
VND_ALPHA,BEARING_01,2021-10-14,2021-10-14,1194,880,10,0,11,0.8,0.8109,0.943,0.9641,3.41,0.0,-0.618,1.079,0,0,0.7370184254606366
VND_ALPHA,MOTOR_X,2022-04-01,2022-04-03,1270,1191,4,0,14,0.95,0.8469,0.832,0.9633,3.44,0.0,-0.737,0.775,0,2,0.9377952755905512
VND_DELTA,SCREW_M4,2023-02-02,2023-02-08,5822,4803,2,0,5,0.4,0.3304,3.899,0.7476,10.0,7.1,-1.0,3.739,1,6,0.8249742356578496
VND_EPSILON,BATTERY_A,2022-06-15,2022-06-15,7715,6753,6,0,10,0.9,0.7645,1.508,0.8883,5.8,3.45,-0.555,1.904,1,0,0.8753078418664938
VND_ALPHA,BATTERY_A,2021-05-13,2021-05-13,1819,1728,5,0,10,0.9,0.8717,0.7,0.9995,2.19,1.91,-0.492,0.435,1,0,0.9499725123694338
VND_BETA,BEARING_01,2021-07-08,2021-07-11,7614,7009,7,0,11,0.8,0.602,2.569,0.8797,8.11,6.76,-1.0,3.129,0,3,0.9205411084843709
VND_ALPHA,CABLE_R,2021-03-29,2021-03-29,7919,7355,3,0,8,0.7,0.7707,1.381,1.0,2.73,2.14,-0.359,0.814,0,0,0.928778886223008
VND_ALPHA,BEARING_01,2021-12-11,2021-12-15,7770,7110,12,1,11,0.8,0.8492,1.679,0.8906,1.72,2.38,-0.358,1.423,0,4,0.915057915057915
VND_ZETA,SWITCH_S,2023-03-20,2023-03-20,4264,4264,3,0,6,0.65,0.8911,0.563,0.9748,3.65,1.04,-0.406,0.887,0,0,1.0
VND_DELTA,MOTOR_X,2023-05-24,2023-05-30,1615,1393,5,0,14,0.95,0.3786,4.808,0.7715,9.38,7.59,-0.912,3.272,1,6,0.8625386996904024
VND_BETA,CABLE_R,2022-01-19,2022-01-20,2452,2152,1,1,8,0.7,0.525,3.099,0.8809,8.49,4.94,-0.843,2.646,1,1,0.8776508972267537
VND_DELTA,BLADE_X,2021-11-01,2021-11-09,483,352,11,1,12,0.85,0.3935,4.329,0.7728,10.0,9.01,-1.0,3.571,1,8,0.7287784679089027
VND_ZETA,SCREW_M4,2022-08-28,2022-08-28,4286,4059,8,0,5,0.4,0.8908,-0.383,0.96,1.44,0.77,0.404,0.0,0,0,0.9470368642090528
VND_EPSILON,SWITCH_S,2023-09-09,2023-09-10,699,668,9,0,6,0.65,0.679,1.836,0.9911,4.38,3.89,-0.441,1.169,1,1,0.9556509298998569
VND_GAMMA,BATTERY_A,2023-02-24,2023-02-25,1324,1226,2,0,10,0.9,0.9242,-0.796,1.0,0.13,0.0,-0.083,0.079,0,1,0.9259818731117825
VND_BETA,SWITCH_S,2023-12-13,2023-12-20,2241,2016,12,1,6,0.65,0.5701,2.664,0.8535,7.45,6.37,-1.0,2.215,1,7,0.8995983935742972
VND_DELTA,MOTOR_X,2023-01-06,2023-01-13,4129,3078,1,1,14,0.95,0.3845,4.684,0.7644,10.0,9.08,-1.0,3.072,1,7,0.7454589488980383
VND_GAMMA,BEARING_01,2023-10-26,2023-10-26,2834,2834,10,0,11,0.8,0.937,0.948,0.9715,0.49,0.87,-0.256,1.02,0,0,1.0
VND_GAMMA,SWITCH_S,2022-01-04,2022-01-03,413,395,1,1,6,0.65,0.9859,0.315,1.0,1.85,2.16,0.022,0.306,0,-1,0.9564164648910412
VND_EPSILON,CABLE_R,2022-03-25,2022-03-30,440,412,3,0,8,0.7,0.6881,1.408,0.9591,5.21,3.36,-0.135,2.022,0,5,0.9363636363636364
VND_ALPHA,BLADE_X,2023-08-25,2023-08-25,4537,4225,8,0,12,0.85,0.8356,0.938,0.9504,2.6,1.31,-0.401,1.741,0,0,0.9312320916905444
VND_EPSILON,CABLE_R,2022-04-22,2022-04-20,1507,1394,4,0,8,0.7,0.68,1.745,0.9419,3.47,1.86,-0.305,1.806,0,-2,0.9250165892501659
VND_BETA,BATTERY_A,2022-05-09,2022-05-09,2383,2173,5,0,10,0.9,0.5204,3.146,0.8845,8.96,6.56,-0.962,3.201,0,0,0.9118757868233319
VND_BETA,MOTOR_X,2023-03-07,2023-03-10,3106,2652,3,0,14,0.95,0.4915,3.333,0.8975,7.31,4.89,-0.841,3.19,1,3,0.8538312942691565
VND_BETA,CASING_B,2022-04-30,2022-05-04,5053,4197,4,0,7,0.6,0.4367,3.344,0.9028,7.67,5.01,-1.0,2.322,0,4,0.8305956857312488
VND_ZETA,CABLE_R,2023-01-05,2023-01-04,7687,7687,1,1,8,0.7,0.8811,0.829,1.0,1.09,2.03,0.123,0.866,0,-1,1.0
VND_ZETA,MOTOR_X,2022-12-22,2022-12-22,7962,7962,12,1,14,0.95,0.895,0.078,1.0,4.01,0.19,-0.074,0.755,0,0,1.0
VND_EPSILON,CASING_B,2022-01-21,2022-01-22,7054,6317,1,1,7,0.6,0.7397,1.6,0.9296,5.06,3.05,-0.408,1.754,1,1,0.8955202721859937
VND_EPSILON,BEARING_01,2022-09-25,2022-09-26,1638,1310,9,0,11,0.8,0.7105,0.925,0.9508,4.38,3.89,-0.441,1.169,0,1,0.7997557997557998
VND_ALPHA,BEARING_01,2021-07-04,2021-07-06,660,643,7,0,11,0.8,0.8498,1.015,0.8884,2.66,1.71,-0.565,1.15,0,2,0.9742424242424242
VND_EPSILON,SCREW_M4,2022-03-25,2022-03-25,363,363,3,0,5,0.4,0.6772,1.508,0.9354,5.21,3.36,-0.135,2.022,0,0,1.0
VND_ALPHA,BEARING_01,2022-11-11,2022-11-14,7719,7309,11,1,11,0.8,0.8403,1.023,0.9264,3.94,3.27,-0.255,0.88,0,3,0.9468843114393056
VND_BETA,SCREW_M4,2022-11-29,2022-12-01,6073,4545,11,1,5,0.4,0.6002,2.601,0.842,7.62,7.21,-0.911,3.187,1,2,0.7483945331796477
VND_GAMMA,CASING_B,2021-05-02,2021-05-02,379,335,5,0,7,0.6,0.9512,0.772,1.0,1.61,2.86,-0.038,0.521,0,0,0.8839050131926122
VND_EPSILON,CASING_B,2021-10-18,2021-10-18,6543,5655,10,0,7,0.6,0.7258,1.745,0.9292,4.13,3.48,-0.679,1.687,0,0,0.8642824392480514
VND_EPSILON,BATTERY_A,2023-01-18,2023-01-19,794,597,1,1,10,0.9,0.752,2.441,0.9134,5.06,3.05,-0.408,1.754,1,1,0.7518891687657431
VND_ZETA,CABLE_R,2023-03-22,2023-03-22,5000,5000,3,0,8,0.7,0.9335,-0.014,1.0,3.65,1.04,-0.406,0.887,0,0,1.0
VND_GAMMA,BATTERY_A,2022-09-11,2022-09-11,2842,2842,9,0,10,0.9,0.9628,0.213,1.0,1.65,0.0,-0.445,0.427,0,0,1.0
VND_BETA,CASING_B,2023-06-14,2023-06-18,6686,4762,6,0,7,0.6,0.5326,3.489,0.857,8.51,4.55,-0.832,3.415,0,4,0.7122345198923123
VND_ZETA,BEARING_01,2022-10-12,2022-10-12,1627,1548,10,0,11,0.8,0.8338,-0.147,0.9468,2.08,0.04,-0.007,0.366,1,0,0.9514443761524278
VND_BETA,CABLE_R,2021-12-26,2021-12-29,3299,2915,12,1,8,0.7,0.5909,2.724,0.8628,7.45,6.37,-1.0,2.215,1,3,0.8836010912397696
VND_ZETA,BLADE_X,2022-08-27,2022-08-27,1243,1243,8,0,12,0.85,1.0,-0.098,0.9957,1.44,0.77,0.404,0.0,0,0,1.0
VND_ZETA,CASING_B,2021-01-04,2021-01-03,7972,7972,1,1,7,0.6,0.9146,0.481,0.9795,1.09,2.03,0.123,0.866,0,-1,1.0
VND_EPSILON,SWITCH_S,2021-03-08,2021-03-08,1691,1234,3,0,6,0.65,0.7216,1.139,0.9402,5.21,3.36,-0.135,2.022,0,0,0.729745712596097
VND_EPSILON,CABLE_R,2022-03-29,2022-03-31,5439,4899,3,0,8,0.7,0.7093,1.841,0.9309,5.21,3.36,-0.135,2.022,0,2,0.9007170435741865
VND_DELTA,BATTERY_A,2021-10-16,2021-10-22,2912,2091,10,0,10,0.9,0.3726,4.208,0.8292,10.0,5.94,-1.0,3.793,0,6,0.7180631868131868
VND_BETA,BATTERY_A,2022-12-12,2022-12-16,2817,2076,12,1,10,0.9,0.6255,2.734,0.9009,7.45,6.37,-1.0,2.215,1,4,0.7369542066027689
VND_ZETA,CASING_B,2021-07-01,2021-07-01,6931,5931,7,0,7,0.6,0.9446,-0.474,0.9882,1.63,0.0,0.462,0.0,0,0,0.8557206752272399
VND_DELTA,CABLE_R,2021-01-24,2021-01-31,2372,2264,1,1,8,0.7,0.3745,4.736,0.7668,10.0,9.08,-1.0,3.072,1,7,0.954468802698145
VND_BETA,SCREW_M4,2021-05-19,2021-05-26,3071,2613,5,0,5,0.4,0.4821,3.54,0.8721,8.96,6.56,-0.962,3.201,0,7,0.8508629111038749
VND_ALPHA,BLADE_X,2021-01-03,2021-01-03,594,564,1,1,12,0.85,0.9439,0.897,0.9753,3.7,2.96,-0.026,1.609,1,0,0.9494949494949495
VND_DELTA,SWITCH_S,2023-05-10,2023-05-12,1562,1254,5,0,6,0.65,0.4078,5.265,0.7048,9.38,7.59,-0.912,3.272,1,2,0.8028169014084507
VND_DELTA,SWITCH_S,2023-02-15,2023-02-13,3077,2271,2,0,6,0.65,0.4881,4.408,0.8031,10.0,7.1,-1.0,3.739,1,-2,0.7380565485862853
VND_ALPHA,SWITCH_S,2023-09-09,2023-09-12,6661,5840,9,0,6,0.65,0.8304,1.021,0.9354,3.19,0.54,0.027,0.512,0,3,0.8767452334484311
VND_BETA,SCREW_M4,2023-07-14,2023-07-14,803,719,7,0,5,0.4,0.5,2.694,0.881,8.11,6.76,-1.0,3.129,0,0,0.8953922789539228
VND_GAMMA,MOTOR_X,2021-02-11,2021-02-11,2810,2621,2,0,14,0.95,0.9388,1.045,0.9616,0.13,0.0,-0.083,0.079,0,0,0.9327402135231316
VND_ALPHA,BLADE_X,2021-06-01,2021-06-02,3000,3000,6,0,12,0.85,0.8105,0.952,0.9269,4.67,1.37,-0.2,0.43,0,1,1.0
VND_DELTA,CASING_B,2021-11-26,2021-12-04,6196,5137,11,1,7,0.6,0.4508,3.813,0.7339,10.0,9.01,-1.0,3.571,1,8,0.829083279535184
VND_EPSILON,BATTERY_A,2021-07-10,2021-07-12,2968,2447,7,0,10,0.9,0.6703,0.65,0.9516,4.08,2.56,-0.606,1.633,0,2,0.8244609164420486
VND_ZETA,BEARING_01,2021-03-05,2021-03-05,3733,3044,3,0,11,0.8,0.9466,0.044,0.9988,3.65,1.04,-0.406,0.887,0,0,0.8154299491025985
VND_EPSILON,CASING_B,2023-06-09,2023-06-08,1486,1146,6,0,7,0.6,0.6411,1.293,0.921,5.8,3.45,-0.555,1.904,1,-1,0.7711978465679677
VND_ALPHA,MOTOR_X,2022-11-10,2022-11-10,1883,1602,11,1,14,0.95,0.8584,0.45,0.9546,3.94,3.27,-0.255,0.88,0,0,0.8507700477960701
VND_DELTA,SCREW_M4,2022-06-28,2022-06-30,5611,3975,6,0,5,0.4,0.3539,4.345,0.7509,10.0,7.21,-1.0,4.359,1,2,0.7084298698984138
VND_GAMMA,BLADE_X,2022-05-02,2022-05-02,985,857,5,0,12,0.85,0.9991,0.495,1.0,1.61,2.86,-0.038,0.521,0,0,0.8700507614213198
VND_DELTA,MOTOR_X,2023-10-03,2023-10-04,1458,1163,10,0,14,0.95,0.2839,5.057,0.7902,10.0,5.94,-1.0,3.793,0,1,0.7976680384087792
VND_GAMMA,MOTOR_X,2021-01-08,2021-01-07,3702,3211,1,1,14,0.95,0.9307,0.243,0.9393,1.85,2.16,0.022,0.306,0,-1,0.8673689897352782
VND_GAMMA,BATTERY_A,2023-09-11,2023-09-11,1835,1835,9,0,10,0.9,0.894,-0.308,1.0,1.65,0.0,-0.445,0.427,0,0,1.0
VND_ALPHA,BATTERY_A,2022-02-28,2022-03-02,1599,1599,2,0,10,0.9,0.7987,0.001,0.9694,2.97,1.37,0.254,1.307,0,2,1.0
VND_ALPHA,BLADE_X,2023-08-28,2023-08-28,7112,7112,8,0,12,0.85,0.7843,0.845,0.9547,2.6,1.31,-0.401,1.741,0,0,1.0
VND_GAMMA,BATTERY_A,2023-03-26,2023-03-24,4057,3736,3,0,10,0.9,1.0,0.34,1.0,1.39,0.8,0.586,0.47,0,-2,0.9208774956864678
VND_ZETA,BEARING_01,2022-06-27,2022-06-27,946,852,6,0,11,0.8,0.9619,-0.349,0.9994,0.95,0.58,-1.0,0.11,0,0,0.9006342494714588
VND_BETA,SWITCH_S,2023-01-30,2023-01-30,7453,6665,1,1,6,0.65,0.5075,2.754,0.8982,8.49,4.94,-0.843,2.646,1,0,0.8942707634509593
VND_GAMMA,SWITCH_S,2022-01-18,2022-01-19,3851,3851,1,1,6,0.65,0.9972,0.461,0.961,1.85,2.16,0.022,0.306,0,1,1.0
VND_GAMMA,MOTOR_X,2023-06-20,2023-06-20,4009,3913,6,0,14,0.95,0.9286,1.457,0.9984,1.52,0.0,0.363,0.701,0,0,0.9760538787727613
VND_BETA,BLADE_X,2022-07-05,2022-07-10,4822,3572,7,0,12,0.85,0.5998,3.693,0.8404,8.11,6.76,-1.0,3.129,1,5,0.7407714641227706
VND_BETA,MOTOR_X,2021-07-18,2021-07-22,902,770,7,0,14,0.95,0.5338,3.296,0.88,8.11,6.76,-1.0,3.129,0,4,0.8536585365853658
VND_EPSILON,CABLE_R,2023-04-28,2023-04-28,6396,6396,4,0,8,0.7,0.6633,0.902,0.9341,3.47,1.86,-0.305,1.806,0,0,1.0
VND_EPSILON,SCREW_M4,2021-05-05,2021-05-06,7087,7029,5,0,5,0.4,0.7089,1.603,0.9335,5.37,6.65,-0.289,2.054,0,1,0.9918160011288274
VND_EPSILON,SWITCH_S,2023-05-08,2023-05-08,4586,4586,5,0,6,0.65,0.6975,2.342,0.931,5.37,6.65,-0.289,2.054,0,0,1.0
VND_EPSILON,BEARING_01,2022-04-28,2022-04-27,4101,4031,4,0,11,0.8,0.7618,1.192,0.9398,3.47,1.86,-0.305,1.806,1,-1,0.9829309924408681
VND_ALPHA,BLADE_X,2023-03-20,2023-03-22,7595,7291,3,0,12,0.85,0.8474,0.139,0.9734,2.73,2.14,-0.359,0.814,0,2,0.9599736668861093
VND_EPSILON,MOTOR_X,2023-11-25,2023-11-25,6757,6458,11,1,14,0.95,0.6819,1.681,0.937,4.9,3.65,0.183,1.854,1,0,0.9557495930146515
VND_ALPHA,CASING_B,2023-07-09,2023-07-09,1616,1616,7,0,7,0.6,0.8997,1.157,1.0,2.66,1.71,-0.565,1.15,0,0,1.0
VND_BETA,CASING_B,2022-01-30,2022-02-01,1233,1139,1,1,7,0.6,0.5801,3.175,0.8433,8.49,4.94,-0.843,2.646,1,2,0.9237631792376317
VND_DELTA,MOTOR_X,2021-06-10,2021-06-17,5796,4550,6,0,14,0.95,0.4261,4.013,0.784,10.0,7.21,-1.0,4.359,1,7,0.785024154589372
VND_BETA,SWITCH_S,2021-10-30,2021-10-30,7033,5777,10,0,6,0.65,0.5089,2.226,0.8626,7.34,4.7,-0.665,2.932,1,0,0.8214133371249822
VND_GAMMA,BLADE_X,2021-05-18,2021-05-19,912,835,5,0,12,0.85,0.9477,0.479,0.996,1.61,2.86,-0.038,0.521,0,1,0.9155701754385965
VND_EPSILON,SWITCH_S,2023-03-25,2023-03-28,4722,4448,3,0,6,0.65,0.8083,1.816,0.9392,5.21,3.36,-0.135,2.022,0,3,0.9419737399407031
VND_GAMMA,CABLE_R,2023-12-01,2023-12-01,3953,3953,12,1,8,0.7,1.0,0.19,0.9805,1.78,3.21,-0.462,0.474,0,0,1.0
VND_ZETA,MOTOR_X,2023-12-07,2023-12-07,6603,6149,12,1,14,0.95,0.9361,0.383,0.9676,4.01,0.19,-0.074,0.755,0,0,0.9312433742238376
VND_ALPHA,SWITCH_S,2023-04-29,2023-04-28,1425,1314,4,0,6,0.65,0.8401,0.644,0.9172,3.44,0.0,-0.737,0.775,0,-1,0.9221052631578948
VND_EPSILON,CASING_B,2021-07-25,2021-07-26,7777,6743,7,0,7,0.6,0.7361,1.735,0.9519,4.08,2.56,-0.606,1.633,1,1,0.867043847241867
VND_EPSILON,BATTERY_A,2021-07-26,2021-07-29,6636,6636,7,0,10,0.9,0.8181,1.358,0.9333,4.08,2.56,-0.606,1.633,1,3,1.0
VND_EPSILON,BLADE_X,2022-12-06,2022-12-07,7391,5416,12,1,12,0.85,0.7302,1.845,0.8897,2.82,4.49,-0.659,1.941,1,1,0.7327831145988364
VND_GAMMA,SWITCH_S,2023-02-24,2023-02-24,5564,5564,2,0,6,0.65,0.9636,0.9,0.9922,0.13,0.0,-0.083,0.079,0,0,1.0
VND_EPSILON,BEARING_01,2023-08-27,2023-08-30,506,506,8,0,11,0.8,0.7492,2.428,0.9481,7.16,0.93,-0.254,0.955,0,3,1.0
VND_GAMMA,CASING_B,2023-04-06,2023-04-06,1378,1331,4,0,7,0.6,0.9166,0.739,1.0,1.81,0.33,-0.556,0.389,0,0,0.9658925979680697
VND_ALPHA,SWITCH_S,2023-03-22,2023-03-22,7487,6962,3,0,6,0.65,0.8414,1.265,0.9642,2.73,2.14,-0.359,0.814,0,0,0.9298784559903833
VND_ZETA,CABLE_R,2022-05-02,2022-05-04,603,550,5,0,8,0.7,0.8789,0.042,0.9399,3.15,0.0,0.105,0.83,0,2,0.912106135986733
VND_GAMMA,BEARING_01,2023-02-02,2023-02-03,365,363,2,0,11,0.8,0.9309,0.39,1.0,0.13,0.0,-0.083,0.079,0,1,0.9945205479452055
VND_GAMMA,CABLE_R,2022-09-29,2022-09-29,2496,2397,9,0,8,0.7,0.9376,-0.319,0.9979,1.65,0.0,-0.445,0.427,0,0,0.9603365384615384
VND_ZETA,BEARING_01,2021-07-21,2021-07-21,7318,7318,7,0,11,0.8,0.9398,0.681,0.9763,1.63,0.0,0.462,0.0,0,0,1.0
VND_BETA,SCREW_M4,2022-09-08,2022-09-08,6292,5585,9,0,5,0.4,0.5593,2.513,0.8624,7.93,5.56,-0.497,2.593,1,0,0.8876350921805467
VND_GAMMA,BEARING_01,2022-07-06,2022-07-06,6170,6170,7,0,11,0.8,0.9209,0.162,0.9338,2.34,0.0,0.441,0.0,0,0,1.0
VND_EPSILON,SWITCH_S,2021-07-02,2021-07-04,1739,1506,7,0,6,0.65,0.7716,0.994,0.9444,4.08,2.56,-0.606,1.633,0,2,0.8660149511213341
VND_BETA,BEARING_01,2023-04-14,2023-04-14,6269,4670,4,0,11,0.8,0.5319,2.462,0.9065,7.67,5.01,-1.0,2.322,0,0,0.7449353963949593
VND_EPSILON,BEARING_01,2023-02-05,2023-02-06,6925,6530,2,0,11,0.8,0.6995,1.584,0.9759,3.97,2.95,-0.443,1.143,1,1,0.9429602888086642
VND_EPSILON,MOTOR_X,2021-11-22,2021-11-22,737,591,11,1,14,0.95,0.7631,1.171,0.9224,4.9,3.65,0.183,1.854,1,0,0.8018995929443691
VND_ZETA,BLADE_X,2023-11-04,2023-11-07,3504,3444,11,1,12,0.85,0.8979,-0.059,1.0,1.99,2.8,0.448,0.025,1,3,0.9828767123287672
VND_EPSILON,CASING_B,2021-03-01,2021-03-01,1623,1104,3,0,7,0.6,0.7764,0.644,0.9256,5.21,3.36,-0.135,2.022,1,0,0.6802218114602587
VND_BETA,SCREW_M4,2021-04-29,2021-05-01,2243,1900,4,0,5,0.4,0.4909,2.903,0.9368,7.67,5.01,-1.0,2.322,0,2,0.8470798038341507
VND_DELTA,MOTOR_X,2021-04-14,2021-04-15,7720,5612,4,0,14,0.95,0.3554,4.213,0.7597,10.0,7.27,-1.0,3.863,1,1,0.7269430051813471
VND_ZETA,CABLE_R,2022-02-12,2022-02-13,2444,2444,2,0,8,0.7,0.9237,0.033,0.9828,0.68,0.31,-0.17,0.259,0,1,1.0
VND_DELTA,CABLE_R,2023-11-01,2023-11-01,3451,2068,11,1,8,0.7,0.4156,3.974,0.7168,10.0,9.01,-1.0,3.571,1,0,0.5992465951898001
VND_ZETA,BATTERY_A,2021-03-04,2021-03-05,2181,2107,3,0,10,0.9,0.9235,0.575,0.9535,3.65,1.04,-0.406,0.887,0,1,0.9660706098120129
VND_DELTA,CABLE_R,2023-07-03,2023-07-07,1654,1078,7,0,8,0.7,0.3642,5.395,0.7418,10.0,6.05,-1.0,3.274,1,4,0.6517533252720678
VND_EPSILON,BEARING_01,2022-12-18,2022-12-21,3020,2727,12,1,11,0.8,0.6608,2.281,0.9282,2.82,4.49,-0.659,1.941,1,3,0.9029801324503312
VND_GAMMA,CASING_B,2021-07-05,2021-07-05,2535,2535,7,0,7,0.6,0.9655,-0.116,0.9895,2.34,0.0,0.441,0.0,0,0,1.0
VND_DELTA,MOTOR_X,2021-04-12,2021-04-20,1534,1035,4,0,14,0.95,0.353,4.883,0.6886,10.0,7.27,-1.0,3.863,1,8,0.6747066492829205
VND_BETA,SCREW_M4,2022-04-07,2022-04-09,5751,4802,4,0,5,0.4,0.5349,2.21,0.9107,7.67,5.01,-1.0,2.322,0,2,0.8349852199617458
VND_GAMMA,SCREW_M4,2023-04-19,2023-04-19,4404,3934,4,0,5,0.4,1.0,1.047,0.9551,1.81,0.33,-0.556,0.389,0,0,0.8932788374205268
VND_ZETA,MOTOR_X,2021-01-19,2021-01-21,4083,4083,1,1,14,0.95,0.8555,0.198,0.9968,1.09,2.03,0.123,0.866,0,2,1.0
VND_ZETA,CASING_B,2021-12-21,2021-12-21,5124,4281,12,1,7,0.6,0.9305,-0.079,0.972,4.01,0.19,-0.074,0.755,0,0,0.835480093676815
VND_BETA,MOTOR_X,2022-06-01,2022-06-07,5183,4773,6,0,14,0.95,0.5816,2.12,0.878,8.51,4.55,-0.832,3.415,0,6,0.9208952344202199
VND_ZETA,BLADE_X,2022-07-18,2022-07-17,3671,3671,7,0,12,0.85,0.9632,0.147,0.9887,1.63,0.0,0.462,0.0,0,-1,1.0
VND_GAMMA,SWITCH_S,2023-07-30,2023-07-30,2264,2264,7,0,6,0.65,0.9491,0.708,0.9189,2.34,0.0,0.441,0.0,0,0,1.0
VND_DELTA,SCREW_M4,2022-09-11,2022-09-12,5747,4607,9,0,5,0.4,0.3713,4.124,0.81,10.0,8.25,-1.0,4.688,1,1,0.8016356359839917
VND_EPSILON,SWITCH_S,2021-07-29,2021-08-01,260,256,7,0,6,0.65,0.7121,1.649,0.9449,4.08,2.56,-0.606,1.633,0,3,0.9846153846153847
VND_EPSILON,CABLE_R,2022-08-02,2022-08-04,2645,2609,8,0,8,0.7,0.6622,1.903,0.9129,7.16,0.93,-0.254,0.955,0,2,0.9863894139886579
VND_DELTA,BATTERY_A,2021-05-11,2021-05-14,2954,1805,5,0,10,0.9,0.4237,3.608,0.7579,9.38,7.59,-0.912,3.272,1,3,0.6110358835477319
VND_ZETA,BLADE_X,2022-10-28,2022-10-27,7257,6900,10,0,12,0.85,0.9867,0.709,0.9753,2.08,0.04,-0.007,0.366,1,-1,0.9508061182306738
VND_GAMMA,BLADE_X,2022-09-04,2022-09-04,1743,1743,9,0,12,0.85,0.9244,1.114,1.0,1.65,0.0,-0.445,0.427,0,0,1.0
VND_EPSILON,CASING_B,2022-05-08,2022-05-08,7570,7534,5,0,7,0.6,0.7263,1.067,0.9179,5.37,6.65,-0.289,2.054,0,0,0.9952443857331572
VND_EPSILON,MOTOR_X,2023-04-08,2023-04-09,5611,5179,4,0,14,0.95,0.7118,1.084,0.9426,3.47,1.86,-0.305,1.806,1,1,0.9230083764034931
VND_ZETA,CABLE_R,2021-10-14,2021-10-13,6108,6016,10,0,8,0.7,0.9345,0.474,1.0,2.08,0.04,-0.007,0.366,0,-1,0.9849377865094957
VND_ZETA,MOTOR_X,2023-10-16,2023-10-17,2621,2621,10,0,14,0.95,0.8892,0.273,0.9363,2.08,0.04,-0.007,0.366,0,1,1.0
VND_DELTA,BLADE_X,2023-04-09,2023-04-12,3380,3038,4,0,12,0.85,0.4002,4.674,0.7343,10.0,7.27,-1.0,3.863,1,3,0.8988165680473372
VND_EPSILON,MOTOR_X,2022-01-24,2022-01-27,3011,2608,1,1,14,0.95,0.716,1.152,0.9096,5.06,3.05,-0.408,1.754,0,3,0.8661574227831286
VND_ZETA,SCREW_M4,2023-12-31,2024-01-01,5429,5429,12,1,5,0.4,0.8521,0.791,0.9557,4.01,0.19,-0.074,0.755,0,1,1.0
VND_ZETA,BEARING_01,2023-01-05,2023-01-06,4355,4355,1,1,11,0.8,0.8985,0.676,0.9474,1.09,2.03,0.123,0.866,0,1,1.0
VND_BETA,BLADE_X,2022-01-06,2022-01-15,2606,2171,1,1,12,0.85,0.5883,2.758,0.917,8.49,4.94,-0.843,2.646,1,9,0.8330775134305449
VND_DELTA,BATTERY_A,2021-09-20,2021-09-24,6269,4040,9,0,10,0.9,0.3611,4.978,0.7597,10.0,8.25,-1.0,4.688,1,4,0.6444408996650184
VND_ZETA,BLADE_X,2022-01-10,2022-01-12,7957,7875,1,1,12,0.85,0.9827,-0.143,0.9667,1.09,2.03,0.123,0.866,0,2,0.9896946085207993
VND_ZETA,CABLE_R,2021-07-02,2021-07-02,2020,1929,7,0,8,0.7,0.9104,0.239,1.0,1.63,0.0,0.462,0.0,1,0,0.9549504950495049
VND_BETA,CABLE_R,2022-09-21,2022-09-21,3644,3170,9,0,8,0.7,0.5443,2.734,0.881,7.93,5.56,-0.497,2.593,0,0,0.8699231613611416
VND_GAMMA,CABLE_R,2022-06-18,2022-06-18,4996,4218,6,0,8,0.7,0.9086,0.254,0.9425,1.52,0.0,0.363,0.701,0,0,0.844275420336269
VND_DELTA,BLADE_X,2021-08-30,2021-08-30,4054,3383,8,0,12,0.85,0.2969,4.406,0.8344,10.0,7.14,-1.0,3.931,1,0,0.8344844597927973
VND_ZETA,MOTOR_X,2021-05-26,2021-05-25,4068,4068,5,0,14,0.95,0.907,0.763,0.9952,3.15,0.0,0.105,0.83,0,-1,1.0
VND_EPSILON,SCREW_M4,2021-09-03,2021-09-07,7306,7306,9,0,5,0.4,0.7201,0.579,0.9054,4.38,3.89,-0.441,1.169,0,4,1.0
VND_EPSILON,SWITCH_S,2022-09-04,2022-09-04,3584,3432,9,0,6,0.65,0.7029,1.658,0.9342,4.38,3.89,-0.441,1.169,1,0,0.9575892857142857
VND_BETA,MOTOR_X,2021-10-09,2021-10-11,1840,1797,10,0,14,0.95,0.5643,2.826,0.9072,7.34,4.7,-0.665,2.932,1,2,0.9766304347826087
VND_DELTA,CABLE_R,2023-07-27,2023-07-31,1373,1026,7,0,8,0.7,0.3265,5.003,0.7801,10.0,6.05,-1.0,3.274,0,4,0.7472687545520758
VND_ZETA,CABLE_R,2022-01-05,2022-01-05,6581,6376,1,1,8,0.7,0.9476,0.907,0.9793,1.09,2.03,0.123,0.866,0,0,0.968849718887707
VND_DELTA,BATTERY_A,2022-11-13,2022-11-13,5369,4133,11,1,10,0.9,0.4427,4.112,0.8218,10.0,9.01,-1.0,3.571,1,0,0.7697895325013969
VND_GAMMA,CASING_B,2021-04-29,2021-04-29,238,238,4,0,7,0.6,0.9547,-0.214,1.0,1.81,0.33,-0.556,0.389,0,0,1.0
VND_GAMMA,BEARING_01,2022-03-05,2022-03-04,6435,5639,3,0,11,0.8,0.9869,0.595,0.9688,1.39,0.8,0.586,0.47,0,-1,0.8763014763014763
VND_EPSILON,CASING_B,2021-11-21,2021-11-22,4210,4028,11,1,7,0.6,0.7125,1.573,0.9432,4.9,3.65,0.183,1.854,0,1,0.956769596199525
VND_BETA,BATTERY_A,2023-06-08,2023-06-10,5389,4433,6,0,10,0.9,0.5354,3.186,0.9207,8.51,4.55,-0.832,3.415,1,2,0.8226015958433847
VND_DELTA,SWITCH_S,2023-05-29,2023-06-04,4110,3081,5,0,6,0.65,0.3345,4.171,0.8091,9.38,7.59,-0.912,3.272,1,6,0.7496350364963503
VND_ALPHA,SWITCH_S,2021-03-19,2021-03-20,4572,4572,3,0,6,0.65,0.7856,0.433,0.9099,2.73,2.14,-0.359,0.814,0,1,1.0
VND_ZETA,SCREW_M4,2023-02-04,2023-02-04,7982,5983,2,0,5,0.4,0.8707,-0.136,0.9841,0.68,0.31,-0.17,0.259,0,0,0.7495615134051616
VND_GAMMA,MOTOR_X,2023-12-24,2023-12-24,1761,1761,12,1,14,0.95,0.93,0.275,1.0,1.78,3.21,-0.462,0.474,0,0,1.0
VND_ZETA,MOTOR_X,2021-01-09,2021-01-08,5333,5333,1,1,14,0.95,0.9614,0.041,0.957,1.09,2.03,0.123,0.866,0,-1,1.0
VND_BETA,SCREW_M4,2022-12-07,2022-12-09,2756,2433,12,1,5,0.4,0.5794,3.161,0.8702,7.45,6.37,-1.0,2.215,1,2,0.8828011611030478
VND_ALPHA,CASING_B,2023-02-25,2023-02-25,4323,3914,2,0,7,0.6,0.7597,0.598,0.9245,2.97,1.37,0.254,1.307,0,0,0.9053897756187832
VND_BETA,BLADE_X,2021-05-14,2021-05-19,6948,6516,5,0,12,0.85,0.5444,3.405,0.8461,8.96,6.56,-0.962,3.201,1,5,0.9378238341968912
VND_GAMMA,MOTOR_X,2022-08-19,2022-08-19,3934,3727,8,0,14,0.95,0.9712,0.035,0.9911,2.14,2.59,-0.277,0.173,0,0,0.9473817996949669
VND_DELTA,CABLE_R,2021-10-02,2021-10-05,3007,3007,10,0,8,0.7,0.3919,4.046,0.739,10.0,5.94,-1.0,3.793,1,3,1.0
VND_GAMMA,BEARING_01,2022-01-21,2022-01-21,1550,1550,1,1,11,0.8,0.9777,-0.511,0.9634,1.85,2.16,0.022,0.306,0,0,1.0
VND_ALPHA,SWITCH_S,2022-04-13,2022-04-13,2037,1698,4,0,6,0.65,0.8249,1.563,0.9532,3.44,0.0,-0.737,0.775,0,0,0.833578792341679
VND_BETA,CASING_B,2021-02-14,2021-02-17,5030,4025,2,0,7,0.6,0.5883,3.065,0.8492,7.47,5.81,-0.631,3.173,0,3,0.8001988071570576
VND_ALPHA,CASING_B,2023-01-21,2023-01-22,6025,4859,1,1,7,0.6,0.7831,0.558,0.9798,3.7,2.96,-0.026,1.609,0,1,0.8064730290456431
VND_DELTA,MOTOR_X,2022-06-08,2022-06-16,6518,4870,6,0,14,0.95,0.4307,4.697,0.7333,10.0,7.21,-1.0,4.359,1,8,0.747161706044799
VND_EPSILON,MOTOR_X,2021-04-09,2021-04-13,5622,4714,4,0,14,0.95,0.7817,1.736,1.0,3.47,1.86,-0.305,1.806,1,4,0.8384916399857701
VND_ZETA,BATTERY_A,2021-02-10,2021-02-08,595,595,2,0,10,0.9,0.9161,0.37,0.9689,0.68,0.31,-0.17,0.259,0,-2,1.0
VND_DELTA,BATTERY_A,2023-06-29,2023-07-06,3315,2494,6,0,10,0.9,0.4267,4.7,0.7703,10.0,7.21,-1.0,4.359,1,7,0.7523378582202112
VND_EPSILON,BATTERY_A,2022-06-02,2022-06-04,4086,3965,6,0,10,0.9,0.7916,2.002,0.9094,5.8,3.45,-0.555,1.904,1,2,0.9703866862457171
VND_BETA,CASING_B,2021-01-20,2021-01-25,2666,2221,1,1,7,0.6,0.5303,2.438,0.826,8.49,4.94,-0.843,2.646,1,5,0.8330832708177044
VND_ZETA,SWITCH_S,2021-07-26,2021-07-24,5627,5426,7,0,6,0.65,0.9333,0.252,0.9326,1.63,0.0,0.462,0.0,0,-2,0.9642793673360582
VND_EPSILON,BLADE_X,2021-10-08,2021-10-08,3631,3573,10,0,12,0.85,0.747,1.059,0.9296,4.13,3.48,-0.679,1.687,1,0,0.9840264389975213
VND_EPSILON,BATTERY_A,2021-08-30,2021-08-30,2515,2028,8,0,10,0.9,0.7257,1.945,0.9506,7.16,0.93,-0.254,0.955,1,0,0.806361829025845
VND_ALPHA,BATTERY_A,2023-10-17,2023-10-20,1827,1827,10,0,10,0.9,0.8065,1.278,0.9582,3.41,0.0,-0.618,1.079,0,3,1.0
VND_GAMMA,SCREW_M4,2023-12-08,2023-12-10,1852,1801,12,1,5,0.4,0.9587,0.816,0.986,1.78,3.21,-0.462,0.474,1,2,0.9724622030237581
VND_ZETA,CABLE_R,2023-04-20,2023-04-19,2619,2619,4,0,8,0.7,0.9537,0.386,0.9647,4.0,1.67,-0.484,0.326,0,-1,1.0
VND_ALPHA,CASING_B,2023-10-14,2023-10-15,7657,7657,10,0,7,0.6,0.7957,0.597,0.9676,3.41,0.0,-0.618,1.079,0,1,1.0
VND_ZETA,SCREW_M4,2023-09-12,2023-09-10,2908,2908,9,0,5,0.4,0.9136,0.254,0.9649,3.04,0.65,-0.322,0.705,0,-2,1.0
VND_ALPHA,SCREW_M4,2021-01-27,2021-01-31,5702,5525,1,1,5,0.4,0.8772,0.896,0.9336,3.7,2.96,-0.026,1.609,0,4,0.968958260259558
VND_ALPHA,BATTERY_A,2023-10-09,2023-10-10,1421,1109,10,0,10,0.9,0.7703,1.206,1.0,3.41,0.0,-0.618,1.079,0,1,0.7804363124560169
VND_EPSILON,BATTERY_A,2021-06-03,2021-06-03,6127,5370,6,0,10,0.9,0.6594,2.196,0.8913,5.8,3.45,-0.555,1.904,1,0,0.8764485066100866
VND_GAMMA,BATTERY_A,2022-04-19,2022-04-19,3941,3746,4,0,10,0.9,0.9761,0.479,0.9898,1.81,0.33,-0.556,0.389,0,0,0.9505201725450393
VND_GAMMA,BLADE_X,2023-08-09,2023-08-09,610,610,8,0,12,0.85,0.9185,0.381,1.0,2.14,2.59,-0.277,0.173,0,0,1.0
VND_BETA,BATTERY_A,2021-03-22,2021-03-27,7181,7031,3,0,10,0.9,0.5437,2.799,0.898,7.31,4.89,-0.841,3.19,0,5,0.9791115443531542
VND_GAMMA,BLADE_X,2022-10-03,2022-10-04,3689,3689,10,0,12,0.85,0.8925,0.21,0.9186,0.49,0.87,-0.256,1.02,0,1,1.0
VND_ALPHA,BATTERY_A,2021-04-04,2021-04-05,279,241,4,0,10,0.9,0.8143,1.606,0.9723,3.44,0.0,-0.737,0.775,0,1,0.8637992831541219
VND_ZETA,CASING_B,2021-12-16,2021-12-15,2892,2892,12,1,7,0.6,0.9143,0.095,0.9572,4.01,0.19,-0.074,0.755,0,-1,1.0
VND_DELTA,CABLE_R,2022-07-04,2022-07-07,7396,5257,7,0,8,0.7,0.3854,4.374,0.7221,10.0,6.05,-1.0,3.274,1,3,0.7107896160086533
VND_GAMMA,BATTERY_A,2022-12-03,2022-12-03,1698,1698,12,1,10,0.9,0.9159,0.032,0.9607,1.78,3.21,-0.462,0.474,0,0,1.0
VND_DELTA,BATTERY_A,2023-03-31,2023-04-10,3939,3248,3,0,10,0.9,0.4524,4.764,0.8025,9.67,7.03,-1.0,3.314,1,10,0.8245747651688246
VND_DELTA,BLADE_X,2023-09-07,2023-09-09,6752,6278,9,0,12,0.85,0.3292,5.114,0.7667,10.0,8.25,-1.0,4.688,0,2,0.9297985781990521
VND_ZETA,SWITCH_S,2021-12-08,2021-12-08,1126,1076,12,1,6,0.65,0.9494,0.238,0.9323,4.01,0.19,-0.074,0.755,0,0,0.955595026642984
VND_ZETA,CASING_B,2021-05-01,2021-05-01,7920,7117,5,0,7,0.6,0.8799,0.314,0.9916,3.15,0.0,0.105,0.83,0,0,0.8986111111111111
VND_ALPHA,CASING_B,2023-05-03,2023-05-05,7664,7664,5,0,7,0.6,0.8714,1.058,0.9575,2.19,1.91,-0.492,0.435,1,2,1.0
VND_EPSILON,BEARING_01,2023-06-17,2023-06-20,1684,1681,6,0,11,0.8,0.7312,1.141,0.9104,5.8,3.45,-0.555,1.904,1,3,0.9982185273159145
VND_GAMMA,SWITCH_S,2021-03-01,2021-03-01,7266,7132,3,0,6,0.65,0.9055,-0.2,0.9963,1.39,0.8,0.586,0.47,0,0,0.9815579410955133
VND_DELTA,CASING_B,2023-09-27,2023-09-26,1125,797,9,0,7,0.6,0.3989,4.219,0.7629,10.0,8.25,-1.0,4.688,1,-1,0.7084444444444444
VND_DELTA,SWITCH_S,2021-04-05,2021-04-11,718,635,4,0,6,0.65,0.4174,4.053,0.8049,10.0,7.27,-1.0,3.863,1,6,0.8844011142061281
VND_ZETA,BLADE_X,2022-10-06,2022-10-08,301,291,10,0,12,0.85,0.8412,-0.16,0.9725,2.08,0.04,-0.007,0.366,0,2,0.9667774086378738
VND_ZETA,SCREW_M4,2022-11-24,2022-11-23,4452,4344,11,1,5,0.4,0.9143,0.674,1.0,1.99,2.8,0.448,0.025,0,-1,0.9757412398921833
VND_DELTA,BATTERY_A,2022-05-25,2022-06-03,4147,3297,5,0,10,0.9,0.3015,4.684,0.8015,9.38,7.59,-0.912,3.272,1,9,0.7950325536532433
VND_ZETA,CABLE_R,2023-02-28,2023-02-28,1417,1417,2,0,8,0.7,0.9537,-0.026,1.0,0.68,0.31,-0.17,0.259,0,0,1.0
VND_ALPHA,MOTOR_X,2021-11-18,2021-11-18,4341,4341,11,1,14,0.95,0.7877,0.911,0.9287,3.94,3.27,-0.255,0.88,0,0,1.0
VND_DELTA,BEARING_01,2021-12-05,2021-12-17,813,592,12,1,11,0.8,0.3878,5.062,0.7845,9.5,6.79,-1.0,3.943,1,12,0.7281672816728167
VND_GAMMA,BEARING_01,2022-05-09,2022-05-10,2910,2910,5,0,11,0.8,1.0,-0.111,0.9387,1.61,2.86,-0.038,0.521,0,1,1.0
VND_ALPHA,BLADE_X,2023-11-05,2023-11-05,2024,1673,11,1,12,0.85,0.7881,1.264,0.9473,3.94,3.27,-0.255,0.88,0,0,0.8265810276679841
VND_DELTA,SWITCH_S,2022-04-27,2022-04-28,845,689,4,0,6,0.65,0.3598,4.428,0.7968,10.0,7.27,-1.0,3.863,0,1,0.8153846153846154
VND_DELTA,BEARING_01,2023-07-07,2023-07-08,921,693,7,0,11,0.8,0.3198,4.928,0.7674,10.0,6.05,-1.0,3.274,1,1,0.752442996742671
VND_DELTA,BEARING_01,2022-10-10,2022-10-21,1172,918,10,0,11,0.8,0.4128,4.422,0.7789,10.0,5.94,-1.0,3.793,1,11,0.7832764505119454
VND_ZETA,BEARING_01,2021-02-06,2021-02-08,1040,1040,2,0,11,0.8,0.8439,0.019,1.0,0.68,0.31,-0.17,0.259,0,2,1.0
VND_DELTA,SWITCH_S,2021-03-15,2021-03-19,4764,3682,3,0,6,0.65,0.2913,4.033,0.7371,9.67,7.03,-1.0,3.314,1,4,0.772879932829555
VND_ALPHA,MOTOR_X,2022-09-16,2022-09-18,7491,7049,9,0,14,0.95,0.8597,0.9,0.9489,3.19,0.54,0.027,0.512,1,2,0.9409958617007075
VND_ZETA,SCREW_M4,2023-07-24,2023-07-26,7985,7831,7,0,5,0.4,0.9323,0.294,1.0,1.63,0.0,0.462,0.0,0,2,0.9807138384470883
VND_GAMMA,CABLE_R,2021-04-22,2021-04-22,6889,6889,4,0,8,0.7,0.9979,-0.348,0.9691,1.81,0.33,-0.556,0.389,0,0,1.0
VND_DELTA,SCREW_M4,2022-11-11,2022-11-16,4788,4276,11,1,5,0.4,0.4416,5.129,0.7615,10.0,9.01,-1.0,3.571,1,5,0.8930659983291562
VND_ZETA,BEARING_01,2023-01-15,2023-01-17,6064,6064,1,1,11,0.8,0.8618,-0.43,0.9272,1.09,2.03,0.123,0.866,0,2,1.0
VND_ALPHA,BEARING_01,2021-07-19,2021-07-19,6420,6420,7,0,11,0.8,0.805,0.478,0.9732,2.66,1.71,-0.565,1.15,0,0,1.0
VND_ALPHA,SCREW_M4,2022-12-01,2022-11-30,3109,3109,12,1,5,0.4,0.727,0.812,0.9479,1.72,2.38,-0.358,1.423,1,-1,1.0
VND_EPSILON,BLADE_X,2023-12-06,2023-12-05,3262,2608,12,1,12,0.85,0.7299,1.283,0.9898,2.82,4.49,-0.659,1.941,1,-1,0.7995095033721643
VND_ALPHA,BATTERY_A,2021-12-03,2021-12-07,4233,3857,12,1,10,0.9,0.7912,0.997,0.9262,1.72,2.38,-0.358,1.423,0,4,0.9111741081974959
VND_ZETA,CASING_B,2023-04-19,2023-04-19,1076,1013,4,0,7,0.6,0.9477,0.1,0.9454,4.0,1.67,-0.484,0.326,0,0,0.9414498141263941
VND_EPSILON,BLADE_X,2022-02-06,2022-02-07,1736,1540,2,0,12,0.85,0.7485,0.849,0.9618,3.97,2.95,-0.443,1.143,0,1,0.8870967741935484
VND_DELTA,BATTERY_A,2022-03-18,2022-03-20,3944,2947,3,0,10,0.9,0.3546,4.274,0.8261,9.67,7.03,-1.0,3.314,1,2,0.7472109533468559
VND_ZETA,SCREW_M4,2022-11-24,2022-11-24,1082,1061,11,1,5,0.4,0.9177,0.577,0.983,1.99,2.8,0.448,0.025,0,0,0.9805914972273567
VND_ALPHA,SWITCH_S,2021-09-10,2021-09-15,6525,5693,9,0,6,0.65,0.7752,0.698,0.961,3.19,0.54,0.027,0.512,0,5,0.8724904214559387
VND_DELTA,BEARING_01,2023-10-30,2023-10-29,1302,915,10,0,11,0.8,0.3802,4.84,0.7886,10.0,5.94,-1.0,3.793,1,-1,0.7027649769585254
VND_ALPHA,BEARING_01,2023-12-23,2023-12-23,6231,6231,12,1,11,0.8,0.8973,1.103,0.9597,1.72,2.38,-0.358,1.423,0,0,1.0
VND_EPSILON,MOTOR_X,2023-06-06,2023-06-09,7071,6087,6,0,14,0.95,0.7584,1.896,0.9209,5.8,3.45,-0.555,1.904,1,3,0.8608400509121765
VND_EPSILON,BEARING_01,2021-12-29,2021-12-29,5867,5221,12,1,11,0.8,0.6761,1.14,0.9465,2.82,4.49,-0.659,1.941,0,0,0.8898926197375149
VND_ZETA,CASING_B,2021-09-20,2021-09-20,1048,824,9,0,7,0.6,0.8947,0.381,0.9863,3.04,0.65,-0.322,0.705,0,0,0.7862595419847328
VND_ZETA,SWITCH_S,2022-10-22,2022-10-22,4329,3931,10,0,6,0.65,0.8709,1.122,0.961,2.08,0.04,-0.007,0.366,0,0,0.908061908061908
VND_DELTA,SWITCH_S,2022-05-24,2022-05-28,2441,1623,5,0,6,0.65,0.3806,4.592,0.7448,9.38,7.59,-0.912,3.272,1,4,0.6648914379352724
VND_GAMMA,SWITCH_S,2022-08-26,2022-08-26,3909,3684,8,0,6,0.65,0.9212,-0.15,0.9888,2.14,2.59,-0.277,0.173,0,0,0.9424405218726016
VND_BETA,CASING_B,2023-04-26,2023-04-26,5135,4643,4,0,7,0.6,0.6317,3.029,0.8979,7.67,5.01,-1.0,2.322,1,0,0.9041869522882181
VND_ZETA,BLADE_X,2022-10-05,2022-10-04,6031,5720,10,0,12,0.85,0.8956,0.044,0.9167,2.08,0.04,-0.007,0.366,1,-1,0.9484330956723594
VND_BETA,SCREW_M4,2022-03-06,2022-03-12,5313,5018,3,0,5,0.4,0.521,2.439,0.8678,7.31,4.89,-0.841,3.19,0,6,0.9444758140410314
VND_ZETA,BLADE_X,2022-12-09,2022-12-11,7746,6714,12,1,12,0.85,0.8865,1.424,1.0,4.01,0.19,-0.074,0.755,0,2,0.8667699457784663
VND_ZETA,CASING_B,2021-12-31,2021-12-31,4327,4327,12,1,7,0.6,0.9421,0.201,1.0,4.01,0.19,-0.074,0.755,0,0,1.0
VND_ZETA,CABLE_R,2021-08-25,2021-08-25,6432,5663,8,0,8,0.7,0.9273,-0.03,0.9565,1.44,0.77,0.404,0.0,0,0,0.8804415422885572
VND_EPSILON,CABLE_R,2023-09-11,2023-09-14,4974,4500,9,0,8,0.7,0.776,1.4,0.9205,4.38,3.89,-0.441,1.169,0,3,0.9047044632086851
VND_ZETA,SWITCH_S,2023-12-30,2023-12-30,2542,2542,12,1,6,0.65,0.982,0.784,0.9262,4.01,0.19,-0.074,0.755,0,0,1.0
VND_ALPHA,SWITCH_S,2023-12-07,2023-12-10,1072,968,12,1,6,0.65,0.8103,1.404,0.9201,1.72,2.38,-0.358,1.423,0,3,0.9029850746268657
VND_DELTA,MOTOR_X,2021-10-25,2021-10-25,634,450,10,0,14,0.95,0.3401,3.798,0.7728,10.0,5.94,-1.0,3.793,0,0,0.7097791798107256
VND_BETA,MOTOR_X,2022-07-01,2022-07-08,6345,5585,7,0,14,0.95,0.5263,3.108,0.8846,8.11,6.76,-1.0,3.129,1,7,0.880220646178093
VND_GAMMA,CASING_B,2022-05-29,2022-05-30,1399,1399,5,0,7,0.6,0.97,0.163,0.9959,1.61,2.86,-0.038,0.521,0,1,1.0
VND_ZETA,MOTOR_X,2022-08-28,2022-08-29,1871,1754,8,0,14,0.95,0.9288,0.325,1.0,1.44,0.77,0.404,0.0,0,1,0.9374665954035275
VND_GAMMA,MOTOR_X,2023-07-16,2023-07-18,1039,1039,7,0,14,0.95,1.0,0.31,0.9996,2.34,0.0,0.441,0.0,0,2,1.0
VND_ZETA,SCREW_M4,2023-03-08,2023-03-09,2146,1967,3,0,5,0.4,0.9984,1.176,1.0,3.65,1.04,-0.406,0.887,0,1,0.9165890027958994
VND_ZETA,BLADE_X,2021-04-07,2021-04-07,7789,7172,4,0,12,0.85,0.8798,0.178,0.9379,4.0,1.67,-0.484,0.326,0,0,0.9207857234561562
VND_DELTA,SWITCH_S,2023-05-04,2023-05-15,6656,5708,5,0,6,0.65,0.3569,4.945,0.7982,9.38,7.59,-0.912,3.272,1,11,0.8575721153846154
VND_EPSILON,CABLE_R,2021-04-21,2021-04-21,306,276,4,0,8,0.7,0.7608,1.289,0.9298,3.47,1.86,-0.305,1.806,0,0,0.9019607843137255
VND_BETA,BLADE_X,2023-06-27,2023-06-30,6999,5903,6,0,12,0.85,0.5164,2.499,0.8842,8.51,4.55,-0.832,3.415,0,3,0.8434062008858408
VND_ZETA,SCREW_M4,2023-01-24,2023-01-25,6385,6125,1,1,5,0.4,0.9583,0.711,1.0,1.09,2.03,0.123,0.866,0,1,0.9592795614722005
VND_ZETA,SCREW_M4,2022-02-01,2022-02-03,2609,2609,2,0,5,0.4,1.0,0.575,0.9898,0.68,0.31,-0.17,0.259,0,2,1.0
VND_BETA,BEARING_01,2021-06-02,2021-06-04,1731,1393,6,0,11,0.8,0.6016,2.822,0.9415,8.51,4.55,-0.832,3.415,1,2,0.80473714615829
VND_ZETA,CASING_B,2023-11-19,2023-11-18,1177,1164,11,1,7,0.6,0.9128,0.267,0.9895,1.99,2.8,0.448,0.025,0,-1,0.9889549702633815
VND_ALPHA,SWITCH_S,2023-05-28,2023-05-27,2486,2457,5,0,6,0.65,0.7654,0.787,0.975,2.19,1.91,-0.492,0.435,0,-1,0.9883346741753821
VND_BETA,BLADE_X,2021-11-26,2021-11-27,4984,4080,11,1,12,0.85,0.5597,2.703,0.9059,7.62,7.21,-0.911,3.187,1,1,0.8186195826645265
VND_ALPHA,BLADE_X,2022-11-08,2022-11-06,4020,3582,11,1,12,0.85,0.8507,0.834,0.9738,3.94,3.27,-0.255,0.88,0,-2,0.891044776119403
VND_ALPHA,CASING_B,2021-11-11,2021-11-10,7807,6183,11,1,7,0.6,0.8508,1.447,0.9189,3.94,3.27,-0.255,0.88,1,-1,0.7919815550147303
VND_EPSILON,CABLE_R,2021-04-15,2021-04-18,6537,6266,4,0,8,0.7,0.7357,0.81,0.9219,3.47,1.86,-0.305,1.806,0,3,0.9585436744684106
VND_DELTA,BLADE_X,2023-01-04,2023-01-09,797,682,1,1,12,0.85,0.4492,4.694,0.8183,10.0,9.08,-1.0,3.072,1,5,0.8557089084065245
VND_EPSILON,CABLE_R,2022-03-27,2022-03-28,1706,1445,3,0,8,0.7,0.7146,1.418,0.9782,5.21,3.36,-0.135,2.022,0,1,0.847010550996483
VND_EPSILON,BATTERY_A,2021-11-23,2021-11-21,3607,3607,11,1,10,0.9,0.7837,1.971,0.9068,4.9,3.65,0.183,1.854,1,-2,1.0
VND_ALPHA,SWITCH_S,2022-12-17,2022-12-19,2012,2012,12,1,6,0.65,0.8423,0.937,0.9703,1.72,2.38,-0.358,1.423,0,2,1.0
VND_ZETA,SCREW_M4,2022-11-11,2022-11-13,2912,2700,11,1,5,0.4,0.8857,-0.35,0.9735,1.99,2.8,0.448,0.025,0,2,0.9271978021978022
VND_GAMMA,CABLE_R,2022-03-24,2022-03-24,7984,7984,3,0,8,0.7,0.9309,0.971,0.9462,1.39,0.8,0.586,0.47,0,0,1.0
VND_EPSILON,BEARING_01,2021-01-19,2021-01-23,1139,1052,1,1,11,0.8,0.8389,0.835,0.9486,5.06,3.05,-0.408,1.754,0,4,0.9236172080772608
VND_DELTA,CABLE_R,2022-05-08,2022-05-11,7609,5773,5,0,8,0.7,0.3841,4.381,0.789,9.38,7.59,-0.912,3.272,1,3,0.7587067945853594
VND_ALPHA,SCREW_M4,2022-10-20,2022-10-20,3324,3242,10,0,5,0.4,0.7427,1.439,0.8996,3.41,0.0,-0.618,1.079,0,0,0.9753309265944645
VND_DELTA,BATTERY_A,2022-06-10,2022-06-19,4625,3175,6,0,10,0.9,0.4225,4.327,0.8226,10.0,7.21,-1.0,4.359,1,9,0.6864864864864865
VND_ALPHA,BLADE_X,2023-11-25,2023-11-25,6934,6934,11,1,12,0.85,0.8478,0.814,0.9487,3.94,3.27,-0.255,0.88,0,0,1.0
VND_EPSILON,CABLE_R,2023-11-08,2023-11-08,3850,3565,11,1,8,0.7,0.7837,0.726,0.9307,4.9,3.65,0.183,1.854,1,0,0.925974025974026
VND_ALPHA,BEARING_01,2022-08-31,2022-09-02,7558,6881,8,0,11,0.8,0.8223,1.29,0.9068,2.6,1.31,-0.401,1.741,1,2,0.9104260386345594
VND_GAMMA,SCREW_M4,2023-11-19,2023-11-19,874,874,11,1,5,0.4,0.9239,0.056,0.9742,0.77,1.58,0.264,0.0,0,0,1.0
VND_BETA,BATTERY_A,2023-12-29,2024-01-05,260,191,12,1,10,0.9,0.5404,2.599,0.8802,7.45,6.37,-1.0,2.215,1,7,0.7346153846153847
VND_BETA,BATTERY_A,2022-03-13,2022-03-16,7285,6715,3,0,10,0.9,0.5736,1.739,0.921,7.31,4.89,-0.841,3.19,0,3,0.9217570350034318
VND_ALPHA,SWITCH_S,2022-02-26,2022-02-26,4605,4605,2,0,6,0.65,0.8572,0.758,0.927,2.97,1.37,0.254,1.307,0,0,1.0
VND_ZETA,SWITCH_S,2021-05-28,2021-05-30,6318,5760,5,0,6,0.65,0.8958,0.239,0.9882,3.15,0.0,0.105,0.83,0,2,0.9116809116809117
VND_ALPHA,CASING_B,2023-07-30,2023-07-30,6072,5194,7,0,7,0.6,0.8996,0.991,0.9366,2.66,1.71,-0.565,1.15,0,0,0.8554018445322793
VND_ALPHA,CABLE_R,2021-06-29,2021-07-01,800,770,6,0,8,0.7,0.8007,0.901,0.9549,4.67,1.37,-0.2,0.43,0,2,0.9625
VND_BETA,MOTOR_X,2022-05-31,2022-06-04,4771,3930,5,0,14,0.95,0.5924,2.52,0.8924,8.96,6.56,-0.962,3.201,1,4,0.8237266820373087
VND_EPSILON,BATTERY_A,2022-04-12,2022-04-14,7662,6883,4,0,10,0.9,0.7592,1.128,0.9313,3.47,1.86,-0.305,1.806,0,2,0.8983294179065519
VND_DELTA,BLADE_X,2023-03-06,2023-03-12,3895,2320,3,0,12,0.85,0.3623,5.471,0.7528,9.67,7.03,-1.0,3.314,0,6,0.5956354300385109
VND_DELTA,SWITCH_S,2022-10-10,2022-10-14,338,289,10,0,6,0.65,0.4099,4.619,0.7835,10.0,5.94,-1.0,3.793,1,4,0.8550295857988166
VND_ZETA,SWITCH_S,2021-08-31,2021-08-31,4581,4581,8,0,6,0.65,0.9604,0.457,1.0,1.44,0.77,0.404,0.0,0,0,1.0
VND_ZETA,MOTOR_X,2021-05-10,2021-05-10,6392,6392,5,0,14,0.95,0.8792,0.862,1.0,3.15,0.0,0.105,0.83,0,0,1.0
VND_ZETA,MOTOR_X,2021-05-29,2021-05-29,3130,3130,5,0,14,0.95,0.9334,-0.308,0.9474,3.15,0.0,0.105,0.83,0,0,1.0
VND_GAMMA,BATTERY_A,2022-09-10,2022-09-11,5168,4081,9,0,10,0.9,0.9418,1.547,0.9896,1.65,0.0,-0.445,0.427,0,1,0.7896671826625387
VND_GAMMA,BATTERY_A,2023-06-16,2023-06-15,3324,3324,6,0,10,0.9,0.9931,0.623,0.9842,1.52,0.0,0.363,0.701,0,-1,1.0
VND_ZETA,SWITCH_S,2021-03-05,2021-03-05,4082,4082,3,0,6,0.65,0.9197,0.511,0.952,3.65,1.04,-0.406,0.887,0,0,1.0
VND_EPSILON,CASING_B,2022-03-27,2022-03-27,1317,1203,3,0,7,0.6,0.7159,1.252,0.9092,5.21,3.36,-0.135,2.022,1,0,0.9134396355353075
VND_EPSILON,SWITCH_S,2022-08-28,2022-08-29,5394,5023,8,0,6,0.65,0.6533,0.912,0.9401,7.16,0.93,-0.254,0.955,1,1,0.9312198739340007
VND_GAMMA,CASING_B,2023-02-04,2023-02-04,7978,7978,2,0,7,0.6,0.9874,0.475,1.0,0.13,0.0,-0.083,0.079,0,0,1.0
VND_EPSILON,MOTOR_X,2021-10-17,2021-10-19,1209,1209,10,0,14,0.95,0.7267,1.76,0.9125,4.13,3.48,-0.679,1.687,1,2,1.0
VND_ALPHA,MOTOR_X,2023-03-19,2023-03-24,4600,4416,3,0,14,0.95,0.7875,1.408,0.9796,2.73,2.14,-0.359,0.814,0,5,0.96
VND_GAMMA,BATTERY_A,2022-03-07,2022-03-07,6330,5900,3,0,10,0.9,0.985,0.331,0.9955,1.39,0.8,0.586,0.47,0,0,0.9320695102685624
VND_BETA,CABLE_R,2023-04-26,2023-04-26,7618,7025,4,0,8,0.7,0.5388,2.736,0.9012,7.67,5.01,-1.0,2.322,0,0,0.9221580467314255
VND_BETA,CASING_B,2022-01-12,2022-01-19,2008,1642,1,1,7,0.6,0.5078,2.773,0.8775,8.49,4.94,-0.843,2.646,1,7,0.8177290836653387
VND_BETA,BLADE_X,2021-08-23,2021-08-27,1685,1470,8,0,12,0.85,0.5491,2.796,0.8516,8.24,4.9,-0.912,2.005,0,4,0.8724035608308606
VND_EPSILON,MOTOR_X,2023-08-03,2023-08-06,5481,4587,8,0,14,0.95,0.773,1.919,0.9559,7.16,0.93,-0.254,0.955,0,3,0.8368910782703887
VND_GAMMA,BATTERY_A,2021-05-18,2021-05-18,2253,1955,5,0,10,0.9,0.9408,0.238,0.988,1.61,2.86,-0.038,0.521,0,0,0.8677319130048824
VND_BETA,BATTERY_A,2023-09-25,2023-09-25,7995,6290,9,0,10,0.9,0.5214,3.249,0.8602,7.93,5.56,-0.497,2.593,0,0,0.7867417135709819
VND_GAMMA,CABLE_R,2021-09-20,2021-09-20,5699,5574,9,0,8,0.7,0.9071,1.092,0.9922,1.65,0.0,-0.445,0.427,0,0,0.9780663274258642
VND_ALPHA,SCREW_M4,2022-08-07,2022-08-07,5275,4612,8,0,5,0.4,0.802,0.698,0.9667,2.6,1.31,-0.401,1.741,0,0,0.8743127962085308
VND_BETA,BATTERY_A,2022-10-13,2022-10-11,4180,4180,10,0,10,0.9,0.5182,2.299,0.8507,7.34,4.7,-0.665,2.932,1,-2,1.0
VND_GAMMA,BEARING_01,2022-09-19,2022-09-20,5880,5760,9,0,11,0.8,0.9318,0.398,1.0,1.65,0.0,-0.445,0.427,0,1,0.9795918367346939
VND_EPSILON,CASING_B,2023-01-17,2023-01-20,6816,6120,1,1,7,0.6,0.7786,1.526,0.8842,5.06,3.05,-0.408,1.754,1,3,0.897887323943662
VND_DELTA,CABLE_R,2021-12-12,2021-12-26,239,213,12,1,8,0.7,0.3897,4.621,0.7689,9.5,6.79,-1.0,3.943,1,14,0.891213389121339
VND_BETA,CABLE_R,2022-03-30,2022-03-29,6034,6034,3,0,8,0.7,0.5514,2.635,0.862,7.31,4.89,-0.841,3.19,0,-1,1.0
VND_GAMMA,SWITCH_S,2023-01-07,2023-01-07,1300,1170,1,1,6,0.65,0.9171,-0.215,0.963,1.85,2.16,0.022,0.306,0,0,0.9
VND_DELTA,CABLE_R,2023-08-06,2023-08-15,3848,3453,8,0,8,0.7,0.3292,4.149,0.7904,10.0,7.14,-1.0,3.931,0,9,0.8973492723492723
VND_GAMMA,CABLE_R,2023-09-25,2023-09-24,4719,4719,9,0,8,0.7,0.9196,0.565,1.0,1.65,0.0,-0.445,0.427,0,-1,1.0
VND_BETA,BATTERY_A,2021-06-17,2021-06-18,7095,6033,6,0,10,0.9,0.6109,2.486,0.925,8.51,4.55,-0.832,3.415,1,1,0.8503171247357294
VND_BETA,BLADE_X,2022-02-07,2022-02-10,2356,2085,2,0,12,0.85,0.5343,2.036,0.8941,7.47,5.81,-0.631,3.173,0,3,0.884974533106961
VND_ZETA,BATTERY_A,2021-06-04,2021-06-07,7508,7508,6,0,10,0.9,0.966,0.738,0.9697,0.95,0.58,-1.0,0.11,0,3,1.0
VND_EPSILON,MOTOR_X,2021-03-05,2021-03-05,6857,6566,3,0,14,0.95,0.7476,1.833,0.9685,5.21,3.36,-0.135,2.022,0,0,0.9575616158669973
VND_EPSILON,SWITCH_S,2022-03-12,2022-03-13,7624,6674,3,0,6,0.65,0.6947,2.811,0.9462,5.21,3.36,-0.135,2.022,1,1,0.8753934942287513
VND_EPSILON,MOTOR_X,2022-06-18,2022-06-20,4652,4652,6,0,14,0.95,0.7048,1.73,0.9267,5.8,3.45,-0.555,1.904,1,2,1.0
VND_ZETA,BEARING_01,2021-11-01,2021-11-01,3196,3196,11,1,11,0.8,0.9205,0.669,0.9285,1.99,2.8,0.448,0.025,0,0,1.0
VND_BETA,SWITCH_S,2022-08-19,2022-08-24,1296,1151,8,0,6,0.65,0.5409,2.96,0.9487,8.24,4.9,-0.912,2.005,0,5,0.8881172839506173
VND_EPSILON,BEARING_01,2023-11-12,2023-11-11,941,811,11,1,11,0.8,0.7874,1.141,0.8391,4.9,3.65,0.183,1.854,0,-1,0.8618490967056323
VND_GAMMA,SWITCH_S,2023-10-26,2023-10-25,286,286,10,0,6,0.65,0.8782,0.516,0.9802,0.49,0.87,-0.256,1.02,0,-1,1.0
VND_EPSILON,SCREW_M4,2021-12-06,2021-12-06,6403,5162,12,1,5,0.4,0.7365,1.009,0.9309,2.82,4.49,-0.659,1.941,1,0,0.8061846009682961
VND_DELTA,CASING_B,2021-11-23,2021-11-27,1667,1326,11,1,7,0.6,0.3491,4.477,0.7246,10.0,9.01,-1.0,3.571,1,4,0.7954409118176364
VND_ZETA,CASING_B,2023-09-18,2023-09-19,7893,7893,9,0,7,0.6,0.9313,1.283,1.0,3.04,0.65,-0.322,0.705,0,1,1.0
VND_ALPHA,CABLE_R,2022-03-25,2022-03-27,6437,5905,3,0,8,0.7,0.8695,0.898,0.9463,2.73,2.14,-0.359,0.814,0,2,0.9173528041012894
VND_BETA,BEARING_01,2021-05-09,2021-05-12,2365,1868,5,0,11,0.8,0.5077,3.219,0.8516,8.96,6.56,-0.962,3.201,1,3,0.7898520084566596
VND_BETA,CABLE_R,2021-03-29,2021-03-30,5677,4322,3,0,8,0.7,0.5258,2.787,0.8446,7.31,4.89,-0.841,3.19,1,1,0.7613175973225295
VND_EPSILON,SCREW_M4,2023-01-10,2023-01-10,3379,2842,1,1,5,0.4,0.7444,1.636,0.9212,5.06,3.05,-0.408,1.754,0,0,0.8410772417875111
VND_DELTA,BEARING_01,2021-04-06,2021-04-13,526,390,4,0,11,0.8,0.3305,5.01,0.7671,10.0,7.27,-1.0,3.863,1,7,0.7414448669201521
VND_ALPHA,CABLE_R,2023-12-04,2023-12-08,5390,5187,12,1,8,0.7,0.8557,0.784,0.8951,1.72,2.38,-0.358,1.423,0,4,0.9623376623376624
VND_ZETA,BLADE_X,2022-06-24,2022-06-24,4940,4940,6,0,12,0.85,0.9076,0.275,0.9699,0.95,0.58,-1.0,0.11,0,0,1.0
VND_DELTA,CASING_B,2023-02-15,2023-02-17,3192,2464,2,0,7,0.6,0.2889,4.451,0.7588,10.0,7.1,-1.0,3.739,1,2,0.7719298245614035
VND_EPSILON,BATTERY_A,2022-05-31,2022-05-31,3282,3282,5,0,10,0.9,0.619,1.428,0.9818,5.37,6.65,-0.289,2.054,0,0,1.0
VND_EPSILON,SCREW_M4,2023-04-12,2023-04-13,3090,2823,4,0,5,0.4,0.756,1.152,0.9277,3.47,1.86,-0.305,1.806,0,1,0.9135922330097087
VND_DELTA,CABLE_R,2023-09-15,2023-09-16,7467,5421,9,0,8,0.7,0.4498,5.462,0.7765,10.0,8.25,-1.0,4.688,1,1,0.7259943752511049
VND_EPSILON,MOTOR_X,2021-10-12,2021-10-12,3803,3491,10,0,14,0.95,0.6754,1.595,0.9835,4.13,3.48,-0.679,1.687,0,0,0.9179595056534315
VND_BETA,CASING_B,2021-06-07,2021-06-12,4415,3269,6,0,7,0.6,0.5571,2.98,0.8778,8.51,4.55,-0.832,3.415,0,5,0.7404303510758777
VND_BETA,BLADE_X,2021-11-04,2021-11-05,1731,1494,11,1,12,0.85,0.5736,2.692,0.9143,7.62,7.21,-0.911,3.187,1,1,0.8630849220103987
VND_GAMMA,CASING_B,2021-08-31,2021-09-01,5615,5615,8,0,7,0.6,0.9535,0.124,0.9741,2.14,2.59,-0.277,0.173,0,1,1.0
VND_DELTA,SCREW_M4,2022-11-08,2022-11-10,6100,3596,11,1,5,0.4,0.3647,4.487,0.7545,10.0,9.01,-1.0,3.571,1,2,0.5895081967213115
VND_DELTA,BATTERY_A,2023-09-08,2023-09-15,4124,3665,9,0,10,0.9,0.4223,4.688,0.7704,10.0,8.25,-1.0,4.688,1,7,0.8887002909796314
VND_EPSILON,SCREW_M4,2021-11-27,2021-11-27,5502,5502,11,1,5,0.4,0.7424,1.583,0.916,4.9,3.65,0.183,1.854,0,0,1.0
VND_ALPHA,SWITCH_S,2022-05-15,2022-05-14,553,474,5,0,6,0.65,0.8542,1.106,0.9994,2.19,1.91,-0.492,0.435,0,-1,0.8571428571428571
VND_EPSILON,CASING_B,2021-11-26,2021-11-27,1303,1195,11,1,7,0.6,0.709,2.0,0.902,4.9,3.65,0.183,1.854,1,1,0.9171143514965464
VND_EPSILON,MOTOR_X,2021-10-28,2021-10-30,658,512,10,0,14,0.95,0.7157,1.01,0.9653,4.13,3.48,-0.679,1.687,0,2,0.7781155015197568
VND_GAMMA,CASING_B,2022-01-04,2022-01-04,4432,4432,1,1,7,0.6,0.9264,-0.296,0.9706,1.85,2.16,0.022,0.306,0,0,1.0
VND_EPSILON,SWITCH_S,2021-02-08,2021-02-06,7396,6858,2,0,6,0.65,0.7075,0.928,0.9657,3.97,2.95,-0.443,1.143,1,-2,0.9272579772850189
VND_ALPHA,BLADE_X,2022-03-20,2022-03-22,3879,3227,3,0,12,0.85,0.8187,1.356,0.9917,2.73,2.14,-0.359,0.814,0,2,0.8319154421242588
VND_DELTA,BEARING_01,2021-12-16,2021-12-23,1997,1567,12,1,11,0.8,0.3461,4.743,0.7473,9.5,6.79,-1.0,3.943,1,7,0.784677015523285
VND_EPSILON,SWITCH_S,2021-10-20,2021-10-21,6709,5841,10,0,6,0.65,0.7874,1.881,0.8792,4.13,3.48,-0.679,1.687,1,1,0.8706215531375764
VND_EPSILON,CASING_B,2023-11-13,2023-11-14,2366,2094,11,1,7,0.6,0.7494,1.16,0.9392,4.9,3.65,0.183,1.854,0,1,0.8850380388841927
VND_ZETA,CASING_B,2022-12-03,2022-12-03,7755,7569,12,1,7,0.6,0.9164,0.394,0.9675,4.01,0.19,-0.074,0.755,0,0,0.9760154738878143
VND_EPSILON,BEARING_01,2021-05-21,2021-05-21,2082,1864,5,0,11,0.8,0.7902,1.068,0.9349,5.37,6.65,-0.289,2.054,0,0,0.8952929875120077
VND_DELTA,SWITCH_S,2021-09-28,2021-10-07,1089,776,9,0,6,0.65,0.3438,4.302,0.75,10.0,8.25,-1.0,4.688,1,9,0.7125803489439853
VND_BETA,MOTOR_X,2023-12-07,2023-12-17,7241,6910,12,1,14,0.95,0.5941,2.997,0.8318,7.45,6.37,-1.0,2.215,1,10,0.9542880817566635
VND_BETA,SWITCH_S,2021-07-17,2021-07-20,1653,1558,7,0,6,0.65,0.5112,2.707,0.9243,8.11,6.76,-1.0,3.129,0,3,0.9425287356321839
VND_EPSILON,BEARING_01,2021-03-21,2021-03-21,7390,6637,3,0,11,0.8,0.7874,0.769,0.8679,5.21,3.36,-0.135,2.022,0,0,0.898105548037889
VND_ALPHA,BATTERY_A,2023-09-15,2023-09-16,5601,5484,9,0,10,0.9,0.8719,0.294,0.9478,3.19,0.54,0.027,0.512,0,1,0.9791108730583824
VND_EPSILON,CASING_B,2021-01-03,2021-01-07,7547,6763,1,1,7,0.6,0.7275,1.693,0.9625,5.06,3.05,-0.408,1.754,0,4,0.8961176626474096
VND_EPSILON,SWITCH_S,2023-05-12,2023-05-12,3234,2574,5,0,6,0.65,0.7418,1.588,0.9802,5.37,6.65,-0.289,2.054,1,0,0.7959183673469388
VND_ZETA,MOTOR_X,2023-12-22,2023-12-22,3714,3714,12,1,14,0.95,0.9657,0.657,0.9491,4.01,0.19,-0.074,0.755,0,0,1.0
VND_DELTA,SCREW_M4,2023-02-20,2023-02-22,3071,1810,2,0,5,0.4,0.3527,3.968,0.777,10.0,7.1,-1.0,3.739,0,2,0.5893845652881797
VND_DELTA,BATTERY_A,2021-10-02,2021-10-03,2285,1610,10,0,10,0.9,0.3714,3.06,0.749,10.0,5.94,-1.0,3.793,1,1,0.7045951859956237
VND_BETA,BEARING_01,2021-06-21,2021-06-21,2520,2425,6,0,11,0.8,0.5804,3.519,0.8705,8.51,4.55,-0.832,3.415,0,0,0.9623015873015873
VND_GAMMA,SWITCH_S,2022-01-23,2022-01-23,244,244,1,1,6,0.65,0.9406,0.222,1.0,1.85,2.16,0.022,0.306,0,0,1.0
VND_EPSILON,MOTOR_X,2023-12-07,2023-12-07,1165,1155,12,1,14,0.95,0.7624,2.143,0.9571,2.82,4.49,-0.659,1.941,0,0,0.9914163090128756
VND_DELTA,MOTOR_X,2022-02-25,2022-03-05,5834,3768,2,0,14,0.95,0.3978,4.84,0.7968,10.0,7.1,-1.0,3.739,1,8,0.6458690435378814
VND_DELTA,CABLE_R,2023-01-12,2023-01-13,1073,807,1,1,8,0.7,0.4019,4.492,0.7407,10.0,9.08,-1.0,3.072,1,1,0.7520969245107176
VND_DELTA,CASING_B,2022-06-04,2022-06-05,2340,1621,6,0,7,0.6,0.3933,3.967,0.7626,10.0,7.21,-1.0,4.359,1,1,0.6927350427350427
VND_EPSILON,SWITCH_S,2023-01-19,2023-01-21,5212,5099,1,1,6,0.65,0.7036,1.093,0.9148,5.06,3.05,-0.408,1.754,0,2,0.97831926323868
VND_ZETA,BLADE_X,2023-03-25,2023-03-25,6384,6384,3,0,12,0.85,0.9366,0.405,1.0,3.65,1.04,-0.406,0.887,0,0,1.0
VND_DELTA,SCREW_M4,2023-09-16,2023-09-16,1664,1511,9,0,5,0.4,0.3455,4.528,0.7914,10.0,8.25,-1.0,4.688,1,0,0.9080528846153846
VND_EPSILON,CABLE_R,2023-09-18,2023-09-18,2278,2118,9,0,8,0.7,0.7347,0.831,1.0,4.38,3.89,-0.441,1.169,1,0,0.9297629499561019
VND_EPSILON,BLADE_X,2022-12-07,2022-12-09,6542,5476,12,1,12,0.85,0.802,1.361,0.9216,2.82,4.49,-0.659,1.941,1,2,0.837052889024763
VND_ZETA,SWITCH_S,2021-10-10,2021-10-12,7204,7204,10,0,6,0.65,0.9592,0.957,0.9807,2.08,0.04,-0.007,0.366,0,2,1.0
VND_ZETA,BATTERY_A,2022-04-16,2022-04-16,3858,3600,4,0,10,0.9,0.9582,0.719,1.0,4.0,1.67,-0.484,0.326,0,0,0.9331259720062208
VND_ALPHA,CASING_B,2022-03-16,2022-03-15,4364,3690,3,0,7,0.6,0.8726,1.285,0.9292,2.73,2.14,-0.359,0.814,0,-1,0.8455545371219065
VND_GAMMA,SWITCH_S,2021-04-17,2021-04-18,1516,1484,4,0,6,0.65,1.0,0.916,0.9962,1.81,0.33,-0.556,0.389,0,1,0.978891820580475
VND_ZETA,SWITCH_S,2021-01-11,2021-01-12,6789,6531,1,1,6,0.65,0.9184,0.578,1.0,1.09,2.03,0.123,0.866,0,1,0.9619973486522315
VND_BETA,BATTERY_A,2023-08-24,2023-08-28,7784,6413,8,0,10,0.9,0.5639,3.242,0.8711,8.24,4.9,-0.912,2.005,1,4,0.8238694758478932
VND_ALPHA,SWITCH_S,2021-05-12,2021-05-13,2355,2355,5,0,6,0.65,0.8277,1.024,0.9632,2.19,1.91,-0.492,0.435,1,1,1.0
VND_GAMMA,SCREW_M4,2021-06-13,2021-06-13,5189,4761,6,0,5,0.4,0.9485,-0.464,1.0,1.52,0.0,0.363,0.701,0,0,0.9175178261707458
VND_ZETA,MOTOR_X,2023-02-27,2023-02-27,7824,7824,2,0,14,0.95,0.8764,0.272,0.9843,0.68,0.31,-0.17,0.259,0,0,1.0
VND_EPSILON,SWITCH_S,2023-12-04,2023-12-03,2546,2469,12,1,6,0.65,0.6771,2.068,0.9053,2.82,4.49,-0.659,1.941,1,-1,0.9697564807541241
VND_BETA,MOTOR_X,2023-10-10,2023-10-16,3796,2698,10,0,14,0.95,0.5731,2.729,0.8847,7.34,4.7,-0.665,2.932,0,6,0.7107481559536354
VND_BETA,MOTOR_X,2023-11-28,2023-11-30,2542,2120,11,1,14,0.95,0.5701,3.219,0.8504,7.62,7.21,-0.911,3.187,1,2,0.8339889850511408
VND_ALPHA,SCREW_M4,2023-11-12,2023-11-14,4425,4425,11,1,5,0.4,0.8002,1.114,0.9889,3.94,3.27,-0.255,0.88,1,2,1.0
VND_EPSILON,SCREW_M4,2021-12-14,2021-12-18,5721,4809,12,1,5,0.4,0.7153,1.828,0.9334,2.82,4.49,-0.659,1.941,0,4,0.8405873099108547
VND_GAMMA,MOTOR_X,2022-05-05,2022-05-06,5565,5376,5,0,14,0.95,0.9587,-0.03,1.0,1.61,2.86,-0.038,0.521,0,1,0.9660377358490566
VND_BETA,MOTOR_X,2021-06-27,2021-06-29,2460,1800,6,0,14,0.95,0.53,2.912,0.9096,8.51,4.55,-0.832,3.415,1,2,0.7317073170731707
VND_GAMMA,SWITCH_S,2023-03-21,2023-03-21,3521,3507,3,0,6,0.65,0.924,0.169,1.0,1.39,0.8,0.586,0.47,0,0,0.9960238568588469
VND_EPSILON,SCREW_M4,2021-02-01,2021-02-01,6236,5105,2,0,5,0.4,0.7687,1.175,0.8945,3.97,2.95,-0.443,1.143,0,0,0.8186337395766518
VND_ALPHA,BATTERY_A,2022-08-06,2022-08-04,6148,6148,8,0,10,0.9,0.9022,1.059,0.9175,2.6,1.31,-0.401,1.741,0,-2,1.0
VND_GAMMA,CABLE_R,2022-07-21,2022-07-21,2053,2053,7,0,8,0.7,0.9183,0.605,1.0,2.34,0.0,0.441,0.0,0,0,1.0
VND_DELTA,SCREW_M4,2023-04-08,2023-04-17,4909,4601,4,0,5,0.4,0.4946,4.139,0.8547,10.0,7.27,-1.0,3.863,1,9,0.9372580973721736
VND_GAMMA,MOTOR_X,2021-12-25,2021-12-25,3535,3535,12,1,14,0.95,0.9314,0.264,0.9693,1.78,3.21,-0.462,0.474,0,0,1.0
VND_EPSILON,BATTERY_A,2021-05-29,2021-06-02,4321,3996,5,0,10,0.9,0.7357,1.69,0.9651,5.37,6.65,-0.289,2.054,0,4,0.9247859291830595
VND_GAMMA,BLADE_X,2021-08-28,2021-08-27,6777,5579,8,0,12,0.85,0.9752,0.217,1.0,2.14,2.59,-0.277,0.173,0,-1,0.8232256160543013
VND_EPSILON,BLADE_X,2022-05-28,2022-06-01,5886,5411,5,0,12,0.85,0.6764,1.306,0.8854,5.37,6.65,-0.289,2.054,0,4,0.919300033978933
VND_DELTA,BEARING_01,2023-09-18,2023-09-18,6507,4710,9,0,11,0.8,0.4762,5.002,0.7906,10.0,8.25,-1.0,4.688,1,0,0.7238358690640848
VND_GAMMA,SCREW_M4,2023-07-29,2023-07-29,5783,5783,7,0,5,0.4,0.9415,0.517,0.9799,2.34,0.0,0.441,0.0,0,0,1.0
VND_EPSILON,BEARING_01,2021-02-26,2021-02-27,4148,3722,2,0,11,0.8,0.7204,1.2,0.9133,3.97,2.95,-0.443,1.143,0,1,0.8972999035679846
VND_GAMMA,BATTERY_A,2021-05-19,2021-05-19,3334,3334,5,0,10,0.9,1.0,0.768,0.9523,1.61,2.86,-0.038,0.521,0,0,1.0
VND_ZETA,SCREW_M4,2022-04-16,2022-04-18,6754,6754,4,0,5,0.4,0.8601,0.246,0.9649,4.0,1.67,-0.484,0.326,0,2,1.0
VND_DELTA,CABLE_R,2022-12-25,2023-01-01,4431,3936,12,1,8,0.7,0.373,5.044,0.7643,9.5,6.79,-1.0,3.943,1,7,0.8882870683818551
VND_ZETA,MOTOR_X,2022-06-24,2022-06-25,2233,1657,6,0,14,0.95,0.8829,0.46,1.0,0.95,0.58,-1.0,0.11,0,1,0.74205105239588
VND_ALPHA,BLADE_X,2023-03-29,2023-03-28,5718,5713,3,0,12,0.85,0.8365,0.623,0.9936,2.73,2.14,-0.359,0.814,0,-1,0.9991255683805527
VND_ALPHA,CABLE_R,2022-01-01,2022-01-03,4103,4103,1,1,8,0.7,0.8662,0.656,0.9404,3.7,2.96,-0.026,1.609,0,2,1.0
VND_GAMMA,CABLE_R,2022-03-24,2022-03-25,7526,7526,3,0,8,0.7,0.9484,1.164,0.9927,1.39,0.8,0.586,0.47,0,1,1.0
VND_BETA,BLADE_X,2022-01-25,2022-01-27,4287,4287,1,1,12,0.85,0.5307,2.515,0.8591,8.49,4.94,-0.843,2.646,1,2,1.0
VND_BETA,SCREW_M4,2022-05-11,2022-05-16,7349,6221,5,0,5,0.4,0.5338,3.253,0.9279,8.96,6.56,-0.962,3.201,1,5,0.8465097292148591
VND_BETA,BLADE_X,2022-04-15,2022-04-19,1861,1667,4,0,12,0.85,0.5518,3.306,0.8497,7.67,5.01,-1.0,2.322,1,4,0.8957549704459967
VND_EPSILON,SCREW_M4,2022-12-31,2023-01-02,1477,1150,12,1,5,0.4,0.6928,1.298,0.9278,2.82,4.49,-0.659,1.941,0,2,0.7786052809749492
VND_ALPHA,BATTERY_A,2021-06-10,2021-06-14,5736,5103,6,0,10,0.9,0.8289,1.184,0.9512,4.67,1.37,-0.2,0.43,0,4,0.8896443514644351
VND_EPSILON,BEARING_01,2021-01-14,2021-01-18,6460,5993,1,1,11,0.8,0.7956,1.863,0.9088,5.06,3.05,-0.408,1.754,0,4,0.9277089783281733
VND_DELTA,MOTOR_X,2023-01-31,2023-02-13,5284,4472,1,1,14,0.95,0.4571,4.306,0.7717,10.0,9.08,-1.0,3.072,1,13,0.846328538985617
VND_DELTA,CABLE_R,2022-07-17,2022-07-20,4220,3514,7,0,8,0.7,0.4311,4.728,0.7731,10.0,6.05,-1.0,3.274,0,3,0.8327014218009479
VND_EPSILON,CASING_B,2022-07-28,2022-08-01,3459,3459,7,0,7,0.6,0.72,1.179,0.9016,4.08,2.56,-0.606,1.633,0,4,1.0
VND_EPSILON,SCREW_M4,2021-09-20,2021-09-20,643,643,9,0,5,0.4,0.7007,1.204,0.9936,4.38,3.89,-0.441,1.169,0,0,1.0
VND_DELTA,SWITCH_S,2021-03-08,2021-03-15,4316,3610,3,0,6,0.65,0.3721,4.412,0.7398,9.67,7.03,-1.0,3.314,1,7,0.8364226135310473
VND_DELTA,CABLE_R,2021-12-24,2021-12-22,3945,2990,12,1,8,0.7,0.3343,4.524,0.7212,9.5,6.79,-1.0,3.943,1,-2,0.7579214195183777
VND_ZETA,BATTERY_A,2023-11-28,2023-11-28,3968,3968,11,1,10,0.9,0.8859,0.766,1.0,1.99,2.8,0.448,0.025,0,0,1.0
VND_ZETA,CABLE_R,2021-01-18,2021-01-17,296,253,1,1,8,0.7,0.9266,1.302,0.9739,1.09,2.03,0.123,0.866,0,-1,0.8547297297297297
VND_DELTA,SCREW_M4,2021-07-26,2021-07-29,2865,2140,7,0,5,0.4,0.3948,4.571,0.7805,10.0,6.05,-1.0,3.274,1,3,0.7469458987783595
VND_EPSILON,CABLE_R,2022-06-16,2022-06-16,1733,1503,6,0,8,0.7,0.6783,1.534,0.8976,5.8,3.45,-0.555,1.904,0,0,0.8672821696480092
VND_BETA,BLADE_X,2022-07-06,2022-07-06,4061,3792,7,0,12,0.85,0.5249,2.89,0.8818,8.11,6.76,-1.0,3.129,1,0,0.9337601575966511
VND_GAMMA,CABLE_R,2022-01-12,2022-01-12,4285,3868,1,1,8,0.7,0.9542,0.36,0.9449,1.85,2.16,0.022,0.306,0,0,0.902683780630105
VND_BETA,SWITCH_S,2023-05-09,2023-05-14,5940,5368,5,0,6,0.65,0.5253,3.524,0.892,8.96,6.56,-0.962,3.201,0,5,0.9037037037037037
VND_GAMMA,CABLE_R,2023-04-01,2023-04-01,2490,2290,4,0,8,0.7,0.8671,0.362,0.9875,1.81,0.33,-0.556,0.389,0,0,0.9196787148594378
VND_BETA,BEARING_01,2021-09-26,2021-10-01,4917,4917,9,0,11,0.8,0.567,3.19,0.8652,7.93,5.56,-0.497,2.593,1,5,1.0
VND_ALPHA,SCREW_M4,2022-07-07,2022-07-06,6787,6655,7,0,5,0.4,0.7406,0.893,0.9732,2.66,1.71,-0.565,1.15,1,-1,0.9805510534846029
VND_EPSILON,SCREW_M4,2023-06-05,2023-06-05,7214,7128,6,0,5,0.4,0.7241,1.513,0.9248,5.8,3.45,-0.555,1.904,0,0,0.9880787357915165
VND_BETA,SWITCH_S,2021-10-26,2021-10-31,6753,6633,10,0,6,0.65,0.5674,2.867,0.8081,7.34,4.7,-0.665,2.932,1,5,0.9822301199466904
VND_DELTA,CASING_B,2021-01-20,2021-01-23,1646,953,1,1,7,0.6,0.3436,4.643,0.7685,10.0,9.08,-1.0,3.072,1,3,0.5789793438639125
VND_DELTA,SWITCH_S,2021-10-03,2021-10-07,7517,6329,10,0,6,0.65,0.4243,4.666,0.7411,10.0,5.94,-1.0,3.793,1,4,0.8419582280164959
VND_DELTA,CABLE_R,2022-09-07,2022-09-05,2255,1868,9,0,8,0.7,0.3722,4.431,0.7419,10.0,8.25,-1.0,4.688,1,-2,0.8283813747228381
VND_DELTA,MOTOR_X,2021-07-22,2021-07-22,5856,4683,7,0,14,0.95,0.3707,4.504,0.8042,10.0,6.05,-1.0,3.274,1,0,0.7996926229508197
VND_ALPHA,CASING_B,2022-03-18,2022-03-17,6866,6334,3,0,7,0.6,0.8147,0.919,0.9652,2.73,2.14,-0.359,0.814,1,-1,0.9225167491989513
VND_DELTA,BLADE_X,2021-07-17,2021-07-24,3885,2667,7,0,12,0.85,0.3727,4.612,0.7618,10.0,6.05,-1.0,3.274,0,7,0.6864864864864865
VND_GAMMA,CABLE_R,2023-01-10,2023-01-11,3151,3147,1,1,8,0.7,0.9414,-0.425,1.0,1.85,2.16,0.022,0.306,0,1,0.998730561726436
VND_GAMMA,BLADE_X,2021-02-10,2021-02-10,3573,3573,2,0,12,0.85,0.8853,0.439,0.9711,0.13,0.0,-0.083,0.079,0,0,1.0
VND_GAMMA,BATTERY_A,2022-02-12,2022-02-12,4925,4853,2,0,10,0.9,0.8867,0.455,1.0,0.13,0.0,-0.083,0.079,0,0,0.9853807106598985
VND_GAMMA,CASING_B,2022-12-29,2022-12-29,2863,2693,12,1,7,0.6,0.9687,0.082,0.9749,1.78,3.21,-0.462,0.474,0,0,0.9406217254628012
VND_ZETA,BEARING_01,2023-07-05,2023-07-04,7487,6606,7,0,11,0.8,0.9381,0.622,0.9884,1.63,0.0,0.462,0.0,0,-1,0.8823293709095766
VND_DELTA,BATTERY_A,2022-08-10,2022-08-17,3999,3071,8,0,10,0.9,0.3093,5.697,0.8224,10.0,7.14,-1.0,3.931,1,7,0.767941985496374
VND_BETA,CASING_B,2022-11-22,2022-11-27,3655,3134,11,1,7,0.6,0.601,2.477,0.8725,7.62,7.21,-0.911,3.187,1,5,0.8574555403556772
VND_ALPHA,SWITCH_S,2021-06-12,2021-06-12,1527,1527,6,0,6,0.65,0.884,1.611,0.9827,4.67,1.37,-0.2,0.43,0,0,1.0
VND_BETA,CABLE_R,2022-10-05,2022-10-07,2795,2484,10,0,8,0.7,0.5497,2.269,0.8792,7.34,4.7,-0.665,2.932,1,2,0.8887298747763864
VND_ZETA,BLADE_X,2022-07-02,2022-07-03,5159,5159,7,0,12,0.85,0.9573,0.779,0.9981,1.63,0.0,0.462,0.0,0,1,1.0
VND_GAMMA,SWITCH_S,2023-07-01,2023-07-01,6597,6348,7,0,6,0.65,0.9396,1.139,1.0,2.34,0.0,0.441,0.0,0,0,0.9622555707139608
VND_ZETA,CABLE_R,2023-12-03,2023-12-06,3888,3837,12,1,8,0.7,0.7765,0.895,0.9638,4.01,0.19,-0.074,0.755,0,3,0.9868827160493827
VND_BETA,SWITCH_S,2022-01-12,2022-01-13,7197,6033,1,1,6,0.65,0.5215,3.492,0.9227,8.49,4.94,-0.843,2.646,1,1,0.8382659441433931
VND_BETA,MOTOR_X,2022-04-26,2022-04-30,5623,5265,4,0,14,0.95,0.5185,2.409,0.8648,7.67,5.01,-1.0,2.322,1,4,0.9363329183709763
VND_ZETA,BLADE_X,2021-06-13,2021-06-13,1925,1662,6,0,12,0.85,0.94,1.267,0.9467,0.95,0.58,-1.0,0.11,0,0,0.8633766233766234
VND_DELTA,CASING_B,2021-07-30,2021-08-05,982,794,7,0,7,0.6,0.4168,4.308,0.757,10.0,6.05,-1.0,3.274,0,6,0.8085539714867617
VND_DELTA,BATTERY_A,2021-04-21,2021-05-03,415,268,4,0,10,0.9,0.3443,3.253,0.7716,10.0,7.27,-1.0,3.863,1,12,0.6457831325301204
VND_EPSILON,SWITCH_S,2021-06-20,2021-06-23,1051,1050,6,0,6,0.65,0.7666,1.105,0.9785,5.8,3.45,-0.555,1.904,0,3,0.9990485252140818
VND_EPSILON,BLADE_X,2021-11-15,2021-11-15,890,699,11,1,12,0.85,0.7192,1.44,0.9288,4.9,3.65,0.183,1.854,0,0,0.7853932584269663
VND_GAMMA,SWITCH_S,2022-04-15,2022-04-19,2226,2226,4,0,6,0.65,0.9336,-0.122,0.9336,1.81,0.33,-0.556,0.389,0,4,1.0
VND_DELTA,BLADE_X,2021-09-16,2021-09-16,1275,1273,9,0,12,0.85,0.4147,4.637,0.7818,10.0,8.25,-1.0,4.688,1,0,0.9984313725490196
VND_ALPHA,CASING_B,2021-03-13,2021-03-13,5635,5635,3,0,7,0.6,0.8124,0.965,0.8935,2.73,2.14,-0.359,0.814,0,0,1.0
VND_GAMMA,CABLE_R,2023-09-03,2023-09-03,4027,4027,9,0,8,0.7,0.9799,0.369,1.0,1.65,0.0,-0.445,0.427,0,0,1.0
VND_EPSILON,BLADE_X,2023-07-01,2023-07-01,1306,1169,7,0,12,0.85,0.685,1.651,1.0,4.08,2.56,-0.606,1.633,0,0,0.8950995405819295
VND_EPSILON,CASING_B,2023-07-25,2023-07-28,5369,5369,7,0,7,0.6,0.7048,0.892,0.8637,4.08,2.56,-0.606,1.633,0,3,1.0
VND_EPSILON,SWITCH_S,2023-12-30,2023-12-30,2736,2736,12,1,6,0.65,0.7361,1.09,0.911,2.82,4.49,-0.659,1.941,1,0,1.0
VND_DELTA,CABLE_R,2022-04-11,2022-04-09,6792,6654,4,0,8,0.7,0.3753,5.167,0.7792,10.0,7.27,-1.0,3.863,1,-2,0.9796819787985865
VND_DELTA,BATTERY_A,2022-09-23,2022-10-04,3196,2567,9,0,10,0.9,0.3725,4.913,0.8136,10.0,8.25,-1.0,4.688,1,11,0.8031914893617021
VND_GAMMA,SWITCH_S,2021-11-15,2021-11-15,2686,2686,11,1,6,0.65,0.9263,-0.436,0.9665,0.77,1.58,0.264,0.0,0,0,1.0
VND_ALPHA,MOTOR_X,2023-12-08,2023-12-08,6879,6879,12,1,14,0.95,0.8297,0.66,0.9859,1.72,2.38,-0.358,1.423,1,0,1.0
VND_GAMMA,CASING_B,2022-08-11,2022-08-12,4043,4043,8,0,7,0.6,0.9456,0.136,1.0,2.14,2.59,-0.277,0.173,0,1,1.0
VND_ZETA,MOTOR_X,2023-10-05,2023-10-03,7957,6870,10,0,14,0.95,1.0,1.057,0.982,2.08,0.04,-0.007,0.366,0,-2,0.8633907251476687
VND_GAMMA,BEARING_01,2021-01-19,2021-01-21,6474,6164,1,1,11,0.8,0.9823,0.615,1.0,1.85,2.16,0.022,0.306,0,2,0.952116156935434
VND_GAMMA,SWITCH_S,2022-04-19,2022-04-19,6727,6727,4,0,6,0.65,0.9913,0.455,0.9609,1.81,0.33,-0.556,0.389,0,0,1.0
VND_EPSILON,MOTOR_X,2023-02-05,2023-02-04,1744,1570,2,0,14,0.95,0.7786,1.494,0.9378,3.97,2.95,-0.443,1.143,0,-1,0.9002293577981652
VND_EPSILON,SWITCH_S,2023-06-15,2023-06-13,3433,3293,6,0,6,0.65,0.7149,1.626,0.9475,5.8,3.45,-0.555,1.904,0,-2,0.9592193416836586
VND_BETA,SCREW_M4,2023-03-10,2023-03-16,6986,6523,3,0,5,0.4,0.5333,2.975,0.935,7.31,4.89,-0.841,3.19,1,6,0.9337245920412253
VND_BETA,SWITCH_S,2022-06-23,2022-06-25,848,679,6,0,6,0.65,0.5274,2.563,0.8997,8.51,4.55,-0.832,3.415,1,2,0.8007075471698113
VND_ZETA,SWITCH_S,2022-05-06,2022-05-06,4432,4432,5,0,6,0.65,0.8837,0.55,0.9968,3.15,0.0,0.105,0.83,0,0,1.0
VND_GAMMA,BLADE_X,2023-12-26,2023-12-28,6825,6825,12,1,12,0.85,0.9346,-0.066,0.9975,1.78,3.21,-0.462,0.474,0,2,1.0
VND_DELTA,BLADE_X,2022-01-21,2022-01-19,7191,5243,1,1,12,0.85,0.3374,4.831,0.7248,10.0,9.08,-1.0,3.072,1,-2,0.7291058267278543
VND_BETA,BATTERY_A,2021-10-07,2021-10-10,2572,2332,10,0,10,0.9,0.5537,3.297,0.8837,7.34,4.7,-0.665,2.932,1,3,0.9066874027993779
VND_ZETA,BATTERY_A,2023-07-22,2023-07-21,5260,4771,7,0,10,0.9,0.9587,-0.166,0.9389,1.63,0.0,0.462,0.0,1,-1,0.9070342205323194
VND_GAMMA,BEARING_01,2023-10-05,2023-10-07,1738,1667,10,0,11,0.8,0.9165,0.658,1.0,0.49,0.87,-0.256,1.02,0,2,0.9591484464902187
VND_ALPHA,CABLE_R,2021-11-08,2021-11-09,606,605,11,1,8,0.7,0.8273,1.132,0.9694,3.94,3.27,-0.255,0.88,0,1,0.9983498349834984
VND_BETA,MOTOR_X,2021-07-29,2021-08-02,2511,2172,7,0,14,0.95,0.6041,1.854,0.9416,8.11,6.76,-1.0,3.129,1,4,0.8649940262843488
VND_BETA,BLADE_X,2023-06-17,2023-06-16,6156,6156,6,0,12,0.85,0.497,3.127,0.8495,8.51,4.55,-0.832,3.415,1,-1,1.0
VND_BETA,MOTOR_X,2021-07-04,2021-07-06,1434,1273,7,0,14,0.95,0.528,2.596,0.8886,8.11,6.76,-1.0,3.129,1,2,0.8877266387726639
VND_DELTA,MOTOR_X,2022-03-21,2022-03-28,3000,2256,3,0,14,0.95,0.3072,4.326,0.8198,9.67,7.03,-1.0,3.314,1,7,0.752
VND_GAMMA,SWITCH_S,2023-10-18,2023-10-18,3242,3187,10,0,6,0.65,0.9245,0.596,0.9814,0.49,0.87,-0.256,1.02,1,0,0.9830351634793337
VND_ZETA,BEARING_01,2021-03-06,2021-03-06,2905,2901,3,0,11,0.8,0.9231,1.105,0.9749,3.65,1.04,-0.406,0.887,0,0,0.9986230636833047
VND_BETA,BATTERY_A,2021-04-25,2021-04-27,2383,1822,4,0,10,0.9,0.5575,2.46,0.9,7.67,5.01,-1.0,2.322,0,2,0.7645824590851867
VND_ALPHA,SWITCH_S,2023-08-21,2023-08-25,1687,1640,8,0,6,0.65,0.7801,1.108,0.9561,2.6,1.31,-0.401,1.741,0,4,0.972139893301719
VND_GAMMA,SCREW_M4,2023-02-21,2023-02-21,6985,6531,2,0,5,0.4,0.9059,0.593,1.0,0.13,0.0,-0.083,0.079,0,0,0.9350035790980673
VND_ALPHA,MOTOR_X,2022-05-25,2022-05-26,3352,2739,5,0,14,0.95,0.7664,0.482,0.9547,2.19,1.91,-0.492,0.435,0,1,0.8171241050119332
VND_BETA,BEARING_01,2021-03-10,2021-03-15,1831,1549,3,0,11,0.8,0.5741,3.361,0.8437,7.31,4.89,-0.841,3.19,0,5,0.84598580010923
VND_ZETA,BEARING_01,2021-07-12,2021-07-12,4469,3773,7,0,11,0.8,0.927,0.213,0.9673,1.63,0.0,0.462,0.0,0,0,0.8442604609532334
VND_DELTA,SCREW_M4,2023-03-08,2023-03-13,5782,3662,3,0,5,0.4,0.4686,3.961,0.7603,9.67,7.03,-1.0,3.314,1,5,0.6333448633690765
VND_GAMMA,BLADE_X,2021-11-21,2021-11-21,5354,5354,11,1,12,0.85,1.0,-0.088,1.0,0.77,1.58,0.264,0.0,0,0,1.0
VND_ZETA,MOTOR_X,2023-12-03,2023-12-04,1200,1099,12,1,14,0.95,0.9807,0.012,0.9766,4.01,0.19,-0.074,0.755,0,1,0.9158333333333334
VND_DELTA,BLADE_X,2022-09-04,2022-09-06,1827,1516,9,0,12,0.85,0.3547,4.979,0.8236,10.0,8.25,-1.0,4.688,1,2,0.8297755883962781
VND_ALPHA,CABLE_R,2022-03-23,2022-03-28,1125,1035,3,0,8,0.7,0.8958,0.895,0.9188,2.73,2.14,-0.359,0.814,0,5,0.92
VND_ZETA,SCREW_M4,2023-06-09,2023-06-09,2858,2858,6,0,5,0.4,0.9564,0.741,0.9801,0.95,0.58,-1.0,0.11,0,0,1.0
VND_BETA,MOTOR_X,2022-07-20,2022-07-21,4989,4492,7,0,14,0.95,0.5129,3.315,0.861,8.11,6.76,-1.0,3.129,0,1,0.9003808378432552
VND_DELTA,BATTERY_A,2022-05-13,2022-05-21,273,206,5,0,10,0.9,0.3729,4.101,0.7179,9.38,7.59,-0.912,3.272,1,8,0.7545787545787546
VND_EPSILON,MOTOR_X,2023-09-01,2023-09-01,5839,5539,9,0,14,0.95,0.7704,1.322,0.9035,4.38,3.89,-0.441,1.169,1,0,0.948621339270423
VND_GAMMA,CASING_B,2021-07-03,2021-07-02,2237,2237,7,0,7,0.6,0.9956,0.11,0.9996,2.34,0.0,0.441,0.0,0,-1,1.0
VND_DELTA,CASING_B,2021-07-07,2021-07-13,5819,5349,7,0,7,0.6,0.3933,4.758,0.7604,10.0,6.05,-1.0,3.274,1,6,0.9192301082660251
VND_ZETA,CABLE_R,2021-05-03,2021-05-02,689,689,5,0,8,0.7,0.9006,0.217,0.9802,3.15,0.0,0.105,0.83,1,-1,1.0
VND_ZETA,CABLE_R,2021-11-12,2021-11-12,5945,5945,11,1,8,0.7,0.9126,0.275,0.9401,1.99,2.8,0.448,0.025,0,0,1.0
VND_BETA,BATTERY_A,2023-09-27,2023-09-27,2106,1867,9,0,10,0.9,0.5688,2.922,0.9037,7.93,5.56,-0.497,2.593,1,0,0.8865147198480532
VND_EPSILON,CABLE_R,2022-12-13,2022-12-14,6798,6798,12,1,8,0.7,0.714,1.784,0.9578,2.82,4.49,-0.659,1.941,1,1,1.0
VND_ZETA,BEARING_01,2022-01-31,2022-01-31,374,366,1,1,11,0.8,0.9031,0.978,0.937,1.09,2.03,0.123,0.866,0,0,0.9786096256684492
VND_GAMMA,SWITCH_S,2021-10-03,2021-10-03,2253,1889,10,0,6,0.65,0.9212,0.465,1.0,0.49,0.87,-0.256,1.02,0,0,0.8384376387039503
VND_DELTA,MOTOR_X,2023-06-16,2023-06-24,4779,3362,6,0,14,0.95,0.3676,4.153,0.7704,10.0,7.21,-1.0,4.359,0,8,0.7034944549068843
VND_EPSILON,BLADE_X,2023-10-01,2023-09-29,1754,1697,10,0,12,0.85,0.737,1.253,0.8814,4.13,3.48,-0.679,1.687,1,-2,0.9675028506271379
VND_EPSILON,CASING_B,2022-12-14,2022-12-17,2851,2532,12,1,7,0.6,0.6563,1.129,0.933,2.82,4.49,-0.659,1.941,1,3,0.8881094352858646
VND_GAMMA,BEARING_01,2021-11-25,2021-11-25,764,742,11,1,11,0.8,1.0,-0.355,1.0,0.77,1.58,0.264,0.0,0,0,0.9712041884816754
VND_DELTA,CASING_B,2022-08-29,2022-09-02,6912,5837,8,0,7,0.6,0.3571,5.009,0.7226,10.0,7.14,-1.0,3.931,1,4,0.8444733796296297
VND_EPSILON,BLADE_X,2023-01-22,2023-01-23,3919,3381,1,1,12,0.85,0.8334,1.668,0.9484,5.06,3.05,-0.408,1.754,1,1,0.862720081653483
VND_ZETA,MOTOR_X,2023-11-03,2023-11-05,3305,3023,11,1,14,0.95,0.8302,0.859,0.9714,1.99,2.8,0.448,0.025,0,2,0.9146747352496218
VND_ALPHA,CASING_B,2023-01-16,2023-01-17,6557,6198,1,1,7,0.6,0.8195,0.609,0.9151,3.7,2.96,-0.026,1.609,0,1,0.9452493518377306
VND_GAMMA,SCREW_M4,2021-05-10,2021-05-11,5592,4706,5,0,5,0.4,0.9866,0.518,0.976,1.61,2.86,-0.038,0.521,0,1,0.8415593705293276
VND_BETA,SWITCH_S,2023-12-10,2023-12-16,5796,5208,12,1,6,0.65,0.5364,3.184,0.8994,7.45,6.37,-1.0,2.215,1,6,0.8985507246376812
VND_EPSILON,BEARING_01,2021-11-12,2021-11-12,5222,4879,11,1,11,0.8,0.7223,0.992,0.9626,4.9,3.65,0.183,1.854,0,0,0.9343163538873994
VND_GAMMA,BLADE_X,2023-04-20,2023-04-21,5450,4850,4,0,12,0.85,0.9704,0.054,1.0,1.81,0.33,-0.556,0.389,0,1,0.8899082568807339
VND_ALPHA,CABLE_R,2021-07-17,2021-07-17,4486,4131,7,0,8,0.7,0.8538,0.285,1.0,2.66,1.71,-0.565,1.15,0,0,0.9208649130628622
VND_ALPHA,BATTERY_A,2021-09-23,2021-09-24,1663,1431,9,0,10,0.9,0.7765,1.225,0.9769,3.19,0.54,0.027,0.512,0,1,0.8604930847865304
VND_BETA,MOTOR_X,2021-08-08,2021-08-10,4176,4114,8,0,14,0.95,0.5835,3.083,0.8775,8.24,4.9,-0.912,2.005,0,2,0.9851532567049809
VND_ALPHA,SCREW_M4,2021-03-07,2021-03-12,4877,4081,3,0,5,0.4,0.8519,1.666,0.9503,2.73,2.14,-0.359,0.814,0,5,0.8367849087553824
VND_ZETA,SWITCH_S,2023-10-01,2023-10-02,4507,4507,10,0,6,0.65,0.9809,0.822,0.9904,2.08,0.04,-0.007,0.366,0,1,1.0
VND_ALPHA,BLADE_X,2023-01-21,2023-01-21,2008,2008,1,1,12,0.85,0.8283,1.178,0.9727,3.7,2.96,-0.026,1.609,0,0,1.0
VND_ALPHA,BATTERY_A,2022-03-04,2022-03-03,5571,5477,3,0,10,0.9,0.7781,0.869,0.9559,2.73,2.14,-0.359,0.814,1,-1,0.9831269071979896
VND_ALPHA,BEARING_01,2023-08-17,2023-08-19,6761,6685,8,0,11,0.8,0.7752,1.552,1.0,2.6,1.31,-0.401,1.741,1,2,0.9887590593107528
VND_GAMMA,MOTOR_X,2023-05-02,2023-05-02,6934,6934,5,0,14,0.95,0.9355,0.389,1.0,1.61,2.86,-0.038,0.521,0,0,1.0
VND_ZETA,CABLE_R,2021-04-30,2021-05-01,6947,6734,4,0,8,0.7,0.9286,0.762,1.0,4.0,1.67,-0.484,0.326,0,1,0.9693392831438031
VND_EPSILON,BLADE_X,2021-03-25,2021-03-24,6215,6215,3,0,12,0.85,0.7253,1.839,0.9494,5.21,3.36,-0.135,2.022,1,-1,1.0
VND_GAMMA,BATTERY_A,2021-06-09,2021-06-08,7938,7938,6,0,10,0.9,1.0,0.565,0.9961,1.52,0.0,0.363,0.701,0,-1,1.0
VND_EPSILON,SCREW_M4,2021-07-18,2021-07-20,1029,829,7,0,5,0.4,0.6618,1.649,0.9036,4.08,2.56,-0.606,1.633,1,2,0.8056365403304179
VND_EPSILON,SCREW_M4,2023-03-01,2023-03-03,1752,1651,3,0,5,0.4,0.7509,1.18,0.9207,5.21,3.36,-0.135,2.022,1,2,0.942351598173516
VND_EPSILON,SCREW_M4,2022-05-25,2022-05-26,4869,4578,5,0,5,0.4,0.646,0.811,0.9372,5.37,6.65,-0.289,2.054,1,1,0.940234134319162
VND_EPSILON,CASING_B,2023-05-01,2023-05-01,6312,5797,5,0,7,0.6,0.7417,0.748,0.8829,5.37,6.65,-0.289,2.054,0,0,0.9184093789607097
VND_ZETA,BATTERY_A,2023-01-04,2023-01-04,5725,5071,1,1,10,0.9,0.8684,0.989,1.0,1.09,2.03,0.123,0.866,0,0,0.885764192139738
VND_ZETA,BEARING_01,2023-05-25,2023-05-25,7432,7432,5,0,11,0.8,1.0,0.122,0.977,3.15,0.0,0.105,0.83,0,0,1.0
VND_BETA,BATTERY_A,2022-01-05,2022-01-07,4705,4613,1,1,10,0.9,0.5077,3.019,0.9031,8.49,4.94,-0.843,2.646,0,2,0.9804463336875664
VND_EPSILON,SWITCH_S,2022-11-23,2022-11-26,5586,5010,11,1,6,0.65,0.7038,2.008,0.9151,4.9,3.65,0.183,1.854,1,3,0.8968850698174007
VND_EPSILON,CASING_B,2023-06-27,2023-06-29,7847,6027,6,0,7,0.6,0.7415,2.001,0.9713,5.8,3.45,-0.555,1.904,0,2,0.768064228367529
VND_GAMMA,CABLE_R,2022-10-27,2022-10-27,7121,6764,10,0,8,0.7,0.9906,0.375,0.9916,0.49,0.87,-0.256,1.02,0,0,0.9498665917708187
VND_DELTA,CABLE_R,2023-06-01,2023-06-08,6967,6345,6,0,8,0.7,0.3642,4.288,0.7335,10.0,7.21,-1.0,4.359,1,7,0.9107219750251184
VND_EPSILON,CABLE_R,2022-05-08,2022-05-08,4813,4813,5,0,8,0.7,0.7763,1.431,0.908,5.37,6.65,-0.289,2.054,0,0,1.0
VND_DELTA,SCREW_M4,2022-06-05,2022-06-12,3149,2606,6,0,5,0.4,0.4543,4.302,0.7436,10.0,7.21,-1.0,4.359,0,7,0.8275643061289298
VND_DELTA,BEARING_01,2023-03-25,2023-03-31,201,142,3,0,11,0.8,0.2954,4.33,0.7719,9.67,7.03,-1.0,3.314,1,6,0.7064676616915423
VND_GAMMA,MOTOR_X,2021-02-03,2021-02-03,4440,4440,2,0,14,0.95,0.9379,0.44,0.9855,0.13,0.0,-0.083,0.079,0,0,1.0
VND_GAMMA,CASING_B,2021-01-14,2021-01-15,2660,2660,1,1,7,0.6,0.9174,-0.161,1.0,1.85,2.16,0.022,0.306,0,1,1.0
VND_BETA,SCREW_M4,2022-10-07,2022-10-11,377,308,10,0,5,0.4,0.5522,2.771,0.836,7.34,4.7,-0.665,2.932,1,4,0.8169761273209549
VND_EPSILON,BLADE_X,2023-11-14,2023-11-16,4757,4745,11,1,12,0.85,0.7358,1.632,0.9325,4.9,3.65,0.183,1.854,1,2,0.9974774017237755
VND_ALPHA,CASING_B,2021-03-19,2021-03-21,3971,3825,3,0,7,0.6,0.8252,1.705,0.9859,2.73,2.14,-0.359,0.814,1,2,0.9632334424578192
VND_BETA,CABLE_R,2021-10-11,2021-10-14,2370,1950,10,0,8,0.7,0.5853,2.254,0.8476,7.34,4.7,-0.665,2.932,1,3,0.8227848101265823
VND_EPSILON,CABLE_R,2022-05-27,2022-05-29,2108,1785,5,0,8,0.7,0.7423,1.793,0.9146,5.37,6.65,-0.289,2.054,0,2,0.8467741935483871
VND_GAMMA,BLADE_X,2021-07-08,2021-07-09,4873,4816,7,0,12,0.85,0.9282,-0.24,1.0,2.34,0.0,0.441,0.0,0,1,0.9883028934947671
VND_EPSILON,SWITCH_S,2022-03-22,2022-03-24,6215,5805,3,0,6,0.65,0.7328,1.095,0.9202,5.21,3.36,-0.135,2.022,1,2,0.9340305711987128
VND_ZETA,BATTERY_A,2022-10-27,2022-10-27,6695,6632,10,0,10,0.9,0.91,0.668,1.0,2.08,0.04,-0.007,0.366,0,0,0.9905899925317401
VND_BETA,BEARING_01,2023-09-27,2023-09-27,6964,5687,9,0,11,0.8,0.5461,3.366,0.8642,7.93,5.56,-0.497,2.593,0,0,0.8166283744974153
VND_EPSILON,BATTERY_A,2022-09-08,2022-09-07,506,389,9,0,10,0.9,0.7418,1.554,0.9172,4.38,3.89,-0.441,1.169,1,-1,0.7687747035573123
VND_ALPHA,SWITCH_S,2021-04-25,2021-04-24,7751,6836,4,0,6,0.65,0.83,0.537,0.9742,3.44,0.0,-0.737,0.775,0,-1,0.8819507160366404
VND_GAMMA,CABLE_R,2023-06-09,2023-06-10,3612,3601,6,0,8,0.7,0.8793,0.18,1.0,1.52,0.0,0.363,0.701,0,1,0.9969545957918051
VND_BETA,BATTERY_A,2021-01-24,2021-01-26,5392,4131,1,1,10,0.9,0.5377,2.742,0.9263,8.49,4.94,-0.843,2.646,1,2,0.7661350148367952
VND_ALPHA,SWITCH_S,2022-09-17,2022-09-19,4495,4162,9,0,6,0.65,0.8895,1.172,0.9702,3.19,0.54,0.027,0.512,0,2,0.9259176863181312
VND_GAMMA,MOTOR_X,2021-11-03,2021-11-03,2877,2877,11,1,14,0.95,0.9397,-0.079,0.9617,0.77,1.58,0.264,0.0,0,0,1.0
VND_BETA,SCREW_M4,2021-04-14,2021-04-14,5718,5718,4,0,5,0.4,0.5712,2.922,0.8483,7.67,5.01,-1.0,2.322,0,0,1.0
VND_DELTA,SWITCH_S,2023-10-31,2023-11-06,937,665,10,0,6,0.65,0.3616,4.553,0.7444,10.0,5.94,-1.0,3.793,1,6,0.7097118463180363
VND_DELTA,SCREW_M4,2022-08-17,2022-08-20,6641,4666,8,0,5,0.4,0.4094,3.885,0.7869,10.0,7.14,-1.0,3.931,1,3,0.7026050293630477
VND_BETA,SWITCH_S,2021-09-28,2021-10-02,2953,2406,9,0,6,0.65,0.472,3.079,0.9294,7.93,5.56,-0.497,2.593,1,4,0.8147646461225873
VND_DELTA,BATTERY_A,2021-04-11,2021-04-21,4690,3773,4,0,10,0.9,0.3365,4.45,0.7364,10.0,7.27,-1.0,3.863,1,10,0.8044776119402985
VND_GAMMA,SWITCH_S,2021-06-24,2021-06-25,3464,3464,6,0,6,0.65,0.8947,0.475,0.9675,1.52,0.0,0.363,0.701,0,1,1.0
VND_ZETA,SWITCH_S,2021-09-25,2021-09-25,6442,5753,9,0,6,0.65,0.9551,0.38,0.9503,3.04,0.65,-0.322,0.705,0,0,0.893045638000621
VND_DELTA,CASING_B,2022-02-10,2022-02-22,4196,3279,2,0,7,0.6,0.4029,3.915,0.7829,10.0,7.1,-1.0,3.739,1,12,0.7814585319351763
VND_ZETA,SWITCH_S,2022-02-06,2022-02-06,4797,4797,2,0,6,0.65,0.8905,0.341,0.974,0.68,0.31,-0.17,0.259,0,0,1.0
VND_BETA,SCREW_M4,2021-05-27,2021-05-30,2381,1937,5,0,5,0.4,0.5706,2.075,0.8991,8.96,6.56,-0.962,3.201,1,3,0.8135237295254095
VND_GAMMA,SWITCH_S,2021-07-03,2021-07-03,1121,1121,7,0,6,0.65,0.9035,0.157,1.0,2.34,0.0,0.441,0.0,0,0,1.0
VND_DELTA,SWITCH_S,2023-01-19,2023-01-23,3053,2277,1,1,6,0.65,0.368,4.38,0.8004,10.0,9.08,-1.0,3.072,1,4,0.7458237798886341
VND_GAMMA,SCREW_M4,2022-12-07,2022-12-08,5065,4325,12,1,5,0.4,0.9355,0.419,1.0,1.78,3.21,-0.462,0.474,0,1,0.8538993089832182
VND_GAMMA,MOTOR_X,2021-12-13,2021-12-15,3064,3064,12,1,14,0.95,0.9332,-0.234,0.9699,1.78,3.21,-0.462,0.474,0,2,1.0
VND_EPSILON,BEARING_01,2021-10-26,2021-10-28,3808,3524,10,0,11,0.8,0.755,1.411,0.9208,4.13,3.48,-0.679,1.687,1,2,0.9254201680672269
VND_BETA,MOTOR_X,2022-02-13,2022-02-19,5814,5814,2,0,14,0.95,0.5367,2.184,0.8744,7.47,5.81,-0.631,3.173,1,6,1.0
VND_BETA,CABLE_R,2021-06-25,2021-07-01,1120,941,6,0,8,0.7,0.614,3.157,0.8754,8.51,4.55,-0.832,3.415,1,6,0.8401785714285714
VND_BETA,MOTOR_X,2021-10-30,2021-10-29,7316,6354,10,0,14,0.95,0.549,2.989,0.8493,7.34,4.7,-0.665,2.932,1,-1,0.8685073810825588
VND_ALPHA,BLADE_X,2022-12-05,2022-12-05,5883,5883,12,1,12,0.85,0.8506,1.429,0.975,1.72,2.38,-0.358,1.423,0,0,1.0
VND_GAMMA,BATTERY_A,2023-07-11,2023-07-09,4059,4059,7,0,10,0.9,0.9449,0.768,0.9819,2.34,0.0,0.441,0.0,0,-2,1.0
VND_GAMMA,MOTOR_X,2022-03-05,2022-03-05,6262,5483,3,0,14,0.95,0.8492,0.36,0.9836,1.39,0.8,0.586,0.47,0,0,0.8755988502076014
VND_BETA,SCREW_M4,2023-12-08,2023-12-09,6346,5482,12,1,5,0.4,0.5151,2.987,0.8736,7.45,6.37,-1.0,2.215,1,1,0.8638512448786637
VND_EPSILON,BLADE_X,2023-09-17,2023-09-18,5303,5303,9,0,12,0.85,0.6886,1.852,0.9314,4.38,3.89,-0.441,1.169,1,1,1.0
VND_ZETA,CASING_B,2021-02-07,2021-02-08,3285,2993,2,0,7,0.6,0.9195,-0.155,0.9767,0.68,0.31,-0.17,0.259,0,1,0.9111111111111111
VND_GAMMA,MOTOR_X,2021-12-15,2021-12-15,692,692,12,1,14,0.95,0.9513,0.839,1.0,1.78,3.21,-0.462,0.474,0,0,1.0
VND_BETA,BLADE_X,2022-07-10,2022-07-12,634,519,7,0,12,0.85,0.5887,2.198,0.8874,8.11,6.76,-1.0,3.129,1,2,0.8186119873817035
VND_ZETA,BEARING_01,2021-01-18,2021-01-20,745,726,1,1,11,0.8,0.9223,0.759,0.9927,1.09,2.03,0.123,0.866,0,2,0.974496644295302
VND_ZETA,SWITCH_S,2022-07-10,2022-07-09,5631,5602,7,0,6,0.65,0.9286,0.332,0.9532,1.63,0.0,0.462,0.0,0,-1,0.9948499378440774
VND_ALPHA,CABLE_R,2021-02-09,2021-02-09,2596,2465,2,0,8,0.7,0.7607,1.461,0.9569,2.97,1.37,0.254,1.307,0,0,0.949537750385208
VND_BETA,SWITCH_S,2023-02-19,2023-02-21,4365,3444,2,0,6,0.65,0.5767,3.5,0.8627,7.47,5.81,-0.631,3.173,1,2,0.7890034364261168
VND_GAMMA,BATTERY_A,2023-09-20,2023-09-22,7300,7300,9,0,10,0.9,0.9869,0.092,0.9421,1.65,0.0,-0.445,0.427,0,2,1.0
VND_BETA,BATTERY_A,2022-02-12,2022-02-18,4301,3332,2,0,10,0.9,0.561,2.121,0.8484,7.47,5.81,-0.631,3.173,1,6,0.7747035573122529
VND_EPSILON,BEARING_01,2021-02-14,2021-02-15,525,525,2,0,11,0.8,0.7243,1.621,0.9713,3.97,2.95,-0.443,1.143,0,1,1.0
VND_EPSILON,SCREW_M4,2022-09-17,2022-09-17,2932,2558,9,0,5,0.4,0.7327,0.892,0.9098,4.38,3.89,-0.441,1.169,1,0,0.8724420190995907
VND_DELTA,BEARING_01,2021-11-18,2021-11-26,350,258,11,1,11,0.8,0.3337,5.012,0.8065,10.0,9.01,-1.0,3.571,1,8,0.7371428571428571
VND_ZETA,CABLE_R,2022-12-22,2022-12-22,3111,2923,12,1,8,0.7,0.8913,0.276,0.9767,4.01,0.19,-0.074,0.755,0,0,0.9395692703310833
VND_BETA,BLADE_X,2023-10-24,2023-10-25,2459,2385,10,0,12,0.85,0.5793,3.351,0.8503,7.34,4.7,-0.665,2.932,0,1,0.9699064660431069
VND_ZETA,MOTOR_X,2022-06-12,2022-06-12,7398,7398,6,0,14,0.95,0.9634,0.448,0.9581,0.95,0.58,-1.0,0.11,0,0,1.0
VND_ALPHA,SWITCH_S,2022-07-28,2022-08-01,2047,2047,7,0,6,0.65,0.8625,0.871,0.9604,2.66,1.71,-0.565,1.15,0,4,1.0
VND_GAMMA,CASING_B,2023-03-16,2023-03-17,5581,5581,3,0,7,0.6,0.9709,0.375,0.9832,1.39,0.8,0.586,0.47,0,1,1.0
VND_ALPHA,CASING_B,2023-02-22,2023-02-20,4465,3727,2,0,7,0.6,0.8473,1.006,0.9782,2.97,1.37,0.254,1.307,0,-2,0.8347144456886898
VND_DELTA,SCREW_M4,2022-05-08,2022-05-12,4893,4126,5,0,5,0.4,0.4039,4.883,0.8182,9.38,7.59,-0.912,3.272,1,4,0.8432454526875127
VND_DELTA,CASING_B,2022-10-02,2022-10-07,7652,6076,10,0,7,0.6,0.3191,4.287,0.7642,10.0,5.94,-1.0,3.793,1,5,0.7940407736539467
VND_DELTA,CABLE_R,2021-09-27,2021-10-05,1893,1300,9,0,8,0.7,0.3796,4.17,0.7981,10.0,8.25,-1.0,4.688,1,8,0.6867406233491812
VND_EPSILON,CASING_B,2022-02-19,2022-02-20,7266,6450,2,0,7,0.6,0.7094,1.667,0.9498,3.97,2.95,-0.443,1.143,1,1,0.8876961189099918
VND_GAMMA,CASING_B,2023-12-09,2023-12-09,7651,7546,12,1,7,0.6,0.9513,0.478,0.9816,1.78,3.21,-0.462,0.474,0,0,0.9862763037511436
VND_DELTA,CASING_B,2021-10-25,2021-11-03,5575,4877,10,0,7,0.6,0.3583,4.459,0.7901,10.0,5.94,-1.0,3.793,1,9,0.874798206278027
VND_GAMMA,CASING_B,2021-05-19,2021-05-20,4765,4595,5,0,7,0.6,0.9783,0.581,0.9784,1.61,2.86,-0.038,0.521,0,1,0.9643231899265478
VND_BETA,BATTERY_A,2022-10-13,2022-10-13,7077,6255,10,0,10,0.9,0.5752,2.34,0.9131,7.34,4.7,-0.665,2.932,0,0,0.8838490885968631
VND_ZETA,CASING_B,2021-03-02,2021-03-02,6470,6066,3,0,7,0.6,0.978,0.159,1.0,3.65,1.04,-0.406,0.887,0,0,0.9375579598145286
VND_DELTA,CABLE_R,2023-04-23,2023-04-27,2685,1975,4,0,8,0.7,0.3714,4.634,0.7649,10.0,7.27,-1.0,3.863,0,4,0.7355679702048417
VND_ZETA,BEARING_01,2022-07-15,2022-07-15,1444,1435,7,0,11,0.8,0.8854,0.299,0.9761,1.63,0.0,0.462,0.0,0,0,0.9937673130193906
VND_ALPHA,SCREW_M4,2021-09-27,2021-09-27,1713,1713,9,0,5,0.4,0.7824,0.277,0.9785,3.19,0.54,0.027,0.512,0,0,1.0
VND_EPSILON,MOTOR_X,2022-07-01,2022-07-03,5161,5161,7,0,14,0.95,0.669,1.362,0.9999,4.08,2.56,-0.606,1.633,0,2,1.0
VND_EPSILON,SCREW_M4,2022-04-21,2022-04-25,2091,1857,4,0,5,0.4,0.7104,1.387,0.8964,3.47,1.86,-0.305,1.806,0,4,0.8880918220946915
VND_GAMMA,MOTOR_X,2021-06-12,2021-06-11,5837,5522,6,0,14,0.95,0.9945,0.003,0.9942,1.52,0.0,0.363,0.701,0,-1,0.9460339215350351
VND_BETA,BEARING_01,2023-10-26,2023-10-29,7131,6831,10,0,11,0.8,0.492,2.43,0.9164,7.34,4.7,-0.665,2.932,0,3,0.9579301640723601
VND_ZETA,BEARING_01,2023-02-05,2023-02-06,1707,1707,2,0,11,0.8,0.8546,0.604,1.0,0.68,0.31,-0.17,0.259,0,1,1.0
VND_DELTA,SWITCH_S,2023-08-29,2023-08-30,1326,972,8,0,6,0.65,0.3915,4.425,0.7982,10.0,7.14,-1.0,3.931,1,1,0.7330316742081447
VND_BETA,CASING_B,2022-04-09,2022-04-08,464,385,4,0,7,0.6,0.5313,2.806,0.8319,7.67,5.01,-1.0,2.322,1,-1,0.8297413793103449
VND_ALPHA,SWITCH_S,2022-07-07,2022-07-07,7984,7984,7,0,6,0.65,0.8228,0.947,0.9953,2.66,1.71,-0.565,1.15,0,0,1.0
VND_BETA,SWITCH_S,2022-02-20,2022-02-20,6407,6407,2,0,6,0.65,0.5653,2.745,0.8874,7.47,5.81,-0.631,3.173,1,0,1.0
VND_ALPHA,SCREW_M4,2021-12-29,2021-12-31,7794,7437,12,1,5,0.4,0.8195,0.557,0.951,1.72,2.38,-0.358,1.423,0,2,0.9541955350269438
VND_EPSILON,BEARING_01,2023-10-01,2023-10-01,5834,5671,10,0,11,0.8,0.7358,1.923,0.9388,4.13,3.48,-0.679,1.687,0,0,0.9720603359616043
VND_DELTA,CABLE_R,2022-05-21,2022-05-22,3702,3396,5,0,8,0.7,0.3626,3.974,0.7766,9.38,7.59,-0.912,3.272,1,1,0.9173419773095624
VND_ALPHA,SWITCH_S,2023-02-19,2023-02-19,6099,5462,2,0,6,0.65,0.8054,0.992,0.9937,2.97,1.37,0.254,1.307,0,0,0.8955566486309231
VND_DELTA,CABLE_R,2023-12-12,2023-12-12,5454,4916,12,1,8,0.7,0.4044,4.193,0.742,9.5,6.79,-1.0,3.943,1,0,0.9013568023469014
VND_EPSILON,MOTOR_X,2021-08-12,2021-08-14,3899,2715,8,0,14,0.95,0.6781,1.847,0.9739,7.16,0.93,-0.254,0.955,0,2,0.6963323929212618
VND_ALPHA,BEARING_01,2022-05-19,2022-05-19,4449,4449,5,0,11,0.8,0.7939,0.253,0.9473,2.19,1.91,-0.492,0.435,0,0,1.0
VND_ZETA,SWITCH_S,2021-03-22,2021-03-22,4768,4709,3,0,6,0.65,0.8897,0.572,0.9996,3.65,1.04,-0.406,0.887,0,0,0.9876258389261745
VND_EPSILON,SWITCH_S,2021-04-11,2021-04-12,1755,1242,4,0,6,0.65,0.7471,1.657,0.9306,3.47,1.86,-0.305,1.806,1,1,0.7076923076923077
VND_DELTA,BLADE_X,2023-03-27,2023-04-03,7444,5838,3,0,12,0.85,0.3414,4.331,0.7232,9.67,7.03,-1.0,3.314,1,7,0.7842557764642665
VND_GAMMA,BLADE_X,2023-08-03,2023-08-03,1563,1449,8,0,12,0.85,0.9552,-0.125,1.0,2.14,2.59,-0.277,0.173,0,0,0.927063339731286
VND_GAMMA,SWITCH_S,2021-04-22,2021-04-23,5852,5852,4,0,6,0.65,0.9698,0.657,1.0,1.81,0.33,-0.556,0.389,0,1,1.0
VND_DELTA,CASING_B,2023-07-15,2023-07-20,940,809,7,0,7,0.6,0.4569,4.119,0.8023,10.0,6.05,-1.0,3.274,1,5,0.8606382978723405
VND_BETA,BATTERY_A,2021-10-05,2021-10-07,3420,2677,10,0,10,0.9,0.5472,2.327,0.8685,7.34,4.7,-0.665,2.932,1,2,0.7827485380116959
VND_GAMMA,SWITCH_S,2023-07-13,2023-07-13,404,385,7,0,6,0.65,0.9539,-0.346,0.9466,2.34,0.0,0.441,0.0,0,0,0.9529702970297029
VND_DELTA,CASING_B,2022-02-18,2022-02-23,7429,6050,2,0,7,0.6,0.3709,4.187,0.8279,10.0,7.1,-1.0,3.739,1,5,0.8143760936869027
VND_ALPHA,BEARING_01,2022-05-28,2022-05-28,2854,2854,5,0,11,0.8,0.8404,0.925,1.0,2.19,1.91,-0.492,0.435,0,0,1.0
VND_ZETA,CASING_B,2021-09-11,2021-09-11,947,933,9,0,7,0.6,0.9631,0.477,0.9538,3.04,0.65,-0.322,0.705,0,0,0.9852164730728616
VND_ZETA,BATTERY_A,2023-07-10,2023-07-10,5394,5209,7,0,10,0.9,0.9432,0.7,0.9983,1.63,0.0,0.462,0.0,0,0,0.9657026325546904
VND_ALPHA,CABLE_R,2023-12-09,2023-12-09,5994,5955,12,1,8,0.7,0.8818,1.035,0.9289,1.72,2.38,-0.358,1.423,0,0,0.9934934934934935
VND_ZETA,SWITCH_S,2023-11-14,2023-11-15,5214,5214,11,1,6,0.65,0.9142,0.524,1.0,1.99,2.8,0.448,0.025,1,1,1.0
VND_DELTA,CASING_B,2023-02-19,2023-02-28,559,349,2,0,7,0.6,0.3399,4.949,0.7829,10.0,7.1,-1.0,3.739,0,9,0.6243291592128801
VND_GAMMA,CASING_B,2021-11-04,2021-11-04,1528,1528,11,1,7,0.6,0.989,0.448,0.9448,0.77,1.58,0.264,0.0,0,0,1.0
VND_BETA,CASING_B,2021-04-16,2021-04-18,3637,3106,4,0,7,0.6,0.5322,3.013,0.8266,7.67,5.01,-1.0,2.322,1,2,0.8540005499037668
VND_GAMMA,BLADE_X,2023-07-03,2023-07-03,2565,2565,7,0,12,0.85,0.9499,-0.127,0.9522,2.34,0.0,0.441,0.0,0,0,1.0
VND_ALPHA,CASING_B,2021-09-27,2021-09-27,1861,1837,9,0,7,0.6,0.8458,1.675,0.9393,3.19,0.54,0.027,0.512,0,0,0.9871037076840409
VND_EPSILON,MOTOR_X,2022-06-03,2022-06-04,300,300,6,0,14,0.95,0.7213,1.487,0.9351,5.8,3.45,-0.555,1.904,0,1,1.0
VND_DELTA,BEARING_01,2023-10-19,2023-10-25,4652,3720,10,0,11,0.8,0.3943,4.378,0.7639,10.0,5.94,-1.0,3.793,0,6,0.7996560619088564
VND_EPSILON,MOTOR_X,2023-10-08,2023-10-10,2148,1923,10,0,14,0.95,0.6665,1.417,0.9487,4.13,3.48,-0.679,1.687,0,2,0.8952513966480447
VND_EPSILON,SCREW_M4,2023-09-02,2023-09-07,3917,3515,9,0,5,0.4,0.6856,1.713,0.9128,4.38,3.89,-0.441,1.169,0,5,0.8973704365585907
VND_DELTA,SWITCH_S,2021-06-12,2021-06-16,5125,3537,6,0,6,0.65,0.4023,4.338,0.7333,10.0,7.21,-1.0,4.359,1,4,0.6901463414634146
VND_BETA,MOTOR_X,2022-07-24,2022-07-24,5277,5053,7,0,14,0.95,0.5707,2.983,0.9066,8.11,6.76,-1.0,3.129,0,0,0.9575516391889332
VND_ALPHA,SCREW_M4,2022-01-14,2022-01-16,1414,1360,1,1,5,0.4,0.7809,0.755,0.9006,3.7,2.96,-0.026,1.609,1,2,0.9618104667609618
VND_ZETA,MOTOR_X,2022-12-16,2022-12-19,500,478,12,1,14,0.95,0.9123,0.252,0.9869,4.01,0.19,-0.074,0.755,0,3,0.956
VND_ALPHA,CASING_B,2022-09-04,2022-09-07,2912,2431,9,0,7,0.6,0.8246,0.957,0.9848,3.19,0.54,0.027,0.512,0,3,0.8348214285714286
VND_ALPHA,BATTERY_A,2021-08-12,2021-08-12,3615,3250,8,0,10,0.9,0.8026,1.004,0.9556,2.6,1.31,-0.401,1.741,0,0,0.8990318118948825
VND_BETA,CASING_B,2022-08-06,2022-08-12,5206,3784,8,0,7,0.6,0.518,2.579,0.8686,8.24,4.9,-0.912,2.005,0,6,0.726853630426431
VND_DELTA,CASING_B,2023-01-08,2023-01-16,7830,6791,1,1,7,0.6,0.3275,4.449,0.7638,10.0,9.08,-1.0,3.072,1,8,0.8673052362707535
VND_ALPHA,MOTOR_X,2022-09-05,2022-09-07,2844,2743,9,0,14,0.95,0.8618,0.919,0.9714,3.19,0.54,0.027,0.512,1,2,0.9644866385372715
VND_DELTA,CABLE_R,2021-05-19,2021-05-23,6413,5362,5,0,8,0.7,0.3667,4.338,0.7846,9.38,7.59,-0.912,3.272,1,4,0.8361141431467332
VND_EPSILON,SWITCH_S,2021-05-13,2021-05-17,2598,1990,5,0,6,0.65,0.7026,1.462,0.9424,5.37,6.65,-0.289,2.054,0,4,0.7659738260200154
VND_BETA,BEARING_01,2021-09-07,2021-09-13,5890,5195,9,0,11,0.8,0.4715,3.279,0.8575,7.93,5.56,-0.497,2.593,1,6,0.8820033955857386
VND_GAMMA,BLADE_X,2023-12-16,2023-12-16,3589,3589,12,1,12,0.85,0.9734,0.126,0.9477,1.78,3.21,-0.462,0.474,0,0,1.0
VND_ZETA,SCREW_M4,2022-03-05,2022-03-05,5213,5213,3,0,5,0.4,0.9134,1.088,0.9694,3.65,1.04,-0.406,0.887,0,0,1.0
VND_ALPHA,MOTOR_X,2023-12-20,2023-12-21,918,877,12,1,14,0.95,0.8027,1.157,0.9322,1.72,2.38,-0.358,1.423,0,1,0.9553376906318083
VND_ZETA,BEARING_01,2022-08-12,2022-08-11,3698,3698,8,0,11,0.8,0.9631,0.951,0.9813,1.44,0.77,0.404,0.0,0,-1,1.0
VND_GAMMA,CABLE_R,2023-12-13,2023-12-13,4911,4419,12,1,8,0.7,1.0,0.696,0.9864,1.78,3.21,-0.462,0.474,0,0,0.8998167379352474
VND_BETA,CABLE_R,2023-10-14,2023-10-18,4457,3763,10,0,8,0.7,0.4709,2.356,0.8719,7.34,4.7,-0.665,2.932,0,4,0.8442898810859323
VND_DELTA,BEARING_01,2022-01-04,2022-01-13,7438,5563,1,1,11,0.8,0.3883,3.961,0.8254,10.0,9.08,-1.0,3.072,1,9,0.7479161064802367
VND_ZETA,SCREW_M4,2022-08-18,2022-08-20,1785,1785,8,0,5,0.4,0.8724,1.199,1.0,1.44,0.77,0.404,0.0,0,2,1.0
VND_ALPHA,MOTOR_X,2021-02-19,2021-02-19,4008,3558,2,0,14,0.95,0.7724,1.177,0.9653,2.97,1.37,0.254,1.307,0,0,0.8877245508982036
VND_ZETA,BATTERY_A,2022-03-01,2022-03-01,6750,6016,3,0,10,0.9,0.9989,0.143,1.0,3.65,1.04,-0.406,0.887,0,0,0.8912592592592593
VND_DELTA,SWITCH_S,2021-04-04,2021-04-05,2934,2522,4,0,6,0.65,0.3284,4.379,0.7799,10.0,7.27,-1.0,3.863,1,1,0.8595773687798227
VND_EPSILON,CABLE_R,2022-03-11,2022-03-11,292,270,3,0,8,0.7,0.6976,1.734,0.9483,5.21,3.36,-0.135,2.022,1,0,0.9246575342465754
VND_ZETA,SCREW_M4,2022-07-31,2022-07-31,2284,1825,7,0,5,0.4,0.9444,0.429,0.9967,1.63,0.0,0.462,0.0,0,0,0.7990367775831874
VND_GAMMA,BATTERY_A,2022-09-07,2022-09-07,4350,4350,9,0,10,0.9,0.9206,-0.076,0.9616,1.65,0.0,-0.445,0.427,0,0,1.0
VND_ALPHA,CABLE_R,2021-08-22,2021-08-22,5818,5173,8,0,8,0.7,0.8428,1.556,0.9741,2.6,1.31,-0.401,1.741,0,0,0.8891371605362668
VND_GAMMA,CABLE_R,2023-03-23,2023-03-23,6134,6015,3,0,8,0.7,0.8978,0.22,0.9919,1.39,0.8,0.586,0.47,0,0,0.9805999347896968
VND_BETA,MOTOR_X,2022-02-02,2022-02-03,2907,2414,2,0,14,0.95,0.5304,1.702,0.8922,7.47,5.81,-0.631,3.173,1,1,0.8304093567251462
VND_ZETA,CABLE_R,2023-09-09,2023-09-09,7705,7426,9,0,8,0.7,0.9013,0.251,0.9486,3.04,0.65,-0.322,0.705,0,0,0.963789746917586
VND_ALPHA,BEARING_01,2021-10-06,2021-10-05,4144,4076,10,0,11,0.8,0.866,0.37,0.9722,3.41,0.0,-0.618,1.079,0,-1,0.9835907335907336
VND_ZETA,CASING_B,2023-08-02,2023-08-03,7507,6454,8,0,7,0.6,0.8742,0.335,0.9819,1.44,0.77,0.404,0.0,0,1,0.859730917810044
VND_DELTA,CABLE_R,2023-04-28,2023-04-29,7800,5980,4,0,8,0.7,0.4028,4.37,0.7041,10.0,7.27,-1.0,3.863,1,1,0.7666666666666667
VND_EPSILON,MOTOR_X,2022-09-06,2022-09-10,4828,4828,9,0,14,0.95,0.7722,1.587,1.0,4.38,3.89,-0.441,1.169,0,4,1.0
VND_EPSILON,CABLE_R,2021-02-08,2021-02-07,1906,1856,2,0,8,0.7,0.7351,1.754,0.915,3.97,2.95,-0.443,1.143,1,-1,0.9737670514165793
VND_GAMMA,CABLE_R,2021-05-16,2021-05-15,1423,1345,5,0,8,0.7,0.9172,-0.167,1.0,1.61,2.86,-0.038,0.521,0,-1,0.9451862262825017
VND_ALPHA,BLADE_X,2022-11-26,2022-11-27,3273,2995,11,1,12,0.85,0.8273,1.357,0.9232,3.94,3.27,-0.255,0.88,0,1,0.9150626336694164
VND_EPSILON,CASING_B,2023-03-09,2023-03-09,1735,1653,3,0,7,0.6,0.7302,1.32,0.8429,5.21,3.36,-0.135,2.022,1,0,0.9527377521613832
VND_GAMMA,BATTERY_A,2022-10-07,2022-10-07,6015,5588,10,0,10,0.9,0.9473,-0.263,0.9877,0.49,0.87,-0.256,1.02,0,0,0.9290108063175395
VND_GAMMA,MOTOR_X,2023-04-28,2023-04-30,911,909,4,0,14,0.95,0.917,0.594,0.9461,1.81,0.33,-0.556,0.389,1,2,0.9978046103183315
VND_BETA,BEARING_01,2023-02-01,2023-02-03,3902,3333,2,0,11,0.8,0.5701,2.788,0.8894,7.47,5.81,-0.631,3.173,1,2,0.854177344951307
VND_BETA,BLADE_X,2023-12-12,2023-12-16,2676,2316,12,1,12,0.85,0.5412,2.811,0.8823,7.45,6.37,-1.0,2.215,1,4,0.8654708520179372
VND_ALPHA,CASING_B,2023-02-06,2023-02-07,6630,6630,2,0,7,0.6,0.8368,1.522,0.9782,2.97,1.37,0.254,1.307,0,1,1.0
VND_BETA,MOTOR_X,2021-07-09,2021-07-08,3835,3835,7,0,14,0.95,0.5304,2.875,0.8719,8.11,6.76,-1.0,3.129,1,-1,1.0
VND_DELTA,MOTOR_X,2023-10-22,2023-10-26,1462,1076,10,0,14,0.95,0.343,4.608,0.7756,10.0,5.94,-1.0,3.793,1,4,0.7359781121751026
VND_GAMMA,SCREW_M4,2023-09-18,2023-09-18,6200,6200,9,0,5,0.4,0.9236,0.96,1.0,1.65,0.0,-0.445,0.427,0,0,1.0
VND_GAMMA,BLADE_X,2021-10-21,2021-10-21,6503,6433,10,0,12,0.85,0.9341,-0.254,1.0,0.49,0.87,-0.256,1.02,0,0,0.9892357373519914
VND_EPSILON,BATTERY_A,2021-09-29,2021-09-29,1880,1671,9,0,10,0.9,0.7207,1.487,0.9234,4.38,3.89,-0.441,1.169,0,0,0.8888297872340426
VND_DELTA,MOTOR_X,2023-03-05,2023-03-09,6046,4811,3,0,14,0.95,0.3994,4.379,0.8459,9.67,7.03,-1.0,3.314,1,4,0.7957327158451869
VND_ALPHA,BATTERY_A,2022-09-29,2022-09-29,7837,7837,9,0,10,0.9,0.8141,0.298,0.9903,3.19,0.54,0.027,0.512,0,0,1.0
VND_ZETA,MOTOR_X,2021-06-28,2021-06-28,2930,2930,6,0,14,0.95,0.9535,0.403,0.9963,0.95,0.58,-1.0,0.11,0,0,1.0
VND_ALPHA,BEARING_01,2021-07-31,2021-07-31,4464,3847,7,0,11,0.8,0.8738,1.453,0.9257,2.66,1.71,-0.565,1.15,0,0,0.8617831541218638
VND_ALPHA,BLADE_X,2022-10-02,2022-10-01,5433,5057,10,0,12,0.85,0.8382,0.974,0.9678,3.41,0.0,-0.618,1.079,0,-1,0.9307933002024664
VND_GAMMA,SCREW_M4,2022-02-15,2022-02-15,1777,1777,2,0,5,0.4,0.9761,0.482,0.9531,0.13,0.0,-0.083,0.079,1,0,1.0
VND_GAMMA,BLADE_X,2023-12-27,2023-12-27,2814,2711,12,1,12,0.85,0.9501,-0.25,0.9761,1.78,3.21,-0.462,0.474,0,0,0.9633972992181947
VND_ZETA,BEARING_01,2021-08-29,2021-08-29,2433,2137,8,0,11,0.8,0.8787,0.232,1.0,1.44,0.77,0.404,0.0,0,0,0.8783394985614468
VND_BETA,CASING_B,2022-07-15,2022-07-18,1137,950,7,0,7,0.6,0.5869,2.962,0.8556,8.11,6.76,-1.0,3.129,1,3,0.8355321020228672
VND_EPSILON,MOTOR_X,2023-11-19,2023-11-19,1038,1019,11,1,14,0.95,0.708,1.29,0.9421,4.9,3.65,0.183,1.854,0,0,0.9816955684007708
VND_EPSILON,SCREW_M4,2022-12-19,2022-12-19,4700,4700,12,1,5,0.4,0.7106,1.557,0.8977,2.82,4.49,-0.659,1.941,1,0,1.0
VND_GAMMA,CABLE_R,2021-10-17,2021-10-17,7927,6912,10,0,8,0.7,0.9145,-0.357,0.9508,0.49,0.87,-0.256,1.02,0,0,0.8719566040116059
VND_EPSILON,BLADE_X,2022-05-17,2022-05-18,1603,1536,5,0,12,0.85,0.7359,1.379,0.958,5.37,6.65,-0.289,2.054,0,1,0.958203368683718
VND_GAMMA,BATTERY_A,2022-11-25,2022-11-25,4628,4593,11,1,10,0.9,1.0,-0.907,0.9685,0.77,1.58,0.264,0.0,0,0,0.992437337942956
VND_ALPHA,BEARING_01,2021-09-24,2021-09-24,437,437,9,0,11,0.8,0.836,1.066,0.9851,3.19,0.54,0.027,0.512,1,0,1.0
VND_ZETA,BEARING_01,2021-04-14,2021-04-14,1067,1067,4,0,11,0.8,0.8628,0.45,0.9437,4.0,1.67,-0.484,0.326,0,0,1.0
VND_ALPHA,SWITCH_S,2021-06-26,2021-06-27,3693,3693,6,0,6,0.65,0.7574,0.76,0.9847,4.67,1.37,-0.2,0.43,0,1,1.0
VND_BETA,SWITCH_S,2023-07-03,2023-07-06,5248,5248,7,0,6,0.65,0.5649,2.868,0.8786,8.11,6.76,-1.0,3.129,1,3,1.0
VND_GAMMA,CABLE_R,2022-11-12,2022-11-12,6896,6109,11,1,8,0.7,0.9874,0.501,1.0,0.77,1.58,0.264,0.0,0,0,0.8858758700696056
VND_ZETA,SCREW_M4,2023-12-29,2023-12-29,843,708,12,1,5,0.4,0.946,0.391,0.9984,4.01,0.19,-0.074,0.755,0,0,0.8398576512455516
VND_EPSILON,BEARING_01,2021-09-27,2021-09-27,961,834,9,0,11,0.8,0.7454,1.948,0.926,4.38,3.89,-0.441,1.169,0,0,0.8678459937565036
VND_ALPHA,BEARING_01,2023-07-23,2023-07-24,2742,2633,7,0,11,0.8,0.8112,1.292,0.9489,2.66,1.71,-0.565,1.15,0,1,0.9602479941648432
VND_DELTA,BEARING_01,2022-04-20,2022-04-21,7961,5808,4,0,11,0.8,0.373,3.886,0.7194,10.0,7.27,-1.0,3.863,1,1,0.7295565883682954
VND_BETA,SCREW_M4,2022-06-13,2022-06-14,7678,6268,6,0,5,0.4,0.5893,2.49,0.859,8.51,4.55,-0.832,3.415,1,1,0.8163584266736129
VND_DELTA,CABLE_R,2022-01-11,2022-01-24,5931,5117,1,1,8,0.7,0.421,4.967,0.74,10.0,9.08,-1.0,3.072,1,13,0.862755016017535
VND_GAMMA,CABLE_R,2023-07-18,2023-07-17,4193,3721,7,0,8,0.7,0.9256,-0.266,0.9666,2.34,0.0,0.441,0.0,0,-1,0.887431433341283
VND_ALPHA,MOTOR_X,2023-09-01,2023-09-02,1124,1103,9,0,14,0.95,0.7869,1.274,0.9408,3.19,0.54,0.027,0.512,0,1,0.9813167259786477
VND_DELTA,CABLE_R,2023-08-03,2023-08-06,7128,5859,8,0,8,0.7,0.4028,4.253,0.737,10.0,7.14,-1.0,3.931,1,3,0.821969696969697
VND_GAMMA,CASING_B,2022-12-15,2022-12-16,5151,5151,12,1,7,0.6,0.9742,0.489,1.0,1.78,3.21,-0.462,0.474,0,1,1.0
VND_EPSILON,CASING_B,2021-07-30,2021-07-30,3523,3151,7,0,7,0.6,0.7629,2.083,0.9324,4.08,2.56,-0.606,1.633,0,0,0.8944081748509792
VND_GAMMA,BATTERY_A,2021-05-26,2021-05-26,6691,6611,5,0,10,0.9,1.0,-0.244,0.9567,1.61,2.86,-0.038,0.521,0,0,0.9880436407114034
VND_EPSILON,BLADE_X,2023-08-03,2023-08-07,3483,3184,8,0,12,0.85,0.7313,1.295,0.9145,7.16,0.93,-0.254,0.955,1,4,0.9141544645420614
VND_BETA,SWITCH_S,2022-05-15,2022-05-17,4688,3987,5,0,6,0.65,0.5602,2.352,0.9176,8.96,6.56,-0.962,3.201,1,2,0.8504692832764505
VND_DELTA,CASING_B,2023-02-26,2023-03-05,741,611,2,0,7,0.6,0.3758,4.217,0.7454,10.0,7.1,-1.0,3.739,1,7,0.8245614035087719
VND_BETA,CABLE_R,2023-06-02,2023-06-08,6625,6381,6,0,8,0.7,0.5874,2.948,0.8465,8.51,4.55,-0.832,3.415,1,6,0.9631698113207547
VND_EPSILON,SWITCH_S,2022-12-02,2022-12-03,4660,4660,12,1,6,0.65,0.7932,2.285,0.94,2.82,4.49,-0.659,1.941,1,1,1.0
VND_BETA,SCREW_M4,2021-06-09,2021-06-12,6256,6038,6,0,5,0.4,0.5213,3.118,0.8996,8.51,4.55,-0.832,3.415,1,3,0.965153452685422
VND_ALPHA,BEARING_01,2023-08-07,2023-08-08,2865,2865,8,0,11,0.8,0.856,1.048,0.9404,2.6,1.31,-0.401,1.741,0,1,1.0
VND_DELTA,BATTERY_A,2021-12-27,2021-12-27,2723,2347,12,1,10,0.9,0.3819,4.292,0.745,9.5,6.79,-1.0,3.943,1,0,0.8619170033051781
VND_ALPHA,SWITCH_S,2021-08-11,2021-08-11,5815,5666,8,0,6,0.65,0.8306,0.794,0.9776,2.6,1.31,-0.401,1.741,0,0,0.9743766122098022
VND_GAMMA,SWITCH_S,2023-10-10,2023-10-11,5483,5079,10,0,6,0.65,0.9524,0.35,0.9994,0.49,0.87,-0.256,1.02,0,1,0.9263177092832391
VND_ALPHA,MOTOR_X,2022-03-22,2022-03-24,6893,6157,3,0,14,0.95,0.8147,1.699,0.8982,2.73,2.14,-0.359,0.814,0,2,0.8932250108806035
VND_EPSILON,CASING_B,2021-01-01,2021-01-02,6401,4949,1,1,7,0.6,0.6363,1.254,0.9241,5.06,3.05,-0.408,1.754,1,1,0.7731604436806749
VND_ZETA,CASING_B,2021-11-02,2021-11-04,3910,3722,11,1,7,0.6,0.9516,0.589,0.9724,1.99,2.8,0.448,0.025,0,2,0.951918158567775
VND_DELTA,BLADE_X,2023-07-05,2023-07-10,1802,1223,7,0,12,0.85,0.406,4.67,0.7379,10.0,6.05,-1.0,3.274,1,5,0.6786903440621531
VND_ZETA,SCREW_M4,2022-10-11,2022-10-11,2655,2636,10,0,5,0.4,0.9626,0.371,1.0,2.08,0.04,-0.007,0.366,0,0,0.9928436911487759
VND_DELTA,BLADE_X,2022-12-07,2022-12-13,931,657,12,1,12,0.85,0.3435,4.781,0.7954,9.5,6.79,-1.0,3.943,1,6,0.7056928034371643
VND_EPSILON,MOTOR_X,2023-11-12,2023-11-15,3511,3086,11,1,14,0.95,0.7895,1.945,0.9525,4.9,3.65,0.183,1.854,1,3,0.878951865565366
VND_GAMMA,CASING_B,2021-05-08,2021-05-08,3224,2692,5,0,7,0.6,0.9322,0.099,1.0,1.61,2.86,-0.038,0.521,0,0,0.8349875930521092
VND_ALPHA,MOTOR_X,2023-01-06,2023-01-07,1098,999,1,1,14,0.95,0.7861,0.28,0.9484,3.7,2.96,-0.026,1.609,0,1,0.9098360655737705
VND_ALPHA,BLADE_X,2022-04-27,2022-04-30,3736,3649,4,0,12,0.85,0.8465,0.401,0.9958,3.44,0.0,-0.737,0.775,0,3,0.9767130620985011
VND_ZETA,SWITCH_S,2022-10-14,2022-10-16,6030,6030,10,0,6,0.65,0.9117,0.09,1.0,2.08,0.04,-0.007,0.366,0,2,1.0
VND_DELTA,SWITCH_S,2023-02-21,2023-02-23,3765,2935,2,0,6,0.65,0.4279,4.192,0.8,10.0,7.1,-1.0,3.739,1,2,0.7795484727755644
VND_ZETA,SCREW_M4,2021-12-22,2021-12-22,4090,4090,12,1,5,0.4,0.8934,0.159,1.0,4.01,0.19,-0.074,0.755,0,0,1.0
VND_BETA,CASING_B,2023-02-27,2023-03-03,7108,6281,2,0,7,0.6,0.5071,2.983,0.8586,7.47,5.81,-0.631,3.173,1,4,0.8836522228474958
VND_DELTA,CABLE_R,2021-11-12,2021-11-24,2563,1998,11,1,8,0.7,0.4495,4.737,0.7951,10.0,9.01,-1.0,3.571,1,12,0.7795552087397581
VND_BETA,CASING_B,2021-01-24,2021-01-28,787,674,1,1,7,0.6,0.4818,2.767,0.9047,8.49,4.94,-0.843,2.646,1,4,0.8564167725540025
VND_BETA,MOTOR_X,2023-09-24,2023-09-29,5589,4847,9,0,14,0.95,0.5568,2.718,0.9224,7.93,5.56,-0.497,2.593,1,5,0.8672392198962248
VND_BETA,SWITCH_S,2021-06-23,2021-06-25,1324,1128,6,0,6,0.65,0.5747,3.594,0.8837,8.51,4.55,-0.832,3.415,0,2,0.851963746223565
VND_DELTA,SWITCH_S,2023-05-22,2023-05-25,5305,4127,5,0,6,0.65,0.3531,4.61,0.787,9.38,7.59,-0.912,3.272,0,3,0.7779453345900095
VND_DELTA,CASING_B,2023-11-10,2023-11-17,3674,2969,11,1,7,0.6,0.3091,4.755,0.7499,10.0,9.01,-1.0,3.571,1,7,0.8081110506260207
VND_DELTA,BEARING_01,2022-12-29,2022-12-31,2049,1480,12,1,11,0.8,0.3507,3.874,0.7644,9.5,6.79,-1.0,3.943,1,2,0.7223035627135188
VND_DELTA,CASING_B,2021-01-16,2021-01-22,4934,3902,1,1,7,0.6,0.4154,5.213,0.7291,10.0,9.08,-1.0,3.072,1,6,0.7908390758005674
VND_ZETA,BEARING_01,2022-04-30,2022-04-30,6033,5728,4,0,11,0.8,0.9215,0.117,0.9964,4.0,1.67,-0.484,0.326,0,0,0.9494447207028013
VND_DELTA,BLADE_X,2023-01-22,2023-01-31,474,384,1,1,12,0.85,0.4167,4.376,0.7503,10.0,9.08,-1.0,3.072,1,9,0.810126582278481
VND_EPSILON,MOTOR_X,2023-09-17,2023-09-17,5974,4907,9,0,14,0.95,0.8042,2.05,0.9479,4.38,3.89,-0.441,1.169,0,0,0.8213927017073988
VND_ALPHA,CABLE_R,2023-09-14,2023-09-16,5856,5712,9,0,8,0.7,0.7813,0.447,0.9831,3.19,0.54,0.027,0.512,0,2,0.9754098360655737
VND_BETA,BATTERY_A,2023-12-15,2023-12-22,7239,5996,12,1,10,0.9,0.4596,2.303,0.8707,7.45,6.37,-1.0,2.215,0,7,0.82829120044205
VND_DELTA,BLADE_X,2023-11-25,2023-11-30,840,765,11,1,12,0.85,0.4069,4.622,0.758,10.0,9.01,-1.0,3.571,1,5,0.9107142857142857
VND_BETA,BATTERY_A,2023-08-26,2023-08-27,5366,4707,8,0,10,0.9,0.5634,2.25,0.852,8.24,4.9,-0.912,2.005,1,1,0.8771897130078271
VND_ZETA,BATTERY_A,2022-10-02,2022-10-03,5222,5068,10,0,10,0.9,0.9269,0.925,0.9591,2.08,0.04,-0.007,0.366,0,1,0.9705093833780161
VND_GAMMA,MOTOR_X,2024-01-01,2024-01-03,6577,6577,1,1,14,0.95,0.9366,0.087,1.0,1.85,2.16,0.022,0.306,0,2,1.0
VND_DELTA,MOTOR_X,2023-07-19,2023-08-01,4399,3199,7,0,14,0.95,0.408,3.857,0.7616,10.0,6.05,-1.0,3.274,1,13,0.7272107297112981
VND_EPSILON,BEARING_01,2022-11-10,2022-11-11,3648,3432,11,1,11,0.8,0.7232,1.467,0.9454,4.9,3.65,0.183,1.854,0,1,0.9407894736842105
VND_GAMMA,CABLE_R,2022-08-16,2022-08-16,1572,1397,8,0,8,0.7,0.963,-0.115,0.9643,2.14,2.59,-0.277,0.173,0,0,0.888676844783715
VND_ZETA,MOTOR_X,2022-09-15,2022-09-15,6155,5798,9,0,14,0.95,0.8855,-0.278,0.959,3.04,0.65,-0.322,0.705,0,0,0.9419983753046304
VND_ALPHA,BLADE_X,2023-08-28,2023-08-28,4936,4936,8,0,12,0.85,0.7954,0.67,0.9668,2.6,1.31,-0.401,1.741,0,0,1.0
VND_EPSILON,CASING_B,2021-04-16,2021-04-19,5576,5103,4,0,7,0.6,0.6835,1.569,0.9274,3.47,1.86,-0.305,1.806,1,3,0.9151721664275466
VND_ZETA,BLADE_X,2021-02-25,2021-02-25,2549,2306,2,0,12,0.85,0.9117,-0.163,0.9823,0.68,0.31,-0.17,0.259,0,0,0.9046684974499803
VND_ALPHA,BEARING_01,2021-09-17,2021-09-19,4341,4341,9,0,11,0.8,0.7965,0.768,1.0,3.19,0.54,0.027,0.512,0,2,1.0
VND_GAMMA,BATTERY_A,2022-06-01,2022-06-01,1285,1260,6,0,10,0.9,0.8509,0.5,1.0,1.52,0.0,0.363,0.701,0,0,0.980544747081712
VND_GAMMA,BLADE_X,2022-06-11,2022-06-11,316,316,6,0,12,0.85,0.9006,0.797,1.0,1.52,0.0,0.363,0.701,0,0,1.0
VND_EPSILON,BATTERY_A,2021-12-24,2021-12-24,7655,6984,12,1,10,0.9,0.7269,1.72,0.9753,2.82,4.49,-0.659,1.941,1,0,0.9123448726322665
VND_ZETA,CASING_B,2023-07-04,2023-07-05,3229,3229,7,0,7,0.6,0.8998,0.496,1.0,1.63,0.0,0.462,0.0,0,1,1.0
VND_GAMMA,CASING_B,2022-04-29,2022-04-28,4172,3732,4,0,7,0.6,0.9593,1.147,0.9649,1.81,0.33,-0.556,0.389,0,-1,0.8945349952061361
VND_EPSILON,CASING_B,2021-03-09,2021-03-09,3008,3008,3,0,7,0.6,0.8052,1.719,0.9479,5.21,3.36,-0.135,2.022,1,0,1.0
VND_BETA,BATTERY_A,2021-11-12,2021-11-16,7061,6247,11,1,10,0.9,0.55,3.279,0.9255,7.62,7.21,-0.911,3.187,1,4,0.8847188783458434
VND_DELTA,BEARING_01,2023-02-24,2023-02-24,2149,1861,2,0,11,0.8,0.3808,4.356,0.7279,10.0,7.1,-1.0,3.739,0,0,0.8659841786877618
VND_ZETA,BEARING_01,2021-12-09,2021-12-07,1927,1724,12,1,11,0.8,0.9659,-0.696,1.0,4.01,0.19,-0.074,0.755,0,-2,0.8946549039958485
VND_ALPHA,CABLE_R,2022-06-26,2022-06-27,6388,6212,6,0,8,0.7,0.8733,1.499,0.9218,4.67,1.37,-0.2,0.43,0,1,0.9724483406386976
VND_ALPHA,BATTERY_A,2021-12-10,2021-12-10,4001,3871,12,1,10,0.9,0.7987,0.672,0.9887,1.72,2.38,-0.358,1.423,0,0,0.9675081229692577
VND_DELTA,SWITCH_S,2022-09-10,2022-09-10,4101,2862,9,0,6,0.65,0.4156,4.614,0.7119,10.0,8.25,-1.0,4.688,1,0,0.6978785662033651
VND_DELTA,SCREW_M4,2023-03-10,2023-03-18,4087,3080,3,0,5,0.4,0.3198,4.836,0.8206,9.67,7.03,-1.0,3.314,0,8,0.7536090041595302
VND_BETA,BLADE_X,2023-12-23,2023-12-25,7329,6254,12,1,12,0.85,0.5803,2.632,0.8351,7.45,6.37,-1.0,2.215,1,2,0.8533224177923319
VND_ALPHA,SWITCH_S,2022-08-15,2022-08-14,7795,7795,8,0,6,0.65,0.852,1.002,0.9433,2.6,1.31,-0.401,1.741,1,-1,1.0
VND_DELTA,BEARING_01,2022-10-09,2022-10-16,4543,3371,10,0,11,0.8,0.3861,4.176,0.7875,10.0,5.94,-1.0,3.793,1,7,0.7420206911732335
VND_ALPHA,MOTOR_X,2023-12-25,2023-12-27,5421,5079,12,1,14,0.95,0.8026,0.987,0.9612,1.72,2.38,-0.358,1.423,0,2,0.9369120088544549
VND_DELTA,CABLE_R,2022-07-13,2022-07-20,2944,2199,7,0,8,0.7,0.3452,4.564,0.7809,10.0,6.05,-1.0,3.274,0,7,0.7469429347826086
VND_GAMMA,BLADE_X,2021-07-21,2021-07-21,2291,2242,7,0,12,0.85,0.9441,0.502,0.979,2.34,0.0,0.441,0.0,0,0,0.9786119598428634
VND_DELTA,SWITCH_S,2022-05-11,2022-05-14,6215,5516,5,0,6,0.65,0.4107,4.901,0.782,9.38,7.59,-0.912,3.272,1,3,0.8875301689460982
VND_EPSILON,SCREW_M4,2022-11-23,2022-11-25,5751,5317,11,1,5,0.4,0.7717,1.593,0.9336,4.9,3.65,0.183,1.854,1,2,0.9245348635019996
VND_GAMMA,CASING_B,2021-01-22,2021-01-22,5711,5379,1,1,7,0.6,0.9292,-0.04,0.9579,1.85,2.16,0.022,0.306,0,0,0.9418665732796357
VND_ALPHA,MOTOR_X,2021-01-25,2021-01-25,3568,3370,1,1,14,0.95,0.8241,0.891,0.8893,3.7,2.96,-0.026,1.609,0,0,0.9445067264573991
VND_EPSILON,BATTERY_A,2021-08-01,2021-08-05,5815,5268,8,0,10,0.9,0.7793,1.673,0.934,7.16,0.93,-0.254,0.955,1,4,0.905932932072227
VND_GAMMA,BEARING_01,2022-03-26,2022-03-28,6141,5557,3,0,11,0.8,0.9595,-0.21,0.9904,1.39,0.8,0.586,0.47,0,2,0.904901481843348
VND_GAMMA,BLADE_X,2022-01-31,2022-01-31,478,450,1,1,12,0.85,0.9537,-0.337,1.0,1.85,2.16,0.022,0.306,0,0,0.9414225941422594
VND_EPSILON,MOTOR_X,2021-07-08,2021-07-08,665,665,7,0,14,0.95,0.7039,1.866,0.9667,4.08,2.56,-0.606,1.633,0,0,1.0
VND_EPSILON,SCREW_M4,2021-09-07,2021-09-06,6000,6000,9,0,5,0.4,0.7349,1.129,0.9804,4.38,3.89,-0.441,1.169,1,-1,1.0
VND_ALPHA,BATTERY_A,2021-09-24,2021-09-25,3279,2768,9,0,10,0.9,0.8255,1.199,0.9755,3.19,0.54,0.027,0.512,1,1,0.8441598048185422
VND_ALPHA,CASING_B,2022-01-13,2022-01-16,2275,2176,1,1,7,0.6,0.823,0.975,0.9215,3.7,2.96,-0.026,1.609,0,3,0.9564835164835165
VND_DELTA,BLADE_X,2021-06-05,2021-06-10,5432,4150,6,0,12,0.85,0.3471,5.149,0.7542,10.0,7.21,-1.0,4.359,1,5,0.7639911634756995
VND_GAMMA,BEARING_01,2023-05-25,2023-05-24,5870,5731,5,0,11,0.8,0.9338,-0.271,0.9844,1.61,2.86,-0.038,0.521,0,-1,0.9763202725724021
VND_GAMMA,CABLE_R,2021-11-28,2021-11-29,6595,6138,11,1,8,0.7,0.9855,0.859,1.0,0.77,1.58,0.264,0.0,1,1,0.930705079605762
VND_GAMMA,BATTERY_A,2021-05-08,2021-05-08,3335,3151,5,0,10,0.9,0.926,-0.057,0.9917,1.61,2.86,-0.038,0.521,0,0,0.9448275862068966
VND_GAMMA,SWITCH_S,2021-05-04,2021-05-05,2315,2315,5,0,6,0.65,0.97,-0.496,0.9792,1.61,2.86,-0.038,0.521,0,1,1.0
VND_BETA,BLADE_X,2023-06-22,2023-06-25,768,611,6,0,12,0.85,0.555,3.503,0.8968,8.51,4.55,-0.832,3.415,1,3,0.7955729166666666
VND_BETA,BEARING_01,2023-03-16,2023-03-16,1661,1540,3,0,11,0.8,0.4952,3.506,0.8568,7.31,4.89,-0.841,3.19,1,0,0.9271523178807947
VND_ALPHA,BEARING_01,2021-10-22,2021-10-22,4628,4477,10,0,11,0.8,0.8218,1.605,0.9833,3.41,0.0,-0.618,1.079,0,0,0.9673725151253241
VND_BETA,SWITCH_S,2021-08-06,2021-08-08,7676,6655,8,0,6,0.65,0.644,3.18,0.8523,8.24,4.9,-0.912,2.005,1,2,0.8669880145909328
VND_ZETA,BEARING_01,2022-06-15,2022-06-15,1046,1013,6,0,11,0.8,0.9077,0.505,0.9403,0.95,0.58,-1.0,0.11,0,0,0.9684512428298279
VND_ALPHA,MOTOR_X,2021-05-25,2021-05-23,4880,4880,5,0,14,0.95,0.8636,0.856,0.9815,2.19,1.91,-0.492,0.435,0,-2,1.0
VND_DELTA,BLADE_X,2021-02-08,2021-02-09,7544,4685,2,0,12,0.85,0.353,4.14,0.768,10.0,7.1,-1.0,3.739,1,1,0.6210233297985154
VND_BETA,BEARING_01,2021-01-02,2021-01-05,7842,6846,1,1,11,0.8,0.5979,2.806,0.8674,8.49,4.94,-0.843,2.646,1,3,0.872991583779648
VND_ZETA,MOTOR_X,2023-03-11,2023-03-12,2382,2382,3,0,14,0.95,1.0,-0.465,0.9834,3.65,1.04,-0.406,0.887,0,1,1.0
VND_ZETA,CASING_B,2022-11-07,2022-11-07,7610,7327,11,1,7,0.6,0.9809,0.487,1.0,1.99,2.8,0.448,0.025,0,0,0.9628120893561104
VND_EPSILON,SWITCH_S,2021-01-08,2021-01-09,4422,4030,1,1,6,0.65,0.7381,1.671,0.956,5.06,3.05,-0.408,1.754,0,1,0.911352329262777
VND_DELTA,BEARING_01,2023-06-13,2023-06-17,3508,2546,6,0,11,0.8,0.4243,4.0,0.7573,10.0,7.21,-1.0,4.359,1,4,0.725769669327252
VND_EPSILON,BATTERY_A,2022-04-08,2022-04-11,227,208,4,0,10,0.9,0.767,1.308,0.8867,3.47,1.86,-0.305,1.806,1,3,0.9162995594713657
VND_ZETA,SWITCH_S,2023-09-15,2023-09-15,1192,1111,9,0,6,0.65,0.9265,0.167,0.9946,3.04,0.65,-0.322,0.705,0,0,0.9320469798657718
VND_GAMMA,CABLE_R,2022-09-13,2022-09-13,3481,3481,9,0,8,0.7,0.9878,-0.171,1.0,1.65,0.0,-0.445,0.427,0,0,1.0
VND_ZETA,MOTOR_X,2021-07-05,2021-07-05,3192,3192,7,0,14,0.95,0.9128,1.071,0.942,1.63,0.0,0.462,0.0,0,0,1.0
VND_ALPHA,CABLE_R,2023-07-31,2023-07-31,6429,5919,7,0,8,0.7,0.8097,0.882,0.9571,2.66,1.71,-0.565,1.15,0,0,0.9206719552029865
VND_ZETA,BLADE_X,2022-02-20,2022-02-20,1646,1646,2,0,12,0.85,0.979,0.78,0.9957,0.68,0.31,-0.17,0.259,0,0,1.0
VND_DELTA,MOTOR_X,2022-01-27,2022-02-02,2648,1997,1,1,14,0.95,0.3877,4.113,0.7546,10.0,9.08,-1.0,3.072,1,6,0.754154078549849
VND_ALPHA,SWITCH_S,2023-01-06,2023-01-06,4185,4185,1,1,6,0.65,0.896,1.157,0.9932,3.7,2.96,-0.026,1.609,1,0,1.0
VND_ZETA,BATTERY_A,2023-06-16,2023-06-16,6223,6191,6,0,10,0.9,0.9055,0.533,0.9341,0.95,0.58,-1.0,0.11,1,0,0.9948577856339386
VND_BETA,SCREW_M4,2021-03-15,2021-03-17,1781,1718,3,0,5,0.4,0.5106,2.49,0.8498,7.31,4.89,-0.841,3.19,1,2,0.9646266142616507
VND_ZETA,MOTOR_X,2022-05-04,2022-05-04,4207,3804,5,0,14,0.95,0.982,0.415,0.9529,3.15,0.0,0.105,0.83,0,0,0.904207273591633
VND_ALPHA,SWITCH_S,2022-09-23,2022-09-26,4293,4172,9,0,6,0.65,0.8817,1.534,0.9833,3.19,0.54,0.027,0.512,1,3,0.9718145818774749
VND_ALPHA,BEARING_01,2021-03-17,2021-03-18,2979,2351,3,0,11,0.8,0.8251,0.463,0.9548,2.73,2.14,-0.359,0.814,0,1,0.7891910036925143
VND_GAMMA,MOTOR_X,2021-03-29,2021-03-29,3521,3485,3,0,14,0.95,0.9462,-0.265,0.995,1.39,0.8,0.586,0.47,0,0,0.9897756319227492
VND_BETA,BATTERY_A,2023-12-08,2023-12-14,3954,3767,12,1,10,0.9,0.4753,3.594,0.8603,7.45,6.37,-1.0,2.215,1,6,0.9527061203844208
VND_ZETA,CASING_B,2022-04-23,2022-04-21,7776,7577,4,0,7,0.6,0.9391,0.366,0.9631,4.0,1.67,-0.484,0.326,0,-2,0.9744084362139918
VND_ALPHA,BATTERY_A,2021-10-17,2021-10-17,4205,3946,10,0,10,0.9,0.8623,1.253,0.973,3.41,0.0,-0.618,1.079,0,0,0.9384066587395957
VND_DELTA,MOTOR_X,2021-04-04,2021-04-03,2188,1451,4,0,14,0.95,0.4239,4.031,0.7154,10.0,7.27,-1.0,3.863,1,-1,0.6631627056672761
VND_ALPHA,CASING_B,2021-12-19,2021-12-23,5382,5020,12,1,7,0.6,0.7661,1.375,0.9601,1.72,2.38,-0.358,1.423,0,4,0.9327387588257153
VND_GAMMA,MOTOR_X,2021-07-19,2021-07-19,3937,3937,7,0,14,0.95,0.9345,0.585,0.9693,2.34,0.0,0.441,0.0,0,0,1.0
VND_EPSILON,CASING_B,2021-05-11,2021-05-10,6899,5521,5,0,7,0.6,0.6886,1.063,0.9418,5.37,6.65,-0.289,2.054,1,-1,0.8002609073778808
VND_ALPHA,BATTERY_A,2023-10-16,2023-10-16,5074,5074,10,0,10,0.9,0.8025,1.245,0.9611,3.41,0.0,-0.618,1.079,0,0,1.0
VND_ALPHA,SCREW_M4,2022-02-20,2022-02-20,3691,3691,2,0,5,0.4,0.8261,1.033,0.9687,2.97,1.37,0.254,1.307,0,0,1.0
VND_ZETA,CABLE_R,2023-04-04,2023-04-04,2856,2856,4,0,8,0.7,0.8561,0.191,0.9437,4.0,1.67,-0.484,0.326,0,0,1.0
VND_ZETA,BATTERY_A,2021-10-09,2021-10-09,2834,2493,10,0,10,0.9,0.9013,0.478,0.9413,2.08,0.04,-0.007,0.366,0,0,0.8796753705010586
VND_ALPHA,SCREW_M4,2021-12-22,2021-12-22,2948,2254,12,1,5,0.4,0.7863,0.493,0.9848,1.72,2.38,-0.358,1.423,0,0,0.7645861601085482
VND_ALPHA,BATTERY_A,2022-07-15,2022-07-16,1357,1206,7,0,10,0.9,0.8169,1.225,0.946,2.66,1.71,-0.565,1.15,0,1,0.8887251289609432
VND_BETA,SWITCH_S,2023-01-28,2023-02-01,4733,4314,1,1,6,0.65,0.5976,2.534,0.8543,8.49,4.94,-0.843,2.646,1,4,0.9114726389182337
VND_DELTA,CASING_B,2022-05-14,2022-05-14,7783,5881,5,0,7,0.6,0.3935,3.535,0.7837,9.38,7.59,-0.912,3.272,0,0,0.755621225748426
VND_BETA,MOTOR_X,2021-07-24,2021-07-29,6680,5483,7,0,14,0.95,0.5419,3.249,0.9215,8.11,6.76,-1.0,3.129,0,5,0.8208083832335329
VND_BETA,SWITCH_S,2021-02-02,2021-02-03,7405,6001,2,0,6,0.65,0.5795,2.697,0.9066,7.47,5.81,-0.631,3.173,1,1,0.8103983794733288
VND_ALPHA,BEARING_01,2021-01-14,2021-01-14,259,258,1,1,11,0.8,0.8383,1.541,0.9959,3.7,2.96,-0.026,1.609,0,0,0.9961389961389961
VND_ALPHA,CASING_B,2022-08-05,2022-08-05,3609,3310,8,0,7,0.6,0.7756,1.305,0.9966,2.6,1.31,-0.401,1.741,0,0,0.9171515655306179
VND_ZETA,BEARING_01,2021-09-17,2021-09-19,1888,1867,9,0,11,0.8,0.9167,-0.211,0.9893,3.04,0.65,-0.322,0.705,0,2,0.9888771186440678
VND_ZETA,CASING_B,2022-07-09,2022-07-08,4485,4254,7,0,7,0.6,0.8478,0.126,1.0,1.63,0.0,0.462,0.0,0,-1,0.948494983277592
VND_DELTA,BEARING_01,2022-05-05,2022-05-06,7884,6227,5,0,11,0.8,0.4585,4.634,0.7591,9.38,7.59,-0.912,3.272,0,1,0.7898274987316083
VND_EPSILON,CASING_B,2021-03-19,2021-03-18,5084,4494,3,0,7,0.6,0.7003,2.204,0.9164,5.21,3.36,-0.135,2.022,0,-1,0.8839496459480723
VND_ZETA,CASING_B,2023-10-21,2023-10-23,5213,4701,10,0,7,0.6,0.9569,-0.071,1.0,2.08,0.04,-0.007,0.366,0,2,0.901784001534625
VND_ZETA,BATTERY_A,2022-09-09,2022-09-09,3049,2950,9,0,10,0.9,1.0,-0.246,1.0,3.04,0.65,-0.322,0.705,1,0,0.9675303378156773
VND_ALPHA,SWITCH_S,2022-04-28,2022-04-28,1772,1557,4,0,6,0.65,0.7609,0.796,0.9931,3.44,0.0,-0.737,0.775,1,0,0.878668171557562
VND_EPSILON,BATTERY_A,2021-07-15,2021-07-16,5270,5079,7,0,10,0.9,0.6598,0.835,0.8851,4.08,2.56,-0.606,1.633,0,1,0.9637571157495256
VND_EPSILON,CABLE_R,2023-11-06,2023-11-05,1996,1810,11,1,8,0.7,0.7785,1.298,0.9147,4.9,3.65,0.183,1.854,0,-1,0.906813627254509
VND_ZETA,BEARING_01,2022-03-03,2022-03-04,2464,2363,3,0,11,0.8,0.9431,0.724,1.0,3.65,1.04,-0.406,0.887,0,1,0.9590097402597403
VND_BETA,MOTOR_X,2021-08-19,2021-08-23,6725,4684,8,0,14,0.95,0.5277,3.045,0.8674,8.24,4.9,-0.912,2.005,1,4,0.6965055762081784
VND_ZETA,CASING_B,2023-08-30,2023-09-01,4275,4075,8,0,7,0.6,0.9377,0.105,0.9807,1.44,0.77,0.404,0.0,0,2,0.9532163742690059
VND_BETA,CASING_B,2021-03-30,2021-04-04,642,642,3,0,7,0.6,0.4928,2.031,0.8726,7.31,4.89,-0.841,3.19,0,5,1.0
VND_GAMMA,CABLE_R,2022-03-06,2022-03-05,3760,3698,3,0,8,0.7,0.9529,1.307,1.0,1.39,0.8,0.586,0.47,0,-1,0.9835106382978723
VND_GAMMA,BLADE_X,2023-07-18,2023-07-18,554,452,7,0,12,0.85,0.951,0.329,1.0,2.34,0.0,0.441,0.0,0,0,0.8158844765342961
VND_ZETA,BATTERY_A,2021-04-18,2021-04-18,7776,7095,4,0,10,0.9,0.8995,0.711,0.9757,4.0,1.67,-0.484,0.326,0,0,0.9124228395061729
VND_BETA,CASING_B,2021-03-01,2021-02-27,4173,3265,3,0,7,0.6,0.4872,2.935,0.8645,7.31,4.89,-0.841,3.19,1,-2,0.7824107356817637
VND_ALPHA,BATTERY_A,2022-04-27,2022-04-27,6109,5656,4,0,10,0.9,0.8197,0.858,0.9292,3.44,0.0,-0.737,0.775,0,0,0.9258471108201015
VND_EPSILON,BEARING_01,2022-10-30,2022-10-30,3632,2912,10,0,11,0.8,0.7689,1.557,0.9052,4.13,3.48,-0.679,1.687,0,0,0.801762114537445
VND_ZETA,SCREW_M4,2022-10-30,2022-10-30,2084,1954,10,0,5,0.4,0.9421,0.277,0.9786,2.08,0.04,-0.007,0.366,0,0,0.9376199616122841
VND_GAMMA,BATTERY_A,2022-04-12,2022-04-11,1003,978,4,0,10,0.9,0.963,0.74,0.9225,1.81,0.33,-0.556,0.389,0,-1,0.9750747756729811
VND_ZETA,SCREW_M4,2023-04-25,2023-04-24,7326,7326,4,0,5,0.4,0.9801,0.583,0.9989,4.0,1.67,-0.484,0.326,0,-1,1.0
VND_DELTA,SCREW_M4,2022-03-28,2022-04-06,802,683,3,0,5,0.4,0.2593,5.132,0.7938,9.67,7.03,-1.0,3.314,1,9,0.8516209476309227
VND_EPSILON,BEARING_01,2023-09-20,2023-09-25,645,645,9,0,11,0.8,0.7608,1.622,0.9963,4.38,3.89,-0.441,1.169,1,5,1.0
VND_BETA,SWITCH_S,2022-03-19,2022-03-18,7801,6653,3,0,6,0.65,0.5656,2.83,0.8426,7.31,4.89,-0.841,3.19,1,-1,0.8528393795667222
VND_BETA,BEARING_01,2023-03-05,2023-03-04,3259,3045,3,0,11,0.8,0.4929,2.681,0.9383,7.31,4.89,-0.841,3.19,0,-1,0.934335685793188
VND_DELTA,CASING_B,2022-02-02,2022-02-01,5377,3924,2,0,7,0.6,0.3696,4.301,0.7716,10.0,7.1,-1.0,3.739,1,-1,0.7297749674539706
VND_GAMMA,CABLE_R,2022-02-19,2022-02-19,2951,2890,2,0,8,0.7,0.9893,0.455,0.9851,0.13,0.0,-0.083,0.079,0,0,0.9793290410030498
VND_ALPHA,CASING_B,2021-05-03,2021-05-04,2498,2498,5,0,7,0.6,0.7973,1.205,0.9687,2.19,1.91,-0.492,0.435,0,1,1.0
VND_ALPHA,CASING_B,2023-08-12,2023-08-13,3956,3781,8,0,7,0.6,0.8782,1.172,0.9276,2.6,1.31,-0.401,1.741,0,1,0.9557633973710818
VND_BETA,SWITCH_S,2022-12-05,2022-12-08,2001,1798,12,1,6,0.65,0.5316,2.664,0.8829,7.45,6.37,-1.0,2.215,1,3,0.8985507246376812
VND_EPSILON,BLADE_X,2021-11-18,2021-11-20,6667,4173,11,1,12,0.85,0.7267,1.559,0.9011,4.9,3.65,0.183,1.854,0,2,0.6259187040647968
VND_EPSILON,CASING_B,2022-04-16,2022-04-16,908,822,4,0,7,0.6,0.7151,1.612,0.9134,3.47,1.86,-0.305,1.806,0,0,0.9052863436123348
VND_EPSILON,SWITCH_S,2023-09-29,2023-09-29,7263,6326,9,0,6,0.65,0.7714,1.471,0.9045,4.38,3.89,-0.441,1.169,1,0,0.8709899490568636
VND_EPSILON,SCREW_M4,2023-08-28,2023-08-28,7056,6136,8,0,5,0.4,0.708,1.262,0.8916,7.16,0.93,-0.254,0.955,1,0,0.8696145124716553
VND_GAMMA,BEARING_01,2021-01-30,2021-01-30,6180,6180,1,1,11,0.8,0.9854,0.157,1.0,1.85,2.16,0.022,0.306,0,0,1.0
VND_ZETA,SWITCH_S,2022-05-21,2022-05-21,2230,2144,5,0,6,0.65,0.9808,0.918,0.9715,3.15,0.0,0.105,0.83,1,0,0.9614349775784753
VND_DELTA,CABLE_R,2022-04-01,2022-04-03,7505,6546,4,0,8,0.7,0.4161,4.123,0.7449,10.0,7.27,-1.0,3.863,1,2,0.8722185209860094
VND_EPSILON,CASING_B,2021-01-11,2021-01-13,3622,2949,1,1,7,0.6,0.7698,1.286,0.9255,5.06,3.05,-0.408,1.754,0,2,0.8141910546659304
VND_ALPHA,MOTOR_X,2023-08-22,2023-08-21,6208,5585,8,0,14,0.95,0.8189,0.652,0.9594,2.6,1.31,-0.401,1.741,0,-1,0.899645618556701
VND_DELTA,MOTOR_X,2023-12-24,2023-12-27,3430,2820,12,1,14,0.95,0.4319,4.613,0.7907,9.5,6.79,-1.0,3.943,1,3,0.8221574344023324
VND_ZETA,BEARING_01,2021-07-20,2021-07-21,3906,3779,7,0,11,0.8,0.956,0.959,0.9899,1.63,0.0,0.462,0.0,0,1,0.9674859190988223
VND_BETA,BEARING_01,2021-06-20,2021-06-20,4775,3829,6,0,11,0.8,0.516,2.508,0.8655,8.51,4.55,-0.832,3.415,0,0,0.8018848167539268
VND_ZETA,MOTOR_X,2023-04-13,2023-04-13,7981,7068,4,0,14,0.95,0.9633,0.683,0.9393,4.0,1.67,-0.484,0.326,0,0,0.8856033078561584
VND_BETA,SCREW_M4,2023-01-05,2023-01-08,2623,2417,1,1,5,0.4,0.5488,3.01,0.8699,8.49,4.94,-0.843,2.646,1,3,0.9214639725505147
VND_ZETA,SCREW_M4,2021-07-05,2021-07-05,330,296,7,0,5,0.4,0.889,0.487,0.9719,1.63,0.0,0.462,0.0,0,0,0.896969696969697
VND_ZETA,BEARING_01,2022-09-17,2022-09-17,1525,1422,9,0,11,0.8,0.8694,0.619,0.9775,3.04,0.65,-0.322,0.705,0,0,0.9324590163934426
VND_EPSILON,BEARING_01,2021-02-19,2021-02-18,3926,3628,2,0,11,0.8,0.7269,2.121,0.8816,3.97,2.95,-0.443,1.143,0,-1,0.9240957717778909
VND_BETA,BEARING_01,2023-04-11,2023-04-11,1715,1506,4,0,11,0.8,0.5486,2.589,0.8493,7.67,5.01,-1.0,2.322,0,0,0.878134110787172
VND_ZETA,CABLE_R,2023-08-09,2023-08-09,5966,5966,8,0,8,0.7,0.9343,0.344,1.0,1.44,0.77,0.404,0.0,0,0,1.0
VND_ZETA,MOTOR_X,2021-05-25,2021-05-25,3352,2964,5,0,14,0.95,0.8991,0.199,0.9486,3.15,0.0,0.105,0.83,0,0,0.8842482100238663
VND_EPSILON,CABLE_R,2021-03-08,2021-03-09,2629,2629,3,0,8,0.7,0.6326,1.599,0.9313,5.21,3.36,-0.135,2.022,0,1,1.0
VND_GAMMA,SWITCH_S,2022-03-01,2022-03-02,6652,6352,3,0,6,0.65,0.8503,0.564,0.9565,1.39,0.8,0.586,0.47,0,1,0.9549007817197835
VND_EPSILON,BATTERY_A,2022-11-19,2022-11-19,6227,5978,11,1,10,0.9,0.7536,1.926,0.9482,4.9,3.65,0.183,1.854,0,0,0.960012847277983
VND_EPSILON,MOTOR_X,2023-01-16,2023-01-16,7474,7474,1,1,14,0.95,0.7023,1.91,0.9553,5.06,3.05,-0.408,1.754,0,0,1.0
VND_ALPHA,MOTOR_X,2023-02-24,2023-02-25,3194,3074,2,0,14,0.95,0.7898,1.524,0.9249,2.97,1.37,0.254,1.307,1,1,0.9624295554164057
VND_EPSILON,BEARING_01,2021-03-25,2021-03-23,3194,2614,3,0,11,0.8,0.7001,1.617,0.9387,5.21,3.36,-0.135,2.022,1,-2,0.8184095178459612
VND_BETA,CABLE_R,2021-05-18,2021-05-20,4793,4678,5,0,8,0.7,0.5802,2.601,0.9044,8.96,6.56,-0.962,3.201,0,2,0.9760066764030878
VND_BETA,SCREW_M4,2022-11-17,2022-11-25,2154,1989,11,1,5,0.4,0.5113,2.899,0.9026,7.62,7.21,-0.911,3.187,1,8,0.9233983286908078
VND_ZETA,BATTERY_A,2023-09-07,2023-09-07,6240,6147,9,0,10,0.9,0.9799,0.676,0.974,3.04,0.65,-0.322,0.705,0,0,0.9850961538461539
VND_ZETA,SCREW_M4,2022-04-07,2022-04-07,2825,2825,4,0,5,0.4,0.9678,0.478,1.0,4.0,1.67,-0.484,0.326,0,0,1.0
VND_GAMMA,CABLE_R,2023-10-29,2023-10-29,5772,5772,10,0,8,0.7,0.9564,-0.207,0.9838,0.49,0.87,-0.256,1.02,0,0,1.0
VND_GAMMA,SWITCH_S,2021-04-22,2021-04-22,719,685,4,0,6,0.65,0.8975,0.397,0.9998,1.81,0.33,-0.556,0.389,0,0,0.952712100139082
VND_GAMMA,CABLE_R,2023-07-16,2023-07-17,4183,4159,7,0,8,0.7,0.9584,0.522,0.9605,2.34,0.0,0.441,0.0,0,1,0.9942624910351422
VND_DELTA,BATTERY_A,2023-12-26,2024-01-04,5756,4324,12,1,10,0.9,0.3613,4.205,0.7683,9.5,6.79,-1.0,3.943,1,9,0.7512161223071577
VND_DELTA,BLADE_X,2023-01-24,2023-01-29,6752,5855,1,1,12,0.85,0.2809,4.317,0.7768,10.0,9.08,-1.0,3.072,1,5,0.8671504739336493
VND_BETA,BATTERY_A,2023-07-27,2023-07-27,915,910,7,0,10,0.9,0.5722,2.15,0.9029,8.11,6.76,-1.0,3.129,0,0,0.994535519125683
VND_DELTA,BATTERY_A,2022-01-02,2022-01-11,2562,1647,1,1,10,0.9,0.384,5.121,0.7779,10.0,9.08,-1.0,3.072,1,9,0.6428571428571429
VND_ALPHA,BATTERY_A,2021-12-04,2021-12-04,2460,2460,12,1,10,0.9,0.7533,1.396,0.9337,1.72,2.38,-0.358,1.423,1,0,1.0
VND_ZETA,BATTERY_A,2021-10-31,2021-10-31,4265,3941,10,0,10,0.9,0.9156,-0.104,0.9913,2.08,0.04,-0.007,0.366,0,0,0.9240328253223915
VND_BETA,CASING_B,2023-12-03,2023-12-06,7999,7795,12,1,7,0.6,0.5498,3.144,0.9237,7.45,6.37,-1.0,2.215,1,3,0.9744968121015127
VND_GAMMA,MOTOR_X,2023-05-04,2023-05-04,5790,5790,5,0,14,0.95,0.9226,0.889,0.988,1.61,2.86,-0.038,0.521,0,0,1.0
VND_DELTA,CASING_B,2022-12-12,2022-12-22,3641,2267,12,1,7,0.6,0.3955,4.5,0.7948,9.5,6.79,-1.0,3.943,1,10,0.6226311452897556
VND_ZETA,BEARING_01,2021-02-13,2021-02-13,2588,2588,2,0,11,0.8,0.9164,0.051,0.9407,0.68,0.31,-0.17,0.259,0,0,1.0
VND_ALPHA,SCREW_M4,2021-02-15,2021-02-13,7341,7341,2,0,5,0.4,0.8708,0.869,0.9511,2.97,1.37,0.254,1.307,0,-2,1.0
VND_EPSILON,SCREW_M4,2022-11-19,2022-11-21,3572,3081,11,1,5,0.4,0.7688,1.763,0.855,4.9,3.65,0.183,1.854,0,2,0.8625419932810751
VND_ZETA,CABLE_R,2022-10-31,2022-10-31,4182,4170,10,0,8,0.7,0.9079,-0.023,0.9447,2.08,0.04,-0.007,0.366,0,0,0.9971305595408895
VND_DELTA,BEARING_01,2022-09-15,2022-09-24,4846,3132,9,0,11,0.8,0.398,4.489,0.8062,10.0,8.25,-1.0,4.688,1,9,0.6463062319438713
VND_GAMMA,CASING_B,2021-12-18,2021-12-18,6665,6573,12,1,7,0.6,0.8321,0.942,1.0,1.78,3.21,-0.462,0.474,1,0,0.9861965491372843
VND_BETA,BLADE_X,2023-09-19,2023-09-22,3246,3154,9,0,12,0.85,0.5255,2.891,0.8367,7.93,5.56,-0.497,2.593,1,3,0.9716574245224893
VND_ALPHA,BLADE_X,2021-10-31,2021-11-02,3092,2914,10,0,12,0.85,0.8348,0.603,0.931,3.41,0.0,-0.618,1.079,0,2,0.9424320827943079
VND_DELTA,BLADE_X,2021-12-07,2021-12-13,5267,3446,12,1,12,0.85,0.3906,4.259,0.7535,9.5,6.79,-1.0,3.943,1,6,0.6542623884564268
VND_ZETA,CASING_B,2022-08-08,2022-08-08,1693,1693,8,0,7,0.6,0.9313,0.247,0.9765,1.44,0.77,0.404,0.0,0,0,1.0
VND_ZETA,CASING_B,2021-11-11,2021-11-12,1520,1520,11,1,7,0.6,0.9982,0.526,0.9987,1.99,2.8,0.448,0.025,0,1,1.0
VND_ALPHA,SCREW_M4,2021-03-26,2021-03-26,2793,2414,3,0,5,0.4,0.792,1.39,0.9127,2.73,2.14,-0.359,0.814,1,0,0.8643036161833154
VND_DELTA,CASING_B,2022-06-18,2022-06-23,3228,2136,6,0,7,0.6,0.3961,3.791,0.7803,10.0,7.21,-1.0,4.359,1,5,0.6617100371747212
VND_BETA,CASING_B,2021-03-13,2021-03-14,5652,4882,3,0,7,0.6,0.5034,3.388,0.8402,7.31,4.89,-0.841,3.19,0,1,0.8637650389242746
VND_GAMMA,CABLE_R,2021-10-30,2021-10-31,3254,3254,10,0,8,0.7,0.9942,0.429,0.9663,0.49,0.87,-0.256,1.02,0,1,1.0
VND_EPSILON,BEARING_01,2021-11-29,2021-11-30,4571,4086,11,1,11,0.8,0.6811,0.509,0.8988,4.9,3.65,0.183,1.854,0,1,0.8938963027783855
VND_ALPHA,BLADE_X,2021-02-21,2021-02-24,3514,3425,2,0,12,0.85,0.8042,0.232,0.9859,2.97,1.37,0.254,1.307,0,3,0.9746727376209448
VND_BETA,BEARING_01,2023-07-28,2023-07-26,7800,7800,7,0,11,0.8,0.6408,2.875,0.8419,8.11,6.76,-1.0,3.129,1,-2,1.0
VND_BETA,CABLE_R,2021-01-09,2021-01-15,6249,5725,1,1,8,0.7,0.5094,2.703,0.91,8.49,4.94,-0.843,2.646,1,6,0.9161465834533525
VND_ZETA,CABLE_R,2022-08-29,2022-08-30,4082,4082,8,0,8,0.7,0.9405,0.773,0.9691,1.44,0.77,0.404,0.0,0,1,1.0
VND_EPSILON,BLADE_X,2021-10-29,2021-10-30,6750,5124,10,0,12,0.85,0.7188,1.451,0.9341,4.13,3.48,-0.679,1.687,0,1,0.7591111111111111
VND_GAMMA,BEARING_01,2021-08-19,2021-08-20,6193,6193,8,0,11,0.8,0.983,-0.39,0.9852,2.14,2.59,-0.277,0.173,0,1,1.0
VND_ALPHA,BEARING_01,2021-10-13,2021-10-13,5754,5754,10,0,11,0.8,0.8051,1.316,0.9014,3.41,0.0,-0.618,1.079,0,0,1.0
VND_GAMMA,BATTERY_A,2021-02-20,2021-02-20,3490,3442,2,0,10,0.9,0.9863,-0.281,0.9701,0.13,0.0,-0.083,0.079,0,0,0.9862464183381089
VND_DELTA,SCREW_M4,2023-01-02,2023-01-07,957,802,1,1,5,0.4,0.417,4.012,0.8449,10.0,9.08,-1.0,3.072,1,5,0.8380355276907001
VND_ALPHA,CABLE_R,2022-02-04,2022-02-06,4979,4979,2,0,8,0.7,0.8403,1.445,0.9931,2.97,1.37,0.254,1.307,1,2,1.0
VND_GAMMA,SCREW_M4,2022-02-05,2022-02-05,384,370,2,0,5,0.4,0.9883,0.11,0.9704,0.13,0.0,-0.083,0.079,0,0,0.9635416666666666
VND_EPSILON,BATTERY_A,2023-07-02,2023-07-05,5746,3944,7,0,10,0.9,0.8386,2.101,0.9222,4.08,2.56,-0.606,1.633,0,3,0.6863905325443787
VND_EPSILON,BATTERY_A,2023-03-19,2023-03-20,1792,1517,3,0,10,0.9,0.7562,1.53,0.8769,5.21,3.36,-0.135,2.022,0,1,0.8465401785714286
VND_GAMMA,BEARING_01,2023-11-14,2023-11-14,7928,7928,11,1,11,0.8,0.9414,0.755,0.9794,0.77,1.58,0.264,0.0,0,0,1.0
VND_ZETA,MOTOR_X,2023-01-10,2023-01-10,3456,3249,1,1,14,0.95,0.9913,0.374,1.0,1.09,2.03,0.123,0.866,0,0,0.9401041666666666
VND_ZETA,CASING_B,2023-05-26,2023-05-26,3228,3136,5,0,7,0.6,0.9795,0.297,1.0,3.15,0.0,0.105,0.83,0,0,0.9714993804213135
VND_GAMMA,SWITCH_S,2021-01-25,2021-01-25,2531,2506,1,1,6,0.65,0.8725,-0.189,0.9813,1.85,2.16,0.022,0.306,0,0,0.9901224812327143
VND_GAMMA,CABLE_R,2022-09-23,2022-09-23,3850,3617,9,0,8,0.7,0.9481,-0.247,0.9995,1.65,0.0,-0.445,0.427,0,0,0.9394805194805195
VND_BETA,BATTERY_A,2023-06-29,2023-07-05,6274,6274,6,0,10,0.9,0.5908,2.563,0.9388,8.51,4.55,-0.832,3.415,0,6,1.0
VND_DELTA,SWITCH_S,2022-08-15,2022-08-16,1541,1292,8,0,6,0.65,0.4083,4.81,0.8267,10.0,7.14,-1.0,3.931,1,1,0.8384166125892277
VND_ZETA,SWITCH_S,2023-04-29,2023-04-29,1343,1238,4,0,6,0.65,0.9395,0.359,0.94,4.0,1.67,-0.484,0.326,0,0,0.9218168279970216
VND_BETA,BATTERY_A,2022-03-02,2022-03-04,2684,2280,3,0,10,0.9,0.5242,2.508,0.8643,7.31,4.89,-0.841,3.19,0,2,0.849478390461997
VND_EPSILON,BEARING_01,2022-11-18,2022-11-18,741,741,11,1,11,0.8,0.7168,1.238,0.9415,4.9,3.65,0.183,1.854,0,0,1.0
VND_ALPHA,SWITCH_S,2021-01-14,2021-01-17,3554,3554,1,1,6,0.65,0.7491,0.508,0.9359,3.7,2.96,-0.026,1.609,0,3,1.0
VND_DELTA,BLADE_X,2021-12-25,2021-12-29,4753,3330,12,1,12,0.85,0.3377,4.534,0.7852,9.5,6.79,-1.0,3.943,1,4,0.700610140963602
VND_ZETA,BEARING_01,2021-10-08,2021-10-08,1832,1444,10,0,11,0.8,0.8903,0.18,0.9726,2.08,0.04,-0.007,0.366,0,0,0.7882096069868996
VND_DELTA,CASING_B,2022-08-16,2022-08-16,4737,3267,8,0,7,0.6,0.3666,3.812,0.7602,10.0,7.14,-1.0,3.931,1,0,0.6896770107663078
VND_ALPHA,BEARING_01,2022-09-11,2022-09-11,7036,6218,9,0,11,0.8,0.8563,1.162,0.9579,3.19,0.54,0.027,0.512,1,0,0.8837407617964753
VND_DELTA,BLADE_X,2023-08-08,2023-08-09,2039,1644,8,0,12,0.85,0.3924,4.9,0.7938,10.0,7.14,-1.0,3.931,1,1,0.8062775870524767
VND_ALPHA,MOTOR_X,2021-11-12,2021-11-14,2351,2351,11,1,14,0.95,0.8253,1.27,0.9361,3.94,3.27,-0.255,0.88,1,2,1.0
VND_ZETA,BLADE_X,2023-08-26,2023-08-26,1217,1217,8,0,12,0.85,0.9467,-0.123,1.0,1.44,0.77,0.404,0.0,0,0,1.0
VND_DELTA,BLADE_X,2022-01-03,2022-01-09,4229,2986,1,1,12,0.85,0.5151,4.706,0.7677,10.0,9.08,-1.0,3.072,1,6,0.7060770867817451
VND_ALPHA,SCREW_M4,2021-09-02,2021-09-02,6464,6290,9,0,5,0.4,0.8786,1.491,0.9735,3.19,0.54,0.027,0.512,0,0,0.9730816831683168
VND_DELTA,BLADE_X,2021-05-17,2021-05-26,5106,4044,5,0,12,0.85,0.3263,4.715,0.8166,9.38,7.59,-0.912,3.272,1,9,0.7920094007050529
VND_EPSILON,CABLE_R,2023-09-12,2023-09-16,4833,4640,9,0,8,0.7,0.7335,2.297,0.9433,4.38,3.89,-0.441,1.169,0,4,0.9600662114628595
VND_GAMMA,SWITCH_S,2023-09-02,2023-09-03,5887,5522,9,0,6,0.65,0.9155,0.339,0.9832,1.65,0.0,-0.445,0.427,0,1,0.937998980805164
VND_GAMMA,BATTERY_A,2023-11-16,2023-11-17,6204,6204,11,1,10,0.9,0.9206,-0.211,0.9555,0.77,1.58,0.264,0.0,0,1,1.0
VND_GAMMA,MOTOR_X,2021-11-30,2021-11-30,4964,4803,11,1,14,0.95,0.9056,-0.373,0.9897,0.77,1.58,0.264,0.0,0,0,0.967566478646253
VND_BETA,MOTOR_X,2022-10-17,2022-10-22,3976,3462,10,0,14,0.95,0.4989,2.768,0.8889,7.34,4.7,-0.665,2.932,1,5,0.8707243460764588
VND_GAMMA,CASING_B,2021-12-01,2021-12-01,633,617,12,1,7,0.6,0.984,0.603,1.0,1.78,3.21,-0.462,0.474,0,0,0.9747235387045814
VND_GAMMA,BLADE_X,2023-05-10,2023-05-10,5412,5412,5,0,12,0.85,0.941,0.178,1.0,1.61,2.86,-0.038,0.521,0,0,1.0
VND_ALPHA,CABLE_R,2022-08-17,2022-08-17,2589,2327,8,0,8,0.7,0.8247,0.679,0.9589,2.6,1.31,-0.401,1.741,0,0,0.8988026264967168
VND_EPSILON,BATTERY_A,2022-02-01,2022-02-02,6478,5745,2,0,10,0.9,0.726,1.319,0.9457,3.97,2.95,-0.443,1.143,0,1,0.8868477925285582
VND_ALPHA,CASING_B,2021-12-09,2021-12-10,4654,4654,12,1,7,0.6,0.7892,1.608,0.9506,1.72,2.38,-0.358,1.423,0,1,1.0
VND_GAMMA,CABLE_R,2022-09-09,2022-09-11,2423,2423,9,0,8,0.7,0.9373,0.094,0.9908,1.65,0.0,-0.445,0.427,0,2,1.0
VND_ALPHA,CABLE_R,2023-12-31,2023-12-31,4951,4951,12,1,8,0.7,0.8274,1.244,0.953,1.72,2.38,-0.358,1.423,0,0,1.0
VND_BETA,CABLE_R,2021-01-27,2021-01-29,1321,1160,1,1,8,0.7,0.4984,3.039,0.8789,8.49,4.94,-0.843,2.646,1,2,0.878122634367903
VND_GAMMA,BLADE_X,2023-09-21,2023-09-21,3575,3575,9,0,12,0.85,0.8628,0.277,0.9396,1.65,0.0,-0.445,0.427,0,0,1.0
VND_BETA,CABLE_R,2021-07-29,2021-07-29,1984,1977,7,0,8,0.7,0.4428,3.419,0.878,8.11,6.76,-1.0,3.129,1,0,0.9964717741935484
VND_EPSILON,CASING_B,2022-03-29,2022-03-28,7012,6887,3,0,7,0.6,0.7145,1.83,0.9588,5.21,3.36,-0.135,2.022,0,-1,0.9821734169994295
VND_EPSILON,SCREW_M4,2023-12-13,2023-12-12,7131,6232,12,1,5,0.4,0.6644,1.648,0.8648,2.82,4.49,-0.659,1.941,1,-1,0.8739307250035058
VND_DELTA,BATTERY_A,2023-08-02,2023-08-13,7704,6494,8,0,10,0.9,0.3503,4.347,0.7877,10.0,7.14,-1.0,3.931,1,11,0.842938733125649
VND_ALPHA,BATTERY_A,2021-09-26,2021-09-27,7764,7426,9,0,10,0.9,0.7162,1.829,0.973,3.19,0.54,0.027,0.512,0,1,0.9564657393096342
VND_DELTA,MOTOR_X,2022-12-15,2022-12-20,2752,2148,12,1,14,0.95,0.4315,4.45,0.7351,9.5,6.79,-1.0,3.943,1,5,0.7805232558139535
VND_BETA,CABLE_R,2023-06-25,2023-06-27,7488,6761,6,0,8,0.7,0.565,2.3,0.8695,8.51,4.55,-0.832,3.415,0,2,0.9029113247863247
VND_BETA,CABLE_R,2022-09-16,2022-09-21,435,386,9,0,8,0.7,0.4989,2.31,0.8805,7.93,5.56,-0.497,2.593,1,5,0.8873563218390804
VND_BETA,BATTERY_A,2021-09-21,2021-09-24,7219,6290,9,0,10,0.9,0.4894,2.781,0.8625,7.93,5.56,-0.497,2.593,1,3,0.8713118160410029
VND_ZETA,CASING_B,2022-04-10,2022-04-10,2718,2718,4,0,7,0.6,0.8974,0.472,0.9868,4.0,1.67,-0.484,0.326,0,0,1.0
VND_BETA,CASING_B,2021-09-24,2021-09-30,843,715,9,0,7,0.6,0.5415,3.161,0.8569,7.93,5.56,-0.497,2.593,0,6,0.8481613285883749
VND_ZETA,SWITCH_S,2021-08-17,2021-08-18,836,836,8,0,6,0.65,1.0,0.45,1.0,1.44,0.77,0.404,0.0,0,1,1.0
VND_DELTA,MOTOR_X,2023-06-03,2023-06-06,548,438,6,0,14,0.95,0.4551,4.372,0.7849,10.0,7.21,-1.0,4.359,1,3,0.7992700729927007
VND_ALPHA,SCREW_M4,2021-03-09,2021-03-09,6696,6696,3,0,5,0.4,0.8076,1.314,0.9853,2.73,2.14,-0.359,0.814,0,0,1.0
VND_DELTA,MOTOR_X,2021-09-01,2021-09-04,7642,4486,9,0,14,0.95,0.388,4.857,0.7317,10.0,8.25,-1.0,4.688,1,3,0.5870191049463491
VND_ALPHA,BLADE_X,2021-05-16,2021-05-17,2671,2656,5,0,12,0.85,0.8438,0.62,0.9235,2.19,1.91,-0.492,0.435,0,1,0.9943841257955822
VND_ALPHA,MOTOR_X,2021-09-11,2021-09-12,7737,7737,9,0,14,0.95,0.7898,1.203,1.0,3.19,0.54,0.027,0.512,0,1,1.0
VND_EPSILON,SCREW_M4,2022-02-14,2022-02-16,1713,1713,2,0,5,0.4,0.7043,1.944,0.9383,3.97,2.95,-0.443,1.143,1,2,1.0
VND_ALPHA,CABLE_R,2021-07-05,2021-07-07,1392,1155,7,0,8,0.7,0.8297,0.132,0.9814,2.66,1.71,-0.565,1.15,0,2,0.8297413793103449
VND_EPSILON,BLADE_X,2022-12-14,2022-12-18,3085,2844,12,1,12,0.85,0.777,1.954,0.9429,2.82,4.49,-0.659,1.941,0,4,0.9218800648298218
VND_EPSILON,CASING_B,2022-05-11,2022-05-13,4336,3605,5,0,7,0.6,0.7344,1.037,0.9338,5.37,6.65,-0.289,2.054,0,2,0.8314114391143912
VND_ALPHA,BATTERY_A,2021-01-29,2021-01-29,4532,4532,1,1,10,0.9,0.8628,0.998,0.9655,3.7,2.96,-0.026,1.609,0,0,1.0
VND_ZETA,SCREW_M4,2022-01-28,2022-01-28,2508,2345,1,1,5,0.4,0.9871,0.429,1.0,1.09,2.03,0.123,0.866,0,0,0.9350079744816587
VND_EPSILON,CASING_B,2021-01-09,2021-01-09,6142,5889,1,1,7,0.6,0.7085,1.687,0.9665,5.06,3.05,-0.408,1.754,1,0,0.9588082057961576
VND_BETA,BATTERY_A,2023-10-30,2023-10-31,7173,7004,10,0,10,0.9,0.5329,3.009,0.8642,7.34,4.7,-0.665,2.932,0,1,0.9764394256238673
VND_GAMMA,BEARING_01,2022-01-15,2022-01-15,3801,3447,1,1,11,0.8,0.9377,-0.087,1.0,1.85,2.16,0.022,0.306,1,0,0.9068666140489345
VND_BETA,BATTERY_A,2022-12-28,2022-12-28,3309,2918,12,1,10,0.9,0.5385,3.127,0.8844,7.45,6.37,-1.0,2.215,1,0,0.8818374131157449
VND_BETA,SWITCH_S,2023-11-20,2023-11-20,2064,2064,11,1,6,0.65,0.5264,2.752,0.8243,7.62,7.21,-0.911,3.187,1,0,1.0
VND_ALPHA,SWITCH_S,2022-10-06,2022-10-07,1212,1212,10,0,6,0.65,0.7569,0.895,0.938,3.41,0.0,-0.618,1.079,0,1,1.0
VND_ALPHA,BEARING_01,2023-12-01,2023-12-03,1313,1313,12,1,11,0.8,0.8391,0.633,0.949,1.72,2.38,-0.358,1.423,0,2,1.0
VND_GAMMA,BEARING_01,2022-08-14,2022-08-14,4764,4764,8,0,11,0.8,0.9383,0.811,1.0,2.14,2.59,-0.277,0.173,0,0,1.0
VND_ALPHA,MOTOR_X,2022-11-03,2022-11-04,4244,3711,11,1,14,0.95,0.9071,0.27,0.9378,3.94,3.27,-0.255,0.88,0,1,0.8744109330819981
VND_DELTA,BATTERY_A,2022-08-04,2022-08-06,3943,2210,8,0,10,0.9,0.4388,4.538,0.8167,10.0,7.14,-1.0,3.931,1,2,0.5604869388790261
VND_ZETA,BLADE_X,2023-06-29,2023-06-30,2050,2041,6,0,12,0.85,0.928,0.299,0.9737,0.95,0.58,-1.0,0.11,0,1,0.995609756097561
VND_GAMMA,SWITCH_S,2023-05-27,2023-05-28,1746,1715,5,0,6,0.65,0.9939,0.804,0.9916,1.61,2.86,-0.038,0.521,0,1,0.9822451317296678
VND_DELTA,BATTERY_A,2023-01-23,2023-02-01,1668,1274,1,1,10,0.9,0.3883,4.894,0.8147,10.0,9.08,-1.0,3.072,1,9,0.7637889688249401
VND_ZETA,MOTOR_X,2023-10-04,2023-10-04,5705,5157,10,0,14,0.95,0.9332,0.367,1.0,2.08,0.04,-0.007,0.366,0,0,0.9039439088518844
VND_DELTA,BATTERY_A,2023-06-17,2023-06-26,4481,3881,6,0,10,0.9,0.4009,4.321,0.7435,10.0,7.21,-1.0,4.359,1,9,0.866101316670386
VND_ALPHA,BATTERY_A,2021-10-21,2021-10-21,3434,2764,10,0,10,0.9,0.8394,1.203,0.9891,3.41,0.0,-0.618,1.079,1,0,0.8048922539312755
VND_ZETA,SWITCH_S,2021-07-28,2021-07-28,6273,5218,7,0,6,0.65,0.8655,0.403,0.9402,1.63,0.0,0.462,0.0,0,0,0.8318189064243584
VND_ALPHA,CASING_B,2023-01-15,2023-01-20,1830,1421,1,1,7,0.6,0.8312,0.708,0.9144,3.7,2.96,-0.026,1.609,0,5,0.7765027322404372
VND_BETA,CABLE_R,2023-04-08,2023-04-15,1205,1068,4,0,8,0.7,0.5973,3.003,0.9134,7.67,5.01,-1.0,2.322,0,7,0.8863070539419087
VND_DELTA,SCREW_M4,2023-10-20,2023-10-18,2481,2288,10,0,5,0.4,0.3551,3.718,0.7234,10.0,5.94,-1.0,3.793,1,-2,0.9222087867795243
VND_ZETA,BLADE_X,2023-03-31,2023-03-31,3117,2776,3,0,12,0.85,0.9048,-0.093,0.9929,3.65,1.04,-0.406,0.887,0,0,0.8905999358357395
VND_ZETA,BEARING_01,2023-04-09,2023-04-08,4169,3873,4,0,11,0.8,0.9788,0.41,0.984,4.0,1.67,-0.484,0.326,0,-1,0.9289997601343247
VND_BETA,BLADE_X,2023-07-21,2023-07-25,1085,1026,7,0,12,0.85,0.5197,3.049,0.9138,8.11,6.76,-1.0,3.129,1,4,0.9456221198156682
VND_GAMMA,BATTERY_A,2023-09-30,2023-09-30,4273,4273,9,0,10,0.9,1.0,0.104,1.0,1.65,0.0,-0.445,0.427,0,0,1.0
VND_ZETA,SCREW_M4,2021-10-03,2021-10-03,443,405,10,0,5,0.4,0.8961,1.098,0.9736,2.08,0.04,-0.007,0.366,0,0,0.9142212189616253
VND_ZETA,BATTERY_A,2021-04-19,2021-04-18,7001,5748,4,0,10,0.9,0.8773,0.741,1.0,4.0,1.67,-0.484,0.326,0,-1,0.821025567776032
VND_DELTA,BATTERY_A,2021-02-24,2021-02-26,1667,1361,2,0,10,0.9,0.3388,5.478,0.7981,10.0,7.1,-1.0,3.739,1,2,0.8164367126574685
VND_EPSILON,SWITCH_S,2022-11-01,2022-11-02,1451,1379,11,1,6,0.65,0.7514,1.141,0.9279,4.9,3.65,0.183,1.854,1,1,0.9503790489317712
VND_EPSILON,BLADE_X,2021-07-17,2021-07-17,6427,6053,7,0,12,0.85,0.7293,1.453,0.9267,4.08,2.56,-0.606,1.633,0,0,0.9418079975105026
VND_ZETA,BATTERY_A,2023-12-01,2023-12-01,6487,6487,12,1,10,0.9,0.8938,0.317,1.0,4.01,0.19,-0.074,0.755,0,0,1.0
VND_DELTA,BEARING_01,2022-02-18,2022-02-23,2604,1625,2,0,11,0.8,0.4059,5.09,0.7422,10.0,7.1,-1.0,3.739,1,5,0.6240399385560675
VND_DELTA,BEARING_01,2023-10-31,2023-11-03,2343,2082,10,0,11,0.8,0.3489,5.186,0.7728,10.0,5.94,-1.0,3.793,0,3,0.8886043533930857
VND_EPSILON,CABLE_R,2021-02-06,2021-02-07,6458,6458,2,0,8,0.7,0.6605,1.534,0.9279,3.97,2.95,-0.443,1.143,0,1,1.0
VND_DELTA,MOTOR_X,2021-09-01,2021-09-08,3342,2268,9,0,14,0.95,0.3725,5.658,0.7736,10.0,8.25,-1.0,4.688,1,7,0.6786355475763016
VND_GAMMA,BEARING_01,2023-02-10,2023-02-10,3825,3825,2,0,11,0.8,1.0,0.034,0.9471,0.13,0.0,-0.083,0.079,0,0,1.0
VND_ALPHA,BEARING_01,2021-03-09,2021-03-09,1648,1452,3,0,11,0.8,0.8047,0.307,0.8961,2.73,2.14,-0.359,0.814,0,0,0.8810679611650486
VND_ZETA,BLADE_X,2021-12-03,2021-12-02,4226,4226,12,1,12,0.85,0.9038,0.845,1.0,4.01,0.19,-0.074,0.755,0,-1,1.0
VND_BETA,SWITCH_S,2022-10-02,2022-10-06,6063,5528,10,0,6,0.65,0.595,2.828,0.8066,7.34,4.7,-0.665,2.932,0,4,0.9117598548573314
VND_DELTA,SWITCH_S,2021-08-13,2021-08-22,4860,3506,8,0,6,0.65,0.3054,4.196,0.8219,10.0,7.14,-1.0,3.931,0,9,0.7213991769547325
VND_ZETA,BEARING_01,2023-08-21,2023-08-20,4098,3486,8,0,11,0.8,0.9286,1.068,1.0,1.44,0.77,0.404,0.0,0,-1,0.8506588579795022
VND_EPSILON,CASING_B,2021-04-25,2021-04-28,3406,3406,4,0,7,0.6,0.6976,1.0,0.9215,3.47,1.86,-0.305,1.806,1,3,1.0
VND_DELTA,BLADE_X,2023-02-13,2023-02-22,5253,4374,2,0,12,0.85,0.4258,3.907,0.7835,10.0,7.1,-1.0,3.739,1,9,0.8326670474014849
VND_GAMMA,CABLE_R,2022-10-19,2022-10-20,703,703,10,0,8,0.7,0.9053,0.629,1.0,0.49,0.87,-0.256,1.02,0,1,1.0
VND_EPSILON,MOTOR_X,2021-04-03,2021-04-04,1250,1083,4,0,14,0.95,0.6969,1.569,1.0,3.47,1.86,-0.305,1.806,0,1,0.8664
VND_GAMMA,CABLE_R,2021-02-25,2021-02-25,6468,6468,2,0,8,0.7,1.0,0.342,1.0,0.13,0.0,-0.083,0.079,0,0,1.0
VND_DELTA,CABLE_R,2021-07-19,2021-07-20,3707,2758,7,0,8,0.7,0.388,4.356,0.791,10.0,6.05,-1.0,3.274,1,1,0.7439978419206906
VND_GAMMA,CABLE_R,2023-04-24,2023-04-22,3077,2988,4,0,8,0.7,0.9687,0.361,1.0,1.81,0.33,-0.556,0.389,0,-2,0.9710757231069224
VND_ZETA,MOTOR_X,2022-05-16,2022-05-17,2228,2228,5,0,14,0.95,0.9267,0.792,0.9077,3.15,0.0,0.105,0.83,0,1,1.0
VND_ZETA,SCREW_M4,2022-10-02,2022-10-02,5054,4501,10,0,5,0.4,0.9549,1.055,0.9748,2.08,0.04,-0.007,0.366,0,0,0.8905817174515236
VND_ZETA,BATTERY_A,2021-05-15,2021-05-14,7318,7318,5,0,10,0.9,0.9295,0.373,0.9814,3.15,0.0,0.105,0.83,0,-1,1.0
VND_ALPHA,BLADE_X,2022-11-23,2022-11-27,1590,1499,11,1,12,0.85,0.8363,0.655,0.9493,3.94,3.27,-0.255,0.88,0,4,0.9427672955974843
VND_EPSILON,MOTOR_X,2022-10-30,2022-10-29,506,454,10,0,14,0.95,0.7206,1.098,0.9399,4.13,3.48,-0.679,1.687,1,-1,0.8972332015810277
VND_ZETA,BEARING_01,2023-05-16,2023-05-16,4853,4790,5,0,11,0.8,0.9316,0.704,0.9764,3.15,0.0,0.105,0.83,0,0,0.9870183391716464
VND_GAMMA,SWITCH_S,2021-02-11,2021-02-11,5901,5901,2,0,6,0.65,0.9093,-0.625,0.972,0.13,0.0,-0.083,0.079,0,0,1.0
VND_EPSILON,BEARING_01,2021-02-15,2021-02-15,2792,2535,2,0,11,0.8,0.7168,1.612,0.8787,3.97,2.95,-0.443,1.143,0,0,0.9079512893982808
VND_EPSILON,SWITCH_S,2023-03-11,2023-03-14,2841,2478,3,0,6,0.65,0.8148,2.121,0.8799,5.21,3.36,-0.135,2.022,0,3,0.8722280887011615
VND_DELTA,BATTERY_A,2021-07-24,2021-07-30,5859,3579,7,0,10,0.9,0.3524,4.479,0.7776,10.0,6.05,-1.0,3.274,0,6,0.6108550947260625
VND_GAMMA,SCREW_M4,2023-10-15,2023-10-14,4318,4318,10,0,5,0.4,0.8825,0.469,0.9731,0.49,0.87,-0.256,1.02,0,-1,1.0
VND_BETA,CABLE_R,2022-09-06,2022-09-10,3176,2655,9,0,8,0.7,0.5786,2.924,0.884,7.93,5.56,-0.497,2.593,1,4,0.8359571788413098
VND_BETA,SWITCH_S,2023-10-15,2023-10-16,5405,4763,10,0,6,0.65,0.5283,2.31,0.893,7.34,4.7,-0.665,2.932,1,1,0.8812210915818687
VND_EPSILON,BATTERY_A,2022-03-15,2022-03-15,2554,2554,3,0,10,0.9,0.714,1.863,0.9187,5.21,3.36,-0.135,2.022,0,0,1.0
VND_ALPHA,BLADE_X,2022-09-01,2022-09-02,4898,4295,9,0,12,0.85,0.783,1.228,0.9859,3.19,0.54,0.027,0.512,1,1,0.8768885259289506
VND_BETA,SWITCH_S,2021-07-08,2021-07-09,6079,6079,7,0,6,0.65,0.5894,3.116,0.9036,8.11,6.76,-1.0,3.129,0,1,1.0
VND_EPSILON,BATTERY_A,2022-11-21,2022-11-23,2439,2272,11,1,10,0.9,0.6708,1.051,0.9541,4.9,3.65,0.183,1.854,1,2,0.931529315293153
VND_EPSILON,BATTERY_A,2023-12-24,2023-12-24,4093,3373,12,1,10,0.9,0.781,0.479,0.9179,2.82,4.49,-0.659,1.941,0,0,0.8240899096017591
VND_BETA,SWITCH_S,2022-12-13,2022-12-11,6717,6120,12,1,6,0.65,0.4975,2.579,0.8944,7.45,6.37,-1.0,2.215,1,-2,0.9111210361768647
VND_ZETA,BATTERY_A,2022-09-11,2022-09-11,4334,4334,9,0,10,0.9,0.9307,0.415,0.9439,3.04,0.65,-0.322,0.705,0,0,1.0
VND_DELTA,BLADE_X,2022-10-04,2022-10-05,1839,1500,10,0,12,0.85,0.3554,4.384,0.7702,10.0,5.94,-1.0,3.793,1,1,0.8156606851549756
VND_DELTA,SWITCH_S,2022-05-30,2022-06-04,5319,2828,5,0,6,0.65,0.3905,3.92,0.741,9.38,7.59,-0.912,3.272,1,5,0.5316788870088363
VND_ZETA,BEARING_01,2022-01-05,2022-01-05,7416,7416,1,1,11,0.8,0.9123,1.253,1.0,1.09,2.03,0.123,0.866,0,0,1.0
VND_ZETA,MOTOR_X,2023-11-24,2023-11-23,7267,6939,11,1,14,0.95,0.8291,0.28,0.9993,1.99,2.8,0.448,0.025,0,-1,0.9548644557589101
VND_EPSILON,CASING_B,2023-10-20,2023-10-22,1944,1944,10,0,7,0.6,0.7345,1.517,0.9091,4.13,3.48,-0.679,1.687,0,2,1.0
VND_GAMMA,BEARING_01,2023-12-28,2023-12-28,6826,5886,12,1,11,0.8,0.9338,-0.079,1.0,1.78,3.21,-0.462,0.474,0,0,0.8622912393788456
VND_EPSILON,SWITCH_S,2021-05-03,2021-05-03,4478,3789,5,0,6,0.65,0.7265,0.624,0.9077,5.37,6.65,-0.289,2.054,0,0,0.8461366681554265
VND_GAMMA,SCREW_M4,2023-08-06,2023-08-06,1410,1390,8,0,5,0.4,0.9506,0.372,1.0,2.14,2.59,-0.277,0.173,0,0,0.9858156028368794
VND_BETA,SCREW_M4,2022-09-07,2022-09-09,7115,6583,9,0,5,0.4,0.5292,3.123,0.8607,7.93,5.56,-0.497,2.593,1,2,0.9252283907238229
VND_DELTA,SWITCH_S,2022-10-15,2022-10-19,7246,5247,10,0,6,0.65,0.4047,4.209,0.7891,10.0,5.94,-1.0,3.793,1,4,0.7241236544300304
VND_ZETA,BATTERY_A,2022-02-21,2022-02-21,7130,7130,2,0,10,0.9,0.9088,0.955,1.0,0.68,0.31,-0.17,0.259,0,0,1.0
VND_GAMMA,SWITCH_S,2022-08-11,2022-08-10,5492,5492,8,0,6,0.65,0.8939,0.68,1.0,2.14,2.59,-0.277,0.173,0,-1,1.0
VND_GAMMA,CASING_B,2022-04-29,2022-04-28,3524,2989,4,0,7,0.6,1.0,0.031,1.0,1.81,0.33,-0.556,0.389,0,-1,0.8481838819523269
VND_ALPHA,SCREW_M4,2021-11-04,2021-11-08,1772,1534,11,1,5,0.4,0.8331,0.959,0.9571,3.94,3.27,-0.255,0.88,0,4,0.8656884875846501
VND_BETA,MOTOR_X,2022-09-28,2022-10-02,4002,3826,9,0,14,0.95,0.5927,2.93,0.8976,7.93,5.56,-0.497,2.593,0,4,0.9560219890054973
VND_EPSILON,BEARING_01,2023-06-13,2023-06-16,3657,3252,6,0,11,0.8,0.773,1.944,0.9625,5.8,3.45,-0.555,1.904,1,3,0.889253486464315
VND_BETA,MOTOR_X,2021-11-23,2021-11-24,2434,2263,11,1,14,0.95,0.4992,2.179,0.8764,7.62,7.21,-0.911,3.187,1,1,0.9297452752670501
VND_ALPHA,CASING_B,2022-06-14,2022-06-14,6668,6529,6,0,7,0.6,0.8469,1.065,0.9704,4.67,1.37,-0.2,0.43,0,0,0.9791541691661668
VND_ZETA,BLADE_X,2021-12-27,2021-12-27,5478,5478,12,1,12,0.85,0.8985,0.955,0.9927,4.01,0.19,-0.074,0.755,0,0,1.0
VND_ZETA,MOTOR_X,2023-09-23,2023-09-23,6608,5601,9,0,14,0.95,0.8882,0.582,0.9797,3.04,0.65,-0.322,0.705,0,0,0.8476089588377724
VND_ALPHA,MOTOR_X,2021-06-21,2021-06-22,2771,2692,6,0,14,0.95,0.8466,1.096,1.0,4.67,1.37,-0.2,0.43,1,1,0.9714904366654638
VND_ALPHA,BLADE_X,2023-04-14,2023-04-14,7546,7205,4,0,12,0.85,0.7878,1.623,0.9837,3.44,0.0,-0.737,0.775,0,0,0.9548104956268222
VND_ZETA,CABLE_R,2021-07-04,2021-07-05,3451,2931,7,0,8,0.7,0.944,1.288,0.9748,1.63,0.0,0.462,0.0,0,1,0.8493190379600116
VND_BETA,CASING_B,2021-08-18,2021-08-24,4877,4033,8,0,7,0.6,0.5784,2.865,0.8309,8.24,4.9,-0.912,2.005,0,6,0.8269427927004306
VND_EPSILON,BATTERY_A,2023-12-12,2023-12-12,2262,2080,12,1,10,0.9,0.7296,1.005,0.9183,2.82,4.49,-0.659,1.941,1,0,0.9195402298850575
VND_ALPHA,BEARING_01,2022-05-03,2022-05-03,5113,5113,5,0,11,0.8,0.8244,0.869,0.9748,2.19,1.91,-0.492,0.435,1,0,1.0
VND_GAMMA,BATTERY_A,2022-11-06,2022-11-07,7018,7018,11,1,10,0.9,0.9434,-0.178,1.0,0.77,1.58,0.264,0.0,0,1,1.0
VND_ZETA,SWITCH_S,2022-04-29,2022-04-30,7863,7650,4,0,6,0.65,0.9414,0.277,1.0,4.0,1.67,-0.484,0.326,1,1,0.972911102632583
VND_BETA,SWITCH_S,2021-10-23,2021-10-24,1075,764,10,0,6,0.65,0.5088,2.855,0.9222,7.34,4.7,-0.665,2.932,0,1,0.7106976744186047
VND_BETA,CASING_B,2022-07-17,2022-07-17,3800,3467,7,0,7,0.6,0.5347,2.974,0.8787,8.11,6.76,-1.0,3.129,0,0,0.9123684210526316
VND_GAMMA,SWITCH_S,2021-04-25,2021-04-25,4217,3812,4,0,6,0.65,0.9038,0.736,0.965,1.81,0.33,-0.556,0.389,0,0,0.9039601612520749
VND_ZETA,CABLE_R,2021-08-20,2021-08-20,2792,2792,8,0,8,0.7,0.9729,0.726,0.9707,1.44,0.77,0.404,0.0,0,0,1.0
VND_DELTA,SWITCH_S,2022-05-20,2022-05-20,2475,1606,5,0,6,0.65,0.3355,4.084,0.7905,9.38,7.59,-0.912,3.272,1,0,0.6488888888888888
VND_GAMMA,CASING_B,2023-09-01,2023-09-01,6062,6062,9,0,7,0.6,0.9236,0.368,0.9775,1.65,0.0,-0.445,0.427,0,0,1.0
VND_GAMMA,CABLE_R,2021-02-13,2021-02-14,5487,5460,2,0,8,0.7,0.9619,0.134,1.0,0.13,0.0,-0.083,0.079,0,1,0.9950792782941498
VND_ZETA,MOTOR_X,2021-04-22,2021-04-22,5858,5782,4,0,14,0.95,1.0,0.548,0.9189,4.0,1.67,-0.484,0.326,0,0,0.9870262888357801
VND_GAMMA,SCREW_M4,2023-02-27,2023-02-27,2733,2561,2,0,5,0.4,0.8769,0.667,0.9314,0.13,0.0,-0.083,0.079,0,0,0.9370654957921698
VND_ZETA,CABLE_R,2021-09-07,2021-09-07,4581,4581,9,0,8,0.7,0.9258,-0.158,0.9954,3.04,0.65,-0.322,0.705,0,0,1.0
VND_DELTA,SCREW_M4,2023-03-07,2023-03-18,264,192,3,0,5,0.4,0.4253,4.842,0.7539,9.67,7.03,-1.0,3.314,1,11,0.7272727272727273
VND_GAMMA,SWITCH_S,2022-09-09,2022-09-09,939,939,9,0,6,0.65,0.9783,0.503,0.9702,1.65,0.0,-0.445,0.427,0,0,1.0
VND_GAMMA,SCREW_M4,2022-03-07,2022-03-07,7240,7240,3,0,5,0.4,0.9358,0.542,0.9919,1.39,0.8,0.586,0.47,0,0,1.0
VND_DELTA,CASING_B,2022-10-12,2022-10-12,7404,6014,10,0,7,0.6,0.4392,4.804,0.795,10.0,5.94,-1.0,3.793,0,0,0.8122636412749865
VND_ALPHA,SWITCH_S,2022-07-16,2022-07-18,7297,6861,7,0,6,0.65,0.7959,0.994,1.0,2.66,1.71,-0.565,1.15,0,2,0.9402494175688639
VND_DELTA,BATTERY_A,2023-08-23,2023-08-21,6237,5477,8,0,10,0.9,0.4288,4.327,0.7589,10.0,7.14,-1.0,3.931,1,-2,0.8781465448132115
VND_GAMMA,SWITCH_S,2023-05-16,2023-05-16,7382,6643,5,0,6,0.65,1.0,0.372,1.0,1.61,2.86,-0.038,0.521,0,0,0.8998916282850176
VND_BETA,BATTERY_A,2022-06-19,2022-06-20,4347,4336,6,0,10,0.9,0.4957,2.763,0.909,8.51,4.55,-0.832,3.415,0,1,0.9974695192086497
VND_GAMMA,BATTERY_A,2023-05-12,2023-05-12,5132,4957,5,0,10,0.9,1.0,0.044,0.9232,1.61,2.86,-0.038,0.521,0,0,0.965900233826968
VND_DELTA,CABLE_R,2021-02-26,2021-03-06,6442,4737,2,0,8,0.7,0.3365,4.541,0.7895,10.0,7.1,-1.0,3.739,1,8,0.7353306426575598
VND_ZETA,MOTOR_X,2022-01-12,2022-01-13,5362,4841,1,1,14,0.95,0.9312,0.668,0.9876,1.09,2.03,0.123,0.866,0,1,0.9028347631480791
VND_ZETA,BEARING_01,2021-10-06,2021-10-07,225,215,10,0,11,0.8,0.967,-0.119,1.0,2.08,0.04,-0.007,0.366,0,1,0.9555555555555556
VND_BETA,SWITCH_S,2022-09-18,2022-09-22,2770,2387,9,0,6,0.65,0.5464,3.143,0.9056,7.93,5.56,-0.497,2.593,0,4,0.8617328519855596
VND_ALPHA,BATTERY_A,2021-11-20,2021-11-20,2244,2244,11,1,10,0.9,0.7421,0.964,0.9934,3.94,3.27,-0.255,0.88,1,0,1.0
VND_EPSILON,CASING_B,2023-04-21,2023-04-21,6693,6259,4,0,7,0.6,0.7659,1.761,0.9116,3.47,1.86,-0.305,1.806,0,0,0.9351561332735694
VND_DELTA,CABLE_R,2023-09-07,2023-09-08,7355,5163,9,0,8,0.7,0.2992,4.568,0.7652,10.0,8.25,-1.0,4.688,0,1,0.7019714479945616
VND_GAMMA,CASING_B,2021-12-22,2021-12-21,5831,5831,12,1,7,0.6,0.9575,0.11,0.977,1.78,3.21,-0.462,0.474,0,-1,1.0
VND_GAMMA,CABLE_R,2022-02-11,2022-02-13,891,845,2,0,8,0.7,0.9762,0.608,0.9858,0.13,0.0,-0.083,0.079,0,2,0.9483726150392817
VND_GAMMA,SWITCH_S,2022-01-08,2022-01-09,3423,3094,1,1,6,0.65,0.9551,-0.071,0.9699,1.85,2.16,0.022,0.306,0,1,0.9038854805725971
VND_EPSILON,SWITCH_S,2022-04-05,2022-04-08,369,369,4,0,6,0.65,0.7691,2.008,0.9197,3.47,1.86,-0.305,1.806,0,3,1.0
VND_EPSILON,MOTOR_X,2022-04-14,2022-04-14,7628,7415,4,0,14,0.95,0.7566,1.265,0.8969,3.47,1.86,-0.305,1.806,1,0,0.9720765600419508
VND_DELTA,BATTERY_A,2022-02-11,2022-02-20,2344,1888,2,0,10,0.9,0.3465,4.228,0.7905,10.0,7.1,-1.0,3.739,1,9,0.8054607508532423
VND_ALPHA,CASING_B,2023-04-02,2023-04-04,5262,5262,4,0,7,0.6,0.8885,0.639,0.9877,3.44,0.0,-0.737,0.775,0,2,1.0
VND_EPSILON,SWITCH_S,2022-06-17,2022-06-17,1422,1416,6,0,6,0.65,0.8031,1.667,0.9651,5.8,3.45,-0.555,1.904,1,0,0.9957805907172996
VND_GAMMA,BATTERY_A,2021-12-15,2021-12-15,7959,7687,12,1,10,0.9,1.0,0.695,0.9421,1.78,3.21,-0.462,0.474,0,0,0.965824852368388
VND_ALPHA,BATTERY_A,2023-12-13,2023-12-13,3764,2808,12,1,10,0.9,0.8054,0.971,0.9335,1.72,2.38,-0.358,1.423,1,0,0.7460148777895855
VND_ZETA,BEARING_01,2023-10-10,2023-10-10,1170,1120,10,0,11,0.8,0.9947,0.765,0.9751,2.08,0.04,-0.007,0.366,0,0,0.9572649572649573
VND_ZETA,SCREW_M4,2022-02-21,2022-02-22,1760,1760,2,0,5,0.4,0.9147,0.269,0.9582,0.68,0.31,-0.17,0.259,0,1,1.0
VND_GAMMA,BLADE_X,2023-10-10,2023-10-11,3329,3116,10,0,12,0.85,0.892,-0.292,0.9624,0.49,0.87,-0.256,1.02,0,1,0.9360168218684289
VND_DELTA,CASING_B,2022-02-28,2022-02-26,5115,3849,2,0,7,0.6,0.417,4.727,0.7551,10.0,7.1,-1.0,3.739,1,-2,0.7524926686217008
VND_GAMMA,SCREW_M4,2022-01-23,2022-01-23,3626,3626,1,1,5,0.4,0.9275,-0.1,1.0,1.85,2.16,0.022,0.306,0,0,1.0
VND_DELTA,CASING_B,2021-10-26,2021-11-02,435,270,10,0,7,0.6,0.3699,4.733,0.7922,10.0,5.94,-1.0,3.793,0,7,0.6206896551724138
VND_GAMMA,BLADE_X,2022-04-28,2022-04-29,5260,5067,4,0,12,0.85,0.9328,0.432,1.0,1.81,0.33,-0.556,0.389,0,1,0.9633079847908745
VND_BETA,BEARING_01,2023-01-28,2023-02-01,4975,3578,1,1,11,0.8,0.5682,3.109,0.8777,8.49,4.94,-0.843,2.646,1,4,0.7191959798994975
VND_ALPHA,BEARING_01,2021-01-22,2021-01-27,4041,3797,1,1,11,0.8,0.7815,0.233,0.9123,3.7,2.96,-0.026,1.609,0,5,0.9396189062113338
VND_GAMMA,CASING_B,2023-03-26,2023-03-27,5826,5826,3,0,7,0.6,1.0,-0.01,0.9691,1.39,0.8,0.586,0.47,0,1,1.0
VND_ZETA,SCREW_M4,2023-02-25,2023-02-25,6003,5867,2,0,5,0.4,0.9039,0.11,1.0,0.68,0.31,-0.17,0.259,0,0,0.9773446610028319
VND_ZETA,SWITCH_S,2022-06-09,2022-06-10,798,798,6,0,6,0.65,0.922,0.673,0.9118,0.95,0.58,-1.0,0.11,0,1,1.0
VND_EPSILON,BATTERY_A,2021-05-01,2021-05-02,626,539,5,0,10,0.9,0.7785,0.734,0.8872,5.37,6.65,-0.289,2.054,1,1,0.8610223642172524
VND_BETA,CABLE_R,2023-08-23,2023-08-26,7640,7129,8,0,8,0.7,0.6105,2.738,0.8638,8.24,4.9,-0.912,2.005,1,3,0.9331151832460733
VND_EPSILON,CABLE_R,2021-04-04,2021-04-05,243,224,4,0,8,0.7,0.7083,1.287,0.9578,3.47,1.86,-0.305,1.806,0,1,0.9218106995884774
VND_EPSILON,BLADE_X,2023-02-20,2023-02-20,2678,2678,2,0,12,0.85,0.7172,1.257,0.9085,3.97,2.95,-0.443,1.143,0,0,1.0
VND_ZETA,SWITCH_S,2023-01-30,2023-01-30,1283,1283,1,1,6,0.65,0.885,0.777,1.0,1.09,2.03,0.123,0.866,0,0,1.0
VND_EPSILON,MOTOR_X,2022-01-03,2022-01-03,2332,2117,1,1,14,0.95,0.7424,1.415,0.9369,5.06,3.05,-0.408,1.754,0,0,0.9078044596912521
VND_EPSILON,CASING_B,2023-10-07,2023-10-09,7821,6501,10,0,7,0.6,0.7632,2.147,0.8941,4.13,3.48,-0.679,1.687,0,2,0.8312236286919831
VND_DELTA,CABLE_R,2021-09-28,2021-09-29,934,621,9,0,8,0.7,0.3928,4.456,0.7641,10.0,8.25,-1.0,4.688,1,1,0.6648822269807281
VND_ZETA,CABLE_R,2023-12-23,2023-12-25,3746,3535,12,1,8,0.7,0.9449,0.175,0.9435,4.01,0.19,-0.074,0.755,0,2,0.9436732514682328
VND_GAMMA,CASING_B,2021-08-28,2021-08-27,2766,2726,8,0,7,0.6,0.8885,1.174,0.961,2.14,2.59,-0.277,0.173,0,-1,0.9855386840202458
VND_BETA,MOTOR_X,2023-10-20,2023-10-22,7340,6188,10,0,14,0.95,0.5385,2.855,0.8631,7.34,4.7,-0.665,2.932,0,2,0.8430517711171662
VND_ZETA,BLADE_X,2023-01-09,2023-01-11,7787,6914,1,1,12,0.85,0.9427,0.462,0.9905,1.09,2.03,0.123,0.866,0,2,0.8878900731989213
VND_GAMMA,SWITCH_S,2022-06-24,2022-06-25,5221,4736,6,0,6,0.65,0.9079,-0.347,1.0,1.52,0.0,0.363,0.701,0,1,0.9071059184064355
VND_EPSILON,BLADE_X,2022-10-04,2022-10-04,3769,3769,10,0,12,0.85,0.6875,1.446,0.9388,4.13,3.48,-0.679,1.687,1,0,1.0
VND_GAMMA,CASING_B,2023-10-04,2023-10-05,6456,6456,10,0,7,0.6,0.9497,0.373,1.0,0.49,0.87,-0.256,1.02,0,1,1.0
VND_EPSILON,CASING_B,2023-06-21,2023-06-21,635,510,6,0,7,0.6,0.7343,1.283,0.9576,5.8,3.45,-0.555,1.904,0,0,0.8031496062992126
VND_BETA,SCREW_M4,2021-04-22,2021-04-26,2083,1598,4,0,5,0.4,0.5412,2.419,0.8936,7.67,5.01,-1.0,2.322,0,4,0.7671627460393663
VND_ALPHA,CASING_B,2023-08-22,2023-08-22,2331,2036,8,0,7,0.6,0.8145,1.468,0.9598,2.6,1.31,-0.401,1.741,0,0,0.8734448734448734
VND_ZETA,CASING_B,2023-08-15,2023-08-15,3775,3713,8,0,7,0.6,0.9392,0.568,0.9319,1.44,0.77,0.404,0.0,0,0,0.9835761589403974
VND_DELTA,BATTERY_A,2021-03-25,2021-03-28,3816,3219,3,0,10,0.9,0.3737,4.476,0.7846,9.67,7.03,-1.0,3.314,1,3,0.8435534591194969
VND_ZETA,CABLE_R,2023-09-21,2023-09-24,3949,3178,9,0,8,0.7,0.9312,0.625,0.9584,3.04,0.65,-0.322,0.705,0,3,0.8047606989111168
VND_ALPHA,BEARING_01,2021-10-31,2021-10-31,1212,1212,10,0,11,0.8,0.8501,1.008,0.96,3.41,0.0,-0.618,1.079,1,0,1.0
VND_ALPHA,CABLE_R,2022-02-22,2022-02-22,7312,5993,2,0,8,0.7,0.8452,1.653,0.9322,2.97,1.37,0.254,1.307,1,0,0.8196115973741794
VND_BETA,BLADE_X,2021-12-11,2021-12-11,6343,5172,12,1,12,0.85,0.5156,2.51,0.8703,7.45,6.37,-1.0,2.215,0,0,0.8153870408324136
VND_EPSILON,BLADE_X,2022-03-11,2022-03-11,4980,4475,3,0,12,0.85,0.7128,1.804,0.9502,5.21,3.36,-0.135,2.022,0,0,0.8985943775100401
VND_EPSILON,MOTOR_X,2022-01-05,2022-01-06,3611,3611,1,1,14,0.95,0.7503,0.864,0.9457,5.06,3.05,-0.408,1.754,1,1,1.0
VND_BETA,BATTERY_A,2023-10-18,2023-10-22,5745,4923,10,0,10,0.9,0.5484,2.638,0.9057,7.34,4.7,-0.665,2.932,1,4,0.8569190600522193
VND_GAMMA,BATTERY_A,2021-02-23,2021-02-23,2528,2450,2,0,10,0.9,0.9333,0.267,0.9569,0.13,0.0,-0.083,0.079,0,0,0.9691455696202531
VND_DELTA,BATTERY_A,2023-02-05,2023-02-07,5036,3801,2,0,10,0.9,0.4207,4.749,0.7226,10.0,7.1,-1.0,3.739,1,2,0.7547656870532169
VND_GAMMA,BATTERY_A,2021-11-11,2021-11-11,436,367,11,1,10,0.9,0.9804,-0.145,1.0,0.77,1.58,0.264,0.0,1,0,0.841743119266055
VND_DELTA,BATTERY_A,2023-09-10,2023-09-14,3919,2902,9,0,10,0.9,0.349,4.151,0.7565,10.0,8.25,-1.0,4.688,1,4,0.7404950242408778
VND_EPSILON,BLADE_X,2021-01-12,2021-01-13,2898,2898,1,1,12,0.85,0.702,1.524,0.9726,5.06,3.05,-0.408,1.754,1,1,1.0
VND_ZETA,MOTOR_X,2023-07-17,2023-07-17,2861,2861,7,0,14,0.95,0.8817,0.674,0.9166,1.63,0.0,0.462,0.0,0,0,1.0
VND_BETA,CASING_B,2021-04-10,2021-04-16,6766,5479,4,0,7,0.6,0.5508,3.101,0.9035,7.67,5.01,-1.0,2.322,1,6,0.8097842151936151
VND_GAMMA,BLADE_X,2021-04-24,2021-04-24,6293,6022,4,0,12,0.85,0.9655,0.48,0.9608,1.81,0.33,-0.556,0.389,0,0,0.9569362784045765
VND_EPSILON,BATTERY_A,2023-02-21,2023-02-23,958,957,2,0,10,0.9,0.648,1.624,0.9366,3.97,2.95,-0.443,1.143,0,2,0.9989561586638831
VND_GAMMA,SWITCH_S,2021-12-31,2022-01-02,2166,2166,12,1,6,0.65,0.9461,0.573,0.9934,1.78,3.21,-0.462,0.474,0,2,1.0
VND_ALPHA,SWITCH_S,2021-02-12,2021-02-16,7182,7182,2,0,6,0.65,0.836,1.097,0.9455,2.97,1.37,0.254,1.307,1,4,1.0
VND_BETA,SCREW_M4,2023-03-07,2023-03-09,6585,5708,3,0,5,0.4,0.4892,2.814,0.8585,7.31,4.89,-0.841,3.19,1,2,0.8668185269552012
VND_GAMMA,SWITCH_S,2021-11-12,2021-11-12,1187,1140,11,1,6,0.65,0.9588,-0.273,1.0,0.77,1.58,0.264,0.0,0,0,0.9604043807919124
VND_DELTA,BLADE_X,2023-06-05,2023-06-09,6228,5528,6,0,12,0.85,0.3698,5.26,0.7715,10.0,7.21,-1.0,4.359,1,4,0.8876043673731535
VND_ZETA,BLADE_X,2021-09-26,2021-09-27,3141,2979,9,0,12,0.85,0.872,0.32,0.9729,3.04,0.65,-0.322,0.705,0,1,0.9484240687679083
VND_GAMMA,BATTERY_A,2023-11-16,2023-11-17,1837,1468,11,1,10,0.9,0.9852,0.44,1.0,0.77,1.58,0.264,0.0,0,1,0.799129014697877
VND_DELTA,BEARING_01,2023-03-06,2023-03-15,4102,2665,3,0,11,0.8,0.4404,4.653,0.7748,9.67,7.03,-1.0,3.314,1,9,0.6496830814236958
VND_EPSILON,BLADE_X,2023-05-17,2023-05-21,939,925,5,0,12,0.85,0.7491,1.221,0.9675,5.37,6.65,-0.289,2.054,1,4,0.9850905218317358
VND_GAMMA,SWITCH_S,2022-01-17,2022-01-17,3756,3700,1,1,6,0.65,0.9139,0.167,0.979,1.85,2.16,0.022,0.306,0,0,0.9850905218317358
VND_ALPHA,SWITCH_S,2021-03-24,2021-03-24,4405,4040,3,0,6,0.65,0.8286,0.961,0.9545,2.73,2.14,-0.359,0.814,0,0,0.9171396140749148
VND_DELTA,CABLE_R,2022-04-05,2022-04-09,5505,4302,4,0,8,0.7,0.3676,4.431,0.7224,10.0,7.27,-1.0,3.863,1,4,0.7814713896457766
VND_DELTA,CASING_B,2023-12-16,2023-12-23,5357,4245,12,1,7,0.6,0.4277,4.639,0.7966,9.5,6.79,-1.0,3.943,1,7,0.7924211312301661
VND_GAMMA,BATTERY_A,2023-08-17,2023-08-18,3782,3219,8,0,10,0.9,0.9143,0.935,0.9162,2.14,2.59,-0.277,0.173,0,1,0.8511369645690111
VND_DELTA,BATTERY_A,2022-09-08,2022-09-12,1417,1140,9,0,10,0.9,0.4185,4.522,0.7521,10.0,8.25,-1.0,4.688,1,4,0.8045165843330981
VND_ZETA,CASING_B,2022-09-08,2022-09-08,7093,7093,9,0,7,0.6,0.9869,0.347,0.9384,3.04,0.65,-0.322,0.705,0,0,1.0
VND_EPSILON,SCREW_M4,2023-05-26,2023-05-26,2620,2141,5,0,5,0.4,0.6898,1.753,0.9147,5.37,6.65,-0.289,2.054,1,0,0.817175572519084
VND_EPSILON,MOTOR_X,2021-06-06,2021-06-06,7714,6268,6,0,14,0.95,0.8614,1.813,0.922,5.8,3.45,-0.555,1.904,1,0,0.8125486129115893
VND_EPSILON,MOTOR_X,2021-08-09,2021-08-12,4383,4383,8,0,14,0.95,0.7147,0.446,0.9033,7.16,0.93,-0.254,0.955,0,3,1.0
VND_DELTA,SWITCH_S,2021-07-13,2021-07-13,4006,3009,7,0,6,0.65,0.3415,4.479,0.7906,10.0,6.05,-1.0,3.274,1,0,0.7511233150274588
VND_GAMMA,BLADE_X,2022-06-06,2022-06-07,4996,4996,6,0,12,0.85,1.0,0.58,0.9397,1.52,0.0,0.363,0.701,0,1,1.0
VND_EPSILON,BATTERY_A,2021-02-03,2021-02-03,1133,1035,2,0,10,0.9,0.6992,1.248,0.9982,3.97,2.95,-0.443,1.143,0,0,0.913503971756399
VND_BETA,BEARING_01,2022-01-09,2022-01-14,7105,5432,1,1,11,0.8,0.4755,2.764,0.9179,8.49,4.94,-0.843,2.646,0,5,0.7645320197044335
VND_ALPHA,SWITCH_S,2021-06-20,2021-06-24,3609,3211,6,0,6,0.65,0.8258,0.829,0.917,4.67,1.37,-0.2,0.43,0,4,0.8897201440842338
VND_GAMMA,BLADE_X,2023-07-21,2023-07-23,6404,6404,7,0,12,0.85,0.944,0.257,1.0,2.34,0.0,0.441,0.0,0,2,1.0
VND_EPSILON,BEARING_01,2022-06-27,2022-06-29,2996,2568,6,0,11,0.8,0.7535,1.392,0.9648,5.8,3.45,-0.555,1.904,0,2,0.8571428571428571
VND_BETA,CASING_B,2022-01-15,2022-01-22,840,840,1,1,7,0.6,0.5629,2.863,0.864,8.49,4.94,-0.843,2.646,1,7,1.0
VND_ZETA,BLADE_X,2021-08-06,2021-08-07,3753,3753,8,0,12,0.85,0.9238,0.528,0.9474,1.44,0.77,0.404,0.0,1,1,1.0
VND_ALPHA,MOTOR_X,2023-03-20,2023-03-23,1155,1108,3,0,14,0.95,0.7819,0.269,0.9373,2.73,2.14,-0.359,0.814,0,3,0.9593073593073593
VND_BETA,MOTOR_X,2023-09-05,2023-09-08,3969,3254,9,0,14,0.95,0.5352,3.178,0.8859,7.93,5.56,-0.497,2.593,1,3,0.8198538674729151
VND_ZETA,SWITCH_S,2023-09-24,2023-09-22,2680,2547,9,0,6,0.65,0.9424,0.79,0.95,3.04,0.65,-0.322,0.705,0,-2,0.9503731343283582
VND_ZETA,CABLE_R,2023-03-20,2023-03-22,6791,6450,3,0,8,0.7,1.0,0.41,0.9511,3.65,1.04,-0.406,0.887,0,2,0.9497864821086732
VND_ALPHA,BLADE_X,2021-09-14,2021-09-14,1306,1016,9,0,12,0.85,0.775,1.484,0.9929,3.19,0.54,0.027,0.512,0,0,0.777947932618683
VND_BETA,MOTOR_X,2021-08-18,2021-08-18,6884,4994,8,0,14,0.95,0.5416,2.672,0.8683,8.24,4.9,-0.912,2.005,1,0,0.7254503195816386
VND_ZETA,MOTOR_X,2022-01-21,2022-01-21,7237,6790,1,1,14,0.95,0.9984,-0.095,0.9918,1.09,2.03,0.123,0.866,0,0,0.9382340748929114
VND_BETA,MOTOR_X,2023-09-13,2023-09-16,5513,5117,9,0,14,0.95,0.5049,3.305,0.9229,7.93,5.56,-0.497,2.593,0,3,0.9281697805187739
VND_ZETA,CASING_B,2022-05-11,2022-05-11,3769,3769,5,0,7,0.6,0.9519,0.206,0.9634,3.15,0.0,0.105,0.83,0,0,1.0
VND_ALPHA,SCREW_M4,2022-09-09,2022-09-10,6505,5615,9,0,5,0.4,0.8576,0.732,0.9552,3.19,0.54,0.027,0.512,0,1,0.8631821675634127
VND_BETA,BEARING_01,2023-08-29,2023-09-04,3656,3092,8,0,11,0.8,0.5541,3.011,0.8646,8.24,4.9,-0.912,2.005,0,6,0.8457330415754923
VND_ALPHA,MOTOR_X,2021-12-07,2021-12-07,7592,6508,12,1,14,0.95,0.8313,0.927,1.0,1.72,2.38,-0.358,1.423,0,0,0.857218124341412
VND_ZETA,CASING_B,2023-07-01,2023-07-01,4173,3593,7,0,7,0.6,0.992,0.88,0.9371,1.63,0.0,0.462,0.0,0,0,0.8610112628804217
VND_ALPHA,BEARING_01,2023-07-10,2023-07-10,4994,4591,7,0,11,0.8,0.7732,0.275,0.9816,2.66,1.71,-0.565,1.15,0,0,0.9193031637965559
VND_BETA,SCREW_M4,2022-08-27,2022-08-30,4864,3969,8,0,5,0.4,0.5257,1.68,0.8827,8.24,4.9,-0.912,2.005,0,3,0.8159950657894737
VND_ALPHA,SWITCH_S,2022-11-15,2022-11-17,264,219,11,1,6,0.65,0.8124,1.117,0.9698,3.94,3.27,-0.255,0.88,0,2,0.8295454545454546
VND_ZETA,BATTERY_A,2023-06-04,2023-06-04,3605,3605,6,0,10,0.9,0.9594,0.482,0.998,0.95,0.58,-1.0,0.11,1,0,1.0
VND_ZETA,BEARING_01,2022-08-19,2022-08-18,503,434,8,0,11,0.8,0.8414,0.727,1.0,1.44,0.77,0.404,0.0,0,-1,0.8628230616302187
VND_DELTA,BEARING_01,2023-09-23,2023-09-30,4405,2532,9,0,11,0.8,0.3941,4.516,0.7607,10.0,8.25,-1.0,4.688,1,7,0.5748013620885357
VND_BETA,BEARING_01,2021-05-05,2021-05-08,4527,3895,5,0,11,0.8,0.5648,2.805,0.8836,8.96,6.56,-0.962,3.201,1,3,0.8603931963772918
VND_DELTA,MOTOR_X,2022-10-09,2022-10-11,4732,3472,10,0,14,0.95,0.4206,4.757,0.7571,10.0,5.94,-1.0,3.793,1,2,0.7337278106508875
VND_GAMMA,BATTERY_A,2023-05-05,2023-05-05,7483,7285,5,0,10,0.9,0.9001,0.614,0.9704,1.61,2.86,-0.038,0.521,0,0,0.9735400240545236
VND_ALPHA,BEARING_01,2023-10-11,2023-10-11,5301,4854,10,0,11,0.8,0.8794,0.671,0.9552,3.41,0.0,-0.618,1.079,0,0,0.9156762874929258
VND_DELTA,CABLE_R,2023-06-13,2023-06-17,370,245,6,0,8,0.7,0.4059,4.517,0.775,10.0,7.21,-1.0,4.359,1,4,0.6621621621621622
VND_GAMMA,CASING_B,2022-01-29,2022-01-29,4044,4044,1,1,7,0.6,0.9519,-0.169,1.0,1.85,2.16,0.022,0.306,0,0,1.0
VND_DELTA,CABLE_R,2022-04-21,2022-04-22,4358,2939,4,0,8,0.7,0.3346,4.662,0.7544,10.0,7.27,-1.0,3.863,1,1,0.674391922900413
VND_EPSILON,SCREW_M4,2022-11-26,2022-11-24,7750,7279,11,1,5,0.4,0.7532,1.371,0.9712,4.9,3.65,0.183,1.854,0,-2,0.9392258064516129
VND_BETA,BEARING_01,2022-08-24,2022-08-25,6122,5050,8,0,11,0.8,0.5877,2.796,0.914,8.24,4.9,-0.912,2.005,0,1,0.8248938255472068
VND_DELTA,SWITCH_S,2023-01-08,2023-01-09,6720,5372,1,1,6,0.65,0.4383,4.67,0.7673,10.0,9.08,-1.0,3.072,1,1,0.799404761904762
VND_BETA,BEARING_01,2022-03-01,2022-03-01,2513,2493,3,0,11,0.8,0.5026,3.133,0.9046,7.31,4.89,-0.841,3.19,1,0,0.9920413847990449
VND_ZETA,BATTERY_A,2023-09-16,2023-09-16,1257,1105,9,0,10,0.9,0.9662,-0.081,1.0,3.04,0.65,-0.322,0.705,0,0,0.8790771678599841
VND_BETA,CASING_B,2021-11-17,2021-11-23,5162,4090,11,1,7,0.6,0.5252,3.116,0.9108,7.62,7.21,-0.911,3.187,1,6,0.7923285548237118
VND_ALPHA,BEARING_01,2023-05-02,2023-05-01,7925,7925,5,0,11,0.8,0.8662,0.386,0.913,2.19,1.91,-0.492,0.435,0,-1,1.0
VND_GAMMA,BEARING_01,2022-04-26,2022-04-26,1915,1752,4,0,11,0.8,0.9606,0.396,0.9844,1.81,0.33,-0.556,0.389,0,0,0.9148825065274151
VND_ALPHA,MOTOR_X,2023-01-05,2023-01-07,7416,6587,1,1,14,0.95,0.8525,0.887,0.9632,3.7,2.96,-0.026,1.609,1,2,0.8882146709816613
VND_GAMMA,BLADE_X,2021-11-21,2021-11-22,1631,1488,11,1,12,0.85,0.8987,0.271,0.9629,0.77,1.58,0.264,0.0,0,1,0.9123237277743715
VND_ALPHA,MOTOR_X,2022-11-23,2022-11-25,3727,3019,11,1,14,0.95,0.8414,1.466,0.9465,3.94,3.27,-0.255,0.88,0,2,0.8100348806010196
VND_EPSILON,BATTERY_A,2022-04-10,2022-04-11,1188,1043,4,0,10,0.9,0.782,0.578,0.9671,3.47,1.86,-0.305,1.806,0,1,0.8779461279461279
VND_DELTA,SCREW_M4,2022-06-13,2022-06-15,2987,1781,6,0,5,0.4,0.3342,4.613,0.7727,10.0,7.21,-1.0,4.359,1,2,0.5962504184800803
VND_ALPHA,CABLE_R,2022-07-02,2022-07-01,7542,6629,7,0,8,0.7,0.8141,0.645,0.9355,2.66,1.71,-0.565,1.15,0,-1,0.8789445770352692
VND_ZETA,CASING_B,2023-11-22,2023-11-22,5150,4891,11,1,7,0.6,0.9567,0.717,1.0,1.99,2.8,0.448,0.025,0,0,0.9497087378640777
VND_ZETA,BATTERY_A,2021-04-14,2021-04-14,7790,6735,4,0,10,0.9,0.8603,0.83,0.9698,4.0,1.67,-0.484,0.326,0,0,0.8645699614890886
VND_DELTA,BEARING_01,2021-08-16,2021-08-19,1067,1013,8,0,11,0.8,0.341,4.934,0.7692,10.0,7.14,-1.0,3.931,1,3,0.9493908153701968
VND_EPSILON,BATTERY_A,2021-03-27,2021-03-30,4355,4036,3,0,10,0.9,0.7065,1.633,0.9453,5.21,3.36,-0.135,2.022,1,3,0.9267508610792193
VND_BETA,BATTERY_A,2021-08-30,2021-08-31,7334,7334,8,0,10,0.9,0.6214,2.427,0.9406,8.24,4.9,-0.912,2.005,0,1,1.0
VND_GAMMA,SCREW_M4,2021-11-18,2021-11-19,6166,6166,11,1,5,0.4,0.9141,0.106,1.0,0.77,1.58,0.264,0.0,0,1,1.0
VND_ZETA,BLADE_X,2023-06-24,2023-06-24,6442,6442,6,0,12,0.85,0.8691,1.029,0.971,0.95,0.58,-1.0,0.11,0,0,1.0
VND_ZETA,BEARING_01,2021-07-23,2021-07-23,1463,1463,7,0,11,0.8,0.8941,0.392,0.9688,1.63,0.0,0.462,0.0,0,0,1.0
VND_GAMMA,CABLE_R,2021-10-10,2021-10-09,1207,1207,10,0,8,0.7,0.8941,0.836,0.9943,0.49,0.87,-0.256,1.02,0,-1,1.0
VND_DELTA,SCREW_M4,2023-05-02,2023-05-06,6501,5965,5,0,5,0.4,0.4759,4.712,0.7402,9.38,7.59,-0.912,3.272,0,4,0.917551145977542
VND_BETA,MOTOR_X,2023-08-29,2023-08-30,2996,2513,8,0,14,0.95,0.5615,3.568,0.8814,8.24,4.9,-0.912,2.005,1,1,0.8387850467289719
VND_EPSILON,BLADE_X,2021-12-17,2021-12-20,898,877,12,1,12,0.85,0.7712,1.352,0.9148,2.82,4.49,-0.659,1.941,0,3,0.9766146993318485
VND_GAMMA,BLADE_X,2023-04-30,2023-04-30,3154,2751,4,0,12,0.85,0.8897,0.521,1.0,1.81,0.33,-0.556,0.389,0,0,0.8722257450856056
VND_BETA,SCREW_M4,2023-12-21,2023-12-23,3654,3264,12,1,5,0.4,0.5681,2.345,0.9171,7.45,6.37,-1.0,2.215,1,2,0.8932676518883416
VND_BETA,SCREW_M4,2023-05-29,2023-06-02,3586,3453,5,0,5,0.4,0.5957,3.667,0.913,8.96,6.56,-0.962,3.201,0,4,0.9629113218070273
VND_DELTA,SWITCH_S,2023-11-24,2023-11-30,6709,4323,11,1,6,0.65,0.3943,3.649,0.7145,10.0,9.01,-1.0,3.571,1,6,0.6443583246385453
VND_ALPHA,CABLE_R,2023-06-26,2023-06-28,1392,1295,6,0,8,0.7,0.8147,1.042,0.9776,4.67,1.37,-0.2,0.43,1,2,0.930316091954023
VND_ZETA,MOTOR_X,2023-11-26,2023-11-27,7930,7655,11,1,14,0.95,1.0,0.158,1.0,1.99,2.8,0.448,0.025,0,1,0.9653215636822194
VND_ALPHA,BATTERY_A,2022-11-24,2022-11-25,2778,2497,11,1,10,0.9,0.8021,0.899,1.0,3.94,3.27,-0.255,0.88,0,1,0.8988480921526278
VND_BETA,SWITCH_S,2023-06-08,2023-06-11,703,465,6,0,6,0.65,0.5921,2.602,0.84,8.51,4.55,-0.832,3.415,0,3,0.6614509246088194
VND_ALPHA,SWITCH_S,2021-11-06,2021-11-08,7593,6629,11,1,6,0.65,0.6592,0.622,0.9488,3.94,3.27,-0.255,0.88,0,2,0.8730409587778217
VND_ZETA,MOTOR_X,2023-12-01,2023-12-02,2622,2536,12,1,14,0.95,0.9313,0.836,0.9766,4.01,0.19,-0.074,0.755,0,1,0.9672006102212052
VND_DELTA,SWITCH_S,2022-09-16,2022-09-20,6110,4039,9,0,6,0.65,0.4062,4.657,0.7385,10.0,8.25,-1.0,4.688,0,4,0.6610474631751228
VND_GAMMA,CABLE_R,2021-01-17,2021-01-17,6974,6974,1,1,8,0.7,0.8821,0.614,0.952,1.85,2.16,0.022,0.306,0,0,1.0
VND_EPSILON,BLADE_X,2021-10-28,2021-11-02,5936,5444,10,0,12,0.85,0.728,1.77,0.9251,4.13,3.48,-0.679,1.687,0,5,0.9171159029649596
VND_DELTA,SWITCH_S,2022-02-25,2022-02-26,7471,5216,2,0,6,0.65,0.406,3.817,0.7525,10.0,7.1,-1.0,3.739,1,1,0.6981662428055146
VND_ZETA,BEARING_01,2022-12-09,2022-12-13,7471,7471,12,1,11,0.8,0.9025,0.603,0.9625,4.01,0.19,-0.074,0.755,0,4,1.0
VND_BETA,SWITCH_S,2022-09-10,2022-09-12,890,890,9,0,6,0.65,0.5264,2.894,0.8874,7.93,5.56,-0.497,2.593,0,2,1.0
VND_EPSILON,MOTOR_X,2022-11-17,2022-11-17,3394,3178,11,1,14,0.95,0.7435,2.179,0.926,4.9,3.65,0.183,1.854,0,0,0.9363582793164408
VND_EPSILON,CASING_B,2022-08-05,2022-08-08,1950,1811,8,0,7,0.6,0.6954,1.193,0.9145,7.16,0.93,-0.254,0.955,0,3,0.9287179487179488
VND_EPSILON,BATTERY_A,2022-10-02,2022-09-30,4470,4470,10,0,10,0.9,0.6707,1.816,0.9564,4.13,3.48,-0.679,1.687,1,-2,1.0
VND_ZETA,CABLE_R,2021-11-24,2021-11-24,391,391,11,1,8,0.7,0.9056,0.443,1.0,1.99,2.8,0.448,0.025,0,0,1.0
VND_EPSILON,MOTOR_X,2022-06-14,2022-06-13,2177,2024,6,0,14,0.95,0.7641,1.999,0.9351,5.8,3.45,-0.555,1.904,0,-1,0.9297197978870004
VND_ZETA,BLADE_X,2023-05-16,2023-05-17,4339,4266,5,0,12,0.85,0.9352,-0.202,0.9633,3.15,0.0,0.105,0.83,0,1,0.9831758469693478
VND_ZETA,BATTERY_A,2021-05-03,2021-05-04,7094,6186,5,0,10,0.9,0.9479,1.192,0.9713,3.15,0.0,0.105,0.83,0,1,0.872004510854243
VND_GAMMA,CABLE_R,2023-11-06,2023-11-07,3103,3027,11,1,8,0.7,0.9918,1.672,0.9935,0.77,1.58,0.264,0.0,0,1,0.9755075733161457
VND_ALPHA,BATTERY_A,2021-09-13,2021-09-12,3876,3769,9,0,10,0.9,0.7605,1.315,0.9364,3.19,0.54,0.027,0.512,0,-1,0.9723942208462333
VND_EPSILON,BLADE_X,2021-01-11,2021-01-15,3912,3912,1,1,12,0.85,0.6435,1.868,0.9512,5.06,3.05,-0.408,1.754,0,4,1.0
VND_BETA,CABLE_R,2023-12-29,2024-01-02,7118,5673,12,1,8,0.7,0.4873,2.496,0.8765,7.45,6.37,-1.0,2.215,1,4,0.7969935375105367
VND_GAMMA,SCREW_M4,2022-09-05,2022-09-08,2530,2467,9,0,5,0.4,1.0,-0.328,0.9741,1.65,0.0,-0.445,0.427,1,3,0.975098814229249
VND_ZETA,CASING_B,2023-02-13,2023-02-13,4457,3976,2,0,7,0.6,0.9801,0.437,1.0,0.68,0.31,-0.17,0.259,0,0,0.8920798743549473
VND_ALPHA,SCREW_M4,2022-11-03,2022-11-05,4430,4430,11,1,5,0.4,0.8445,0.967,0.9504,3.94,3.27,-0.255,0.88,0,2,1.0
VND_GAMMA,SCREW_M4,2023-07-20,2023-07-20,1002,1002,7,0,5,0.4,0.9612,0.784,0.9357,2.34,0.0,0.441,0.0,0,0,1.0
VND_ZETA,CASING_B,2023-05-22,2023-05-22,6986,6734,5,0,7,0.6,0.9837,0.437,0.9841,3.15,0.0,0.105,0.83,0,0,0.9639278557114228
VND_ALPHA,SWITCH_S,2021-07-08,2021-07-07,709,682,7,0,6,0.65,0.778,1.063,0.9372,2.66,1.71,-0.565,1.15,0,-1,0.9619181946403385
VND_BETA,SWITCH_S,2023-09-03,2023-09-06,1959,1559,9,0,6,0.65,0.5341,2.831,0.9155,7.93,5.56,-0.497,2.593,0,3,0.7958141909137315
VND_ALPHA,BEARING_01,2023-01-27,2023-01-28,5744,5642,1,1,11,0.8,0.7794,0.916,0.9623,3.7,2.96,-0.026,1.609,1,1,0.9822423398328691
VND_EPSILON,SWITCH_S,2023-11-29,2023-12-02,6580,6539,11,1,6,0.65,0.7876,1.93,0.947,4.9,3.65,0.183,1.854,0,3,0.9937689969604864
VND_GAMMA,SWITCH_S,2023-10-19,2023-10-20,5413,5413,10,0,6,0.65,0.9398,0.312,0.992,0.49,0.87,-0.256,1.02,1,1,1.0
VND_DELTA,SWITCH_S,2023-09-30,2023-10-02,6194,5219,9,0,6,0.65,0.3055,4.286,0.7555,10.0,8.25,-1.0,4.688,1,2,0.8425896028414595
VND_BETA,SWITCH_S,2021-10-23,2021-10-22,4343,4257,10,0,6,0.65,0.5694,2.412,0.8594,7.34,4.7,-0.665,2.932,0,-1,0.9801980198019802
VND_DELTA,CASING_B,2023-07-27,2023-08-02,1259,1001,7,0,7,0.6,0.4733,4.662,0.7658,10.0,6.05,-1.0,3.274,1,6,0.7950754567116759
VND_ZETA,BATTERY_A,2022-03-12,2022-03-12,3930,3861,3,0,10,0.9,0.8626,0.637,1.0,3.65,1.04,-0.406,0.887,0,0,0.982442748091603
VND_ALPHA,BEARING_01,2021-11-18,2021-11-16,7933,7933,11,1,11,0.8,0.8222,1.174,0.9351,3.94,3.27,-0.255,0.88,0,-2,1.0
VND_ALPHA,CABLE_R,2023-04-17,2023-04-17,1103,1035,4,0,8,0.7,0.8204,1.212,0.9857,3.44,0.0,-0.737,0.775,0,0,0.9383499546690843
VND_GAMMA,BATTERY_A,2022-08-17,2022-08-17,529,495,8,0,10,0.9,0.9188,0.105,0.9284,2.14,2.59,-0.277,0.173,0,0,0.9357277882797732
VND_ALPHA,CASING_B,2023-01-31,2023-01-31,2697,2566,1,1,7,0.6,0.8329,1.182,0.9651,3.7,2.96,-0.026,1.609,0,0,0.9514275120504264
VND_GAMMA,CABLE_R,2022-08-26,2022-08-26,4180,3924,8,0,8,0.7,0.8715,0.07,0.9608,2.14,2.59,-0.277,0.173,0,0,0.938755980861244
VND_BETA,MOTOR_X,2021-10-19,2021-10-22,6620,5511,10,0,14,0.95,0.6153,2.728,0.8771,7.34,4.7,-0.665,2.932,0,3,0.8324773413897281
VND_ALPHA,SWITCH_S,2022-09-17,2022-09-16,7483,7483,9,0,6,0.65,0.813,0.501,0.9352,3.19,0.54,0.027,0.512,1,-1,1.0
VND_BETA,BLADE_X,2022-01-10,2022-01-11,6910,6910,1,1,12,0.85,0.5546,2.759,0.8694,8.49,4.94,-0.843,2.646,1,1,1.0
VND_ALPHA,BEARING_01,2021-09-08,2021-09-08,4685,4433,9,0,11,0.8,0.811,0.749,0.9665,3.19,0.54,0.027,0.512,1,0,0.9462113127001067
VND_ALPHA,CABLE_R,2021-04-02,2021-04-03,3620,3078,4,0,8,0.7,0.8158,1.088,0.9549,3.44,0.0,-0.737,0.775,1,1,0.8502762430939227
VND_EPSILON,BEARING_01,2022-09-27,2022-10-01,4834,4733,9,0,11,0.8,0.7631,1.99,0.9458,4.38,3.89,-0.441,1.169,0,4,0.9791063301613571
VND_GAMMA,BEARING_01,2023-02-12,2023-02-13,4093,4093,2,0,11,0.8,0.9162,-0.445,0.9828,0.13,0.0,-0.083,0.079,0,1,1.0
VND_BETA,CASING_B,2023-10-31,2023-11-03,5413,4843,10,0,7,0.6,0.5682,2.392,0.8908,7.34,4.7,-0.665,2.932,1,3,0.8946979493811196
VND_DELTA,BEARING_01,2023-07-09,2023-07-12,1420,1235,7,0,11,0.8,0.4043,4.666,0.766,10.0,6.05,-1.0,3.274,0,3,0.8697183098591549
VND_ALPHA,CABLE_R,2023-04-19,2023-04-19,3372,2946,4,0,8,0.7,0.8179,0.691,0.9334,3.44,0.0,-0.737,0.775,0,0,0.8736654804270463
VND_DELTA,SCREW_M4,2022-11-26,2022-12-02,4631,3722,11,1,5,0.4,0.302,5.008,0.8002,10.0,9.01,-1.0,3.571,1,6,0.8037141006262146
VND_ZETA,MOTOR_X,2023-06-27,2023-06-28,6228,6228,6,0,14,0.95,0.9249,0.791,0.9188,0.95,0.58,-1.0,0.11,1,1,1.0
VND_ZETA,BLADE_X,2021-07-01,2021-06-30,7293,7293,7,0,12,0.85,0.9374,0.587,1.0,1.63,0.0,0.462,0.0,0,-1,1.0
VND_ZETA,CASING_B,2021-02-20,2021-02-20,4885,4668,2,0,7,0.6,0.971,0.764,0.9501,0.68,0.31,-0.17,0.259,0,0,0.9555783009211873
VND_EPSILON,BLADE_X,2021-09-11,2021-09-11,5474,5474,9,0,12,0.85,0.7125,1.731,0.9625,4.38,3.89,-0.441,1.169,0,0,1.0
VND_BETA,BATTERY_A,2021-04-19,2021-04-17,4871,4643,4,0,10,0.9,0.5874,2.627,0.9182,7.67,5.01,-1.0,2.322,1,-2,0.9531923629644837
VND_DELTA,SCREW_M4,2023-10-27,2023-10-31,7547,6004,10,0,5,0.4,0.4847,3.903,0.7736,10.0,5.94,-1.0,3.793,1,4,0.7955478998277461
VND_ALPHA,MOTOR_X,2023-12-26,2023-12-27,1672,1485,12,1,14,0.95,0.8529,1.056,0.9263,1.72,2.38,-0.358,1.423,0,1,0.8881578947368421
VND_GAMMA,MOTOR_X,2022-02-26,2022-02-26,2209,2189,2,0,14,0.95,0.9298,0.275,0.9644,0.13,0.0,-0.083,0.079,0,0,0.9909461294703485
VND_ALPHA,BEARING_01,2023-12-29,2023-12-29,5171,5056,12,1,11,0.8,0.8479,0.557,0.9678,1.72,2.38,-0.358,1.423,0,0,0.9777605878940243
VND_DELTA,CABLE_R,2021-04-03,2021-04-12,4226,3103,4,0,8,0.7,0.4188,5.346,0.7999,10.0,7.27,-1.0,3.863,1,9,0.7342640795078088
VND_GAMMA,MOTOR_X,2023-06-15,2023-06-14,1678,1678,6,0,14,0.95,0.9359,-0.098,1.0,1.52,0.0,0.363,0.701,0,-1,1.0
VND_ALPHA,SWITCH_S,2023-12-18,2023-12-19,2799,2495,12,1,6,0.65,0.8312,1.06,0.9863,1.72,2.38,-0.358,1.423,1,1,0.8913897820650232
VND_GAMMA,SWITCH_S,2021-07-06,2021-07-06,1139,1139,7,0,6,0.65,0.9726,0.314,0.998,2.34,0.0,0.441,0.0,1,0,1.0
VND_EPSILON,BATTERY_A,2021-12-11,2021-12-11,2537,2530,12,1,10,0.9,0.7131,1.517,0.9322,2.82,4.49,-0.659,1.941,0,0,0.997240835632637
VND_BETA,CASING_B,2022-06-08,2022-06-10,6493,5668,6,0,7,0.6,0.5612,2.906,0.8371,8.51,4.55,-0.832,3.415,1,2,0.8729400893269675
VND_BETA,BATTERY_A,2022-09-21,2022-09-27,8000,7624,9,0,10,0.9,0.5871,2.893,0.8924,7.93,5.56,-0.497,2.593,0,6,0.953
VND_ZETA,SWITCH_S,2021-12-13,2021-12-14,682,682,12,1,6,0.65,0.9653,0.336,0.9463,4.01,0.19,-0.074,0.755,0,1,1.0
VND_BETA,CABLE_R,2021-02-25,2021-03-03,6043,5518,2,0,8,0.7,0.4778,2.44,0.8582,7.47,5.81,-0.631,3.173,1,6,0.9131226212146285
VND_GAMMA,MOTOR_X,2023-03-10,2023-03-10,1008,953,3,0,14,0.95,1.0,0.072,0.9769,1.39,0.8,0.586,0.47,0,0,0.9454365079365079
VND_BETA,CABLE_R,2023-04-26,2023-04-26,7515,7001,4,0,8,0.7,0.5768,3.021,0.8405,7.67,5.01,-1.0,2.322,1,0,0.9316034597471723
VND_GAMMA,CABLE_R,2023-02-09,2023-02-11,7913,7913,2,0,8,0.7,0.9755,0.648,1.0,0.13,0.0,-0.083,0.079,0,2,1.0
VND_ALPHA,BATTERY_A,2022-02-19,2022-02-22,2162,2162,2,0,10,0.9,0.855,0.747,0.9208,2.97,1.37,0.254,1.307,0,3,1.0
VND_DELTA,SCREW_M4,2023-11-08,2023-11-06,6363,5124,11,1,5,0.4,0.3542,4.944,0.7817,10.0,9.01,-1.0,3.571,1,-2,0.8052805280528053
VND_ALPHA,SWITCH_S,2022-07-06,2022-07-09,696,694,7,0,6,0.65,0.7477,1.471,1.0,2.66,1.71,-0.565,1.15,1,3,0.9971264367816092
VND_DELTA,CABLE_R,2023-04-14,2023-04-16,736,616,4,0,8,0.7,0.3198,4.333,0.7169,10.0,7.27,-1.0,3.863,1,2,0.8369565217391305
VND_ALPHA,BEARING_01,2023-04-15,2023-04-15,5389,4899,4,0,11,0.8,0.9054,0.592,0.9385,3.44,0.0,-0.737,0.775,0,0,0.9090740397105215
VND_ALPHA,SCREW_M4,2022-07-06,2022-07-08,4738,4189,7,0,5,0.4,0.7958,0.165,0.9512,2.66,1.71,-0.565,1.15,0,2,0.8841283241874208
VND_BETA,BATTERY_A,2021-09-15,2021-09-15,2695,2152,9,0,10,0.9,0.553,2.929,0.9221,7.93,5.56,-0.497,2.593,0,0,0.7985157699443414
VND_DELTA,SWITCH_S,2021-06-21,2021-06-20,7132,4697,6,0,6,0.65,0.3822,4.128,0.6809,10.0,7.21,-1.0,4.359,1,-1,0.6585810431856421
VND_BETA,SCREW_M4,2023-02-04,2023-02-10,4627,4281,2,0,5,0.4,0.5773,2.938,0.8498,7.47,5.81,-0.631,3.173,1,6,0.9252215258266695
VND_BETA,CASING_B,2023-05-18,2023-05-18,7666,7666,5,0,7,0.6,0.4872,3.293,0.8812,8.96,6.56,-0.962,3.201,0,0,1.0
VND_ALPHA,BEARING_01,2021-01-03,2021-01-03,6857,6812,1,1,11,0.8,0.8231,1.081,0.9276,3.7,2.96,-0.026,1.609,1,0,0.9934373632784016
VND_EPSILON,BEARING_01,2022-08-16,2022-08-16,5549,5187,8,0,11,0.8,0.8027,2.039,0.9573,7.16,0.93,-0.254,0.955,1,0,0.9347630203640296
VND_ALPHA,CASING_B,2021-05-04,2021-05-06,7847,6755,5,0,7,0.6,0.8459,1.554,0.9456,2.19,1.91,-0.492,0.435,1,2,0.8608385370205174
VND_GAMMA,BEARING_01,2022-05-29,2022-05-29,7077,6497,5,0,11,0.8,0.9078,0.012,1.0,1.61,2.86,-0.038,0.521,0,0,0.9180443690829447
VND_GAMMA,SWITCH_S,2022-03-12,2022-03-12,4993,4993,3,0,6,0.65,0.9712,-0.286,1.0,1.39,0.8,0.586,0.47,0,0,1.0
VND_ALPHA,BLADE_X,2021-11-27,2021-11-30,6255,6188,11,1,12,0.85,0.8439,1.295,0.9423,3.94,3.27,-0.255,0.88,1,3,0.9892885691446842
VND_GAMMA,BATTERY_A,2021-07-03,2021-07-04,3438,3438,7,0,10,0.9,0.9405,0.077,0.964,2.34,0.0,0.441,0.0,0,1,1.0
VND_BETA,BATTERY_A,2022-07-27,2022-07-27,7394,5345,7,0,10,0.9,0.5965,2.79,0.8131,8.11,6.76,-1.0,3.129,1,0,0.7228834189883689
VND_BETA,SWITCH_S,2023-10-31,2023-11-03,6770,6220,10,0,6,0.65,0.4476,2.587,0.8904,7.34,4.7,-0.665,2.932,1,3,0.9187592319054653
VND_ZETA,CABLE_R,2022-12-03,2022-12-02,5403,4674,12,1,8,0.7,0.9814,0.21,0.9807,4.01,0.19,-0.074,0.755,0,-1,0.8650749583564686
VND_ZETA,BLADE_X,2023-07-17,2023-07-15,2436,2436,7,0,12,0.85,0.8924,-0.437,1.0,1.63,0.0,0.462,0.0,0,-2,1.0
VND_ZETA,SCREW_M4,2022-10-21,2022-10-22,2998,2854,10,0,5,0.4,1.0,0.86,0.9851,2.08,0.04,-0.007,0.366,0,1,0.951967978652435
VND_DELTA,SCREW_M4,2022-11-04,2022-11-10,330,242,11,1,5,0.4,0.4422,4.217,0.7723,10.0,9.01,-1.0,3.571,1,6,0.7333333333333333
VND_ZETA,CASING_B,2021-01-05,2021-01-06,5187,4847,1,1,7,0.6,1.0,1.019,0.981,1.09,2.03,0.123,0.866,0,1,0.9344515133988818
VND_ALPHA,BEARING_01,2021-01-20,2021-01-24,5710,5476,1,1,11,0.8,0.8914,1.339,0.9669,3.7,2.96,-0.026,1.609,0,4,0.9590192644483363
VND_DELTA,CASING_B,2023-09-29,2023-10-02,6446,5011,9,0,7,0.6,0.4364,4.508,0.7191,10.0,8.25,-1.0,4.688,1,3,0.7773813217499225
VND_EPSILON,SWITCH_S,2021-06-16,2021-06-18,6649,6649,6,0,6,0.65,0.6934,1.043,0.9414,5.8,3.45,-0.555,1.904,1,2,1.0
VND_EPSILON,BATTERY_A,2021-03-05,2021-03-08,7511,7511,3,0,10,0.9,0.7032,1.822,0.9891,5.21,3.36,-0.135,2.022,0,3,1.0
VND_ZETA,BEARING_01,2021-09-10,2021-09-10,3091,3091,9,0,11,0.8,0.9869,0.502,0.9695,3.04,0.65,-0.322,0.705,0,0,1.0
VND_EPSILON,SWITCH_S,2023-01-04,2023-01-04,3368,3261,1,1,6,0.65,0.7026,0.904,0.9021,5.06,3.05,-0.408,1.754,1,0,0.9682304038004751
VND_ZETA,CASING_B,2021-01-18,2021-01-18,1222,1222,1,1,7,0.6,1.0,0.41,0.9795,1.09,2.03,0.123,0.866,0,0,1.0
VND_GAMMA,BEARING_01,2022-01-31,2022-01-30,3841,3841,1,1,11,0.8,0.9251,-0.121,1.0,1.85,2.16,0.022,0.306,0,-1,1.0
VND_BETA,MOTOR_X,2021-02-10,2021-02-11,6412,5941,2,0,14,0.95,0.5491,3.124,0.8517,7.47,5.81,-0.631,3.173,0,1,0.9265439800374298
VND_ZETA,BLADE_X,2023-01-03,2023-01-03,1768,1494,1,1,12,0.85,0.9784,0.133,0.9664,1.09,2.03,0.123,0.866,0,0,0.8450226244343891
VND_EPSILON,BATTERY_A,2022-09-13,2022-09-19,6822,6806,9,0,10,0.9,0.6978,1.323,0.971,4.38,3.89,-0.441,1.169,1,6,0.9976546467311639
VND_BETA,SCREW_M4,2023-10-09,2023-10-15,3173,2425,10,0,5,0.4,0.5909,3.129,0.901,7.34,4.7,-0.665,2.932,1,6,0.7642609517806492
VND_GAMMA,MOTOR_X,2023-10-07,2023-10-08,7609,6864,10,0,14,0.95,0.9489,-0.347,0.9846,0.49,0.87,-0.256,1.02,0,1,0.9020896307004863
VND_ALPHA,SCREW_M4,2022-02-06,2022-02-06,6926,6285,2,0,5,0.4,0.7249,1.28,1.0,2.97,1.37,0.254,1.307,1,0,0.9074501876985273
VND_ALPHA,SWITCH_S,2022-07-23,2022-07-25,4862,4427,7,0,6,0.65,0.7848,0.975,0.9669,2.66,1.71,-0.565,1.15,0,2,0.9105306458247635
VND_BETA,BEARING_01,2022-02-01,2022-02-02,5605,4976,2,0,11,0.8,0.5485,2.464,0.9305,7.47,5.81,-0.631,3.173,1,1,0.887778768956289
VND_ALPHA,CASING_B,2021-09-20,2021-09-19,6311,6091,9,0,7,0.6,0.8496,1.254,0.9693,3.19,0.54,0.027,0.512,0,-1,0.9651402313421011
VND_BETA,BATTERY_A,2022-06-16,2022-06-17,7847,6734,6,0,10,0.9,0.5516,2.343,0.857,8.51,4.55,-0.832,3.415,0,1,0.8581623550401427
VND_EPSILON,SCREW_M4,2022-07-16,2022-07-14,1771,1669,7,0,5,0.4,0.6817,1.382,0.9105,4.08,2.56,-0.606,1.633,0,-2,0.9424054206662902
VND_ZETA,MOTOR_X,2023-12-28,2023-12-28,5233,5233,12,1,14,0.95,0.9235,0.146,0.9676,4.01,0.19,-0.074,0.755,0,0,1.0
VND_ZETA,BLADE_X,2023-07-19,2023-07-19,216,210,7,0,12,0.85,0.9,-0.133,1.0,1.63,0.0,0.462,0.0,0,0,0.9722222222222222
VND_ZETA,SWITCH_S,2021-04-17,2021-04-17,7194,7194,4,0,6,0.65,0.8352,0.188,1.0,4.0,1.67,-0.484,0.326,0,0,1.0
VND_DELTA,CABLE_R,2023-04-14,2023-04-17,2444,1941,4,0,8,0.7,0.3367,4.63,0.7891,10.0,7.27,-1.0,3.863,1,3,0.794189852700491
VND_ZETA,BATTERY_A,2023-11-28,2023-11-28,4022,4022,11,1,10,0.9,0.9893,-0.642,0.9833,1.99,2.8,0.448,0.025,0,0,1.0
VND_GAMMA,BEARING_01,2023-11-26,2023-11-25,6417,6082,11,1,11,0.8,1.0,0.451,0.9839,0.77,1.58,0.264,0.0,0,-1,0.9477949197444289
VND_ZETA,MOTOR_X,2022-04-05,2022-04-07,584,584,4,0,14,0.95,1.0,0.422,0.9886,4.0,1.67,-0.484,0.326,0,2,1.0
VND_DELTA,BLADE_X,2023-12-27,2023-12-31,3877,2739,12,1,12,0.85,0.3733,5.291,0.7858,9.5,6.79,-1.0,3.943,1,4,0.7064740778952798
VND_ALPHA,CABLE_R,2023-03-14,2023-03-15,1794,1794,3,0,8,0.7,0.8185,1.303,1.0,2.73,2.14,-0.359,0.814,0,1,1.0
VND_ALPHA,CABLE_R,2021-02-21,2021-02-24,6241,5781,2,0,8,0.7,0.8364,1.687,0.9727,2.97,1.37,0.254,1.307,1,3,0.9262938631629547
VND_ZETA,SCREW_M4,2023-05-18,2023-05-18,809,809,5,0,5,0.4,0.8817,1.054,1.0,3.15,0.0,0.105,0.83,1,0,1.0
VND_BETA,SCREW_M4,2021-12-03,2021-12-06,2897,2625,12,1,5,0.4,0.4605,2.93,0.9238,7.45,6.37,-1.0,2.215,0,3,0.9061097687262686
VND_ALPHA,BLADE_X,2021-07-18,2021-07-22,428,396,7,0,12,0.85,0.8188,1.585,0.9644,2.66,1.71,-0.565,1.15,0,4,0.9252336448598131
VND_DELTA,BEARING_01,2021-02-19,2021-02-27,5054,3785,2,0,11,0.8,0.3449,4.634,0.7756,10.0,7.1,-1.0,3.739,1,8,0.7489117530668777
VND_GAMMA,CABLE_R,2022-05-22,2022-05-22,1083,1032,5,0,8,0.7,0.9545,0.319,1.0,1.61,2.86,-0.038,0.521,0,0,0.9529085872576177
VND_BETA,BEARING_01,2022-11-29,2022-12-06,7019,6323,11,1,11,0.8,0.533,3.463,0.9114,7.62,7.21,-0.911,3.187,0,7,0.9008405755805671
VND_GAMMA,MOTOR_X,2023-12-01,2023-12-02,6705,6705,12,1,14,0.95,0.9129,0.377,1.0,1.78,3.21,-0.462,0.474,0,1,1.0
VND_ALPHA,SCREW_M4,2023-06-18,2023-06-18,6459,6205,6,0,5,0.4,0.8903,0.674,0.9519,4.67,1.37,-0.2,0.43,0,0,0.9606750270939773
VND_ZETA,BATTERY_A,2023-07-04,2023-07-03,4942,4460,7,0,10,0.9,0.9606,1.189,1.0,1.63,0.0,0.462,0.0,0,-1,0.9024686361796843
VND_ALPHA,BATTERY_A,2021-05-05,2021-05-04,7709,6967,5,0,10,0.9,0.8478,1.178,0.9439,2.19,1.91,-0.492,0.435,0,-1,0.9037488649630302
VND_DELTA,MOTOR_X,2022-10-04,2022-10-08,7491,5714,10,0,14,0.95,0.3986,4.727,0.8053,10.0,5.94,-1.0,3.793,1,4,0.762782005072754
VND_BETA,BATTERY_A,2021-05-07,2021-05-07,7729,6536,5,0,10,0.9,0.5502,2.52,0.8746,8.96,6.56,-0.962,3.201,1,0,0.8456462673049554
VND_ALPHA,BEARING_01,2022-09-10,2022-09-09,5203,4035,9,0,11,0.8,0.8148,0.828,0.9397,3.19,0.54,0.027,0.512,0,-1,0.7755141264655007
VND_ALPHA,SWITCH_S,2021-07-28,2021-07-31,5750,4959,7,0,6,0.65,0.7446,1.243,0.9626,2.66,1.71,-0.565,1.15,0,3,0.8624347826086957
VND_EPSILON,MOTOR_X,2021-04-17,2021-04-18,2615,2339,4,0,14,0.95,0.6135,0.922,0.9532,3.47,1.86,-0.305,1.806,0,1,0.8944550669216061
VND_DELTA,SWITCH_S,2021-07-16,2021-07-27,5256,4216,7,0,6,0.65,0.4022,3.222,0.7622,10.0,6.05,-1.0,3.274,1,11,0.802130898021309
VND_BETA,SWITCH_S,2021-01-22,2021-01-21,3914,2721,1,1,6,0.65,0.6029,2.781,0.8855,8.49,4.94,-0.843,2.646,1,-1,0.6951967296882984
VND_DELTA,SWITCH_S,2023-05-27,2023-05-26,7408,5116,5,0,6,0.65,0.432,4.658,0.7244,9.38,7.59,-0.912,3.272,1,-1,0.6906047516198704
VND_GAMMA,BATTERY_A,2021-02-23,2021-02-24,3919,3569,2,0,10,0.9,0.8318,0.091,0.964,0.13,0.0,-0.083,0.079,0,1,0.910691502934422
VND_EPSILON,CABLE_R,2022-01-30,2022-02-01,1084,1084,1,1,8,0.7,0.8485,1.368,0.9314,5.06,3.05,-0.408,1.754,1,2,1.0
VND_ALPHA,BATTERY_A,2021-05-19,2021-05-19,5056,5008,5,0,10,0.9,0.8912,1.732,0.9427,2.19,1.91,-0.492,0.435,0,0,0.990506329113924
VND_EPSILON,SCREW_M4,2021-09-16,2021-09-18,5421,5069,9,0,5,0.4,0.6574,1.796,0.9595,4.38,3.89,-0.441,1.169,0,2,0.935067330750784
VND_GAMMA,BLADE_X,2023-05-13,2023-05-13,4143,4131,5,0,12,0.85,0.9571,0.23,1.0,1.61,2.86,-0.038,0.521,0,0,0.997103548153512
VND_BETA,BEARING_01,2022-05-13,2022-05-17,1327,1229,5,0,11,0.8,0.539,2.577,0.8746,8.96,6.56,-0.962,3.201,1,4,0.9261492087415222
VND_ALPHA,MOTOR_X,2021-09-19,2021-09-20,2753,2562,9,0,14,0.95,0.8552,1.133,0.9505,3.19,0.54,0.027,0.512,0,1,0.9306211405739193
VND_EPSILON,SWITCH_S,2023-01-03,2023-01-05,2749,2452,1,1,6,0.65,0.7871,1.754,0.9422,5.06,3.05,-0.408,1.754,0,2,0.8919607129865406
VND_BETA,CASING_B,2023-08-20,2023-08-20,2728,2081,8,0,7,0.6,0.4983,2.332,0.8979,8.24,4.9,-0.912,2.005,0,0,0.7628299120234604
VND_GAMMA,CABLE_R,2023-01-26,2023-01-25,266,241,1,1,8,0.7,0.9268,0.499,1.0,1.85,2.16,0.022,0.306,0,-1,0.9060150375939849
VND_ALPHA,CASING_B,2022-05-02,2022-05-02,4354,4099,5,0,7,0.6,0.9094,1.324,1.0,2.19,1.91,-0.492,0.435,0,0,0.9414331649058337
VND_DELTA,MOTOR_X,2022-12-06,2022-12-10,1800,1721,12,1,14,0.95,0.3691,5.234,0.7494,9.5,6.79,-1.0,3.943,1,4,0.9561111111111111
VND_ZETA,SCREW_M4,2022-02-17,2022-02-16,6632,5884,2,0,5,0.4,0.9164,0.375,1.0,0.68,0.31,-0.17,0.259,0,-1,0.8872135102533173
VND_GAMMA,BATTERY_A,2022-01-23,2022-01-23,5671,5317,1,1,10,0.9,0.935,0.848,0.9676,1.85,2.16,0.022,0.306,0,0,0.9375771468876741
VND_ZETA,BEARING_01,2023-08-16,2023-08-14,5113,5113,8,0,11,0.8,0.9163,0.091,1.0,1.44,0.77,0.404,0.0,0,-2,1.0
VND_EPSILON,CABLE_R,2022-11-19,2022-11-23,5247,5079,11,1,8,0.7,0.6886,1.291,0.9626,4.9,3.65,0.183,1.854,1,4,0.9679817038307604
VND_DELTA,BLADE_X,2022-11-05,2022-11-09,1529,1054,11,1,12,0.85,0.429,4.347,0.7954,10.0,9.01,-1.0,3.571,1,4,0.6893394375408763
VND_DELTA,BATTERY_A,2021-03-28,2021-04-03,4262,3581,3,0,10,0.9,0.4008,4.387,0.7749,9.67,7.03,-1.0,3.314,1,6,0.840215861098076
VND_ALPHA,SCREW_M4,2022-04-02,2022-04-02,5878,5619,4,0,5,0.4,0.7887,0.616,0.9686,3.44,0.0,-0.737,0.775,0,0,0.9559373936713168
VND_DELTA,SCREW_M4,2022-03-13,2022-03-14,2158,1762,3,0,5,0.4,0.3682,3.566,0.7487,9.67,7.03,-1.0,3.314,1,1,0.8164967562557924
VND_ZETA,BEARING_01,2022-11-10,2022-11-13,6813,6074,11,1,11,0.8,0.9733,0.111,0.9539,1.99,2.8,0.448,0.025,1,3,0.8915308968149127
VND_BETA,SWITCH_S,2023-03-31,2023-03-31,1709,1287,3,0,6,0.65,0.5418,2.386,0.9098,7.31,4.89,-0.841,3.19,1,0,0.7530719719133997
VND_GAMMA,MOTOR_X,2021-01-21,2021-01-21,804,781,1,1,14,0.95,0.912,0.408,1.0,1.85,2.16,0.022,0.306,0,0,0.9713930348258707
VND_ALPHA,CABLE_R,2021-08-24,2021-08-24,1366,1366,8,0,8,0.7,0.7979,1.298,0.9265,2.6,1.31,-0.401,1.741,0,0,1.0
VND_DELTA,BLADE_X,2022-02-03,2022-02-08,5371,3842,2,0,12,0.85,0.3565,4.294,0.8112,10.0,7.1,-1.0,3.739,1,5,0.7153230310929064
VND_ALPHA,CABLE_R,2021-03-02,2021-03-01,1831,1347,3,0,8,0.7,0.7796,1.561,0.9497,2.73,2.14,-0.359,0.814,0,-1,0.7356635718186784
VND_GAMMA,SCREW_M4,2021-12-23,2021-12-23,1993,1993,12,1,5,0.4,0.8636,0.132,1.0,1.78,3.21,-0.462,0.474,0,0,1.0
VND_ZETA,BLADE_X,2021-12-23,2021-12-23,2983,2692,12,1,12,0.85,0.9268,0.403,0.9823,4.01,0.19,-0.074,0.755,0,0,0.9024472008045592
VND_BETA,SCREW_M4,2022-02-06,2022-02-11,376,257,2,0,5,0.4,0.5185,2.612,0.8729,7.47,5.81,-0.631,3.173,1,5,0.6835106382978723
VND_GAMMA,CASING_B,2021-07-27,2021-07-27,371,349,7,0,7,0.6,0.9456,0.687,0.9623,2.34,0.0,0.441,0.0,0,0,0.9407008086253369
VND_DELTA,CASING_B,2021-08-16,2021-08-17,2972,2060,8,0,7,0.6,0.2728,4.383,0.797,10.0,7.14,-1.0,3.931,1,1,0.693135935397039
VND_GAMMA,SCREW_M4,2023-07-24,2023-07-24,2167,1939,7,0,5,0.4,0.9716,-0.484,1.0,2.34,0.0,0.441,0.0,0,0,0.8947854176280572
VND_GAMMA,CABLE_R,2021-12-17,2021-12-18,7909,7909,12,1,8,0.7,1.0,-0.108,0.9948,1.78,3.21,-0.462,0.474,0,1,1.0
VND_ZETA,SWITCH_S,2021-05-14,2021-05-15,1170,1076,5,0,6,0.65,0.9425,0.419,1.0,3.15,0.0,0.105,0.83,0,1,0.9196581196581196
VND_BETA,CASING_B,2022-01-24,2022-01-27,1770,1469,1,1,7,0.6,0.5806,2.782,0.8404,8.49,4.94,-0.843,2.646,1,3,0.8299435028248587
VND_ZETA,SWITCH_S,2023-02-06,2023-02-04,2804,2435,2,0,6,0.65,0.9243,0.42,0.9735,0.68,0.31,-0.17,0.259,1,-2,0.8684022824536377
VND_ZETA,SWITCH_S,2022-05-16,2022-05-16,7744,7420,5,0,6,0.65,0.9767,0.204,0.9973,3.15,0.0,0.105,0.83,0,0,0.9581611570247934
VND_EPSILON,MOTOR_X,2022-01-23,2022-01-24,7199,6754,1,1,14,0.95,0.757,1.019,0.9733,5.06,3.05,-0.408,1.754,1,1,0.9381858591471037
VND_BETA,BLADE_X,2022-11-03,2022-11-09,2224,1895,11,1,12,0.85,0.5544,3.454,0.8487,7.62,7.21,-0.911,3.187,1,6,0.852068345323741
VND_ZETA,MOTOR_X,2022-07-28,2022-07-28,7350,7350,7,0,14,0.95,0.9758,0.613,0.9788,1.63,0.0,0.462,0.0,0,0,1.0
VND_EPSILON,CASING_B,2023-09-29,2023-09-28,1914,1914,9,0,7,0.6,0.7786,2.26,0.8824,4.38,3.89,-0.441,1.169,0,-1,1.0
VND_DELTA,BATTERY_A,2021-05-13,2021-05-14,1571,967,5,0,10,0.9,0.4521,4.851,0.7461,9.38,7.59,-0.912,3.272,1,1,0.6155315085932527
VND_ZETA,SWITCH_S,2023-11-09,2023-11-09,3265,3024,11,1,6,0.65,0.9425,0.588,0.9932,1.99,2.8,0.448,0.025,0,0,0.926186830015314
VND_EPSILON,BEARING_01,2023-08-09,2023-08-10,1666,1545,8,0,11,0.8,0.7223,1.737,0.8659,7.16,0.93,-0.254,0.955,1,1,0.9273709483793517
VND_ZETA,CABLE_R,2023-02-05,2023-02-05,4504,4504,2,0,8,0.7,0.8848,0.31,0.9841,0.68,0.31,-0.17,0.259,0,0,1.0
VND_ZETA,BEARING_01,2023-10-11,2023-10-11,4081,4081,10,0,11,0.8,0.9982,0.473,0.938,2.08,0.04,-0.007,0.366,0,0,1.0
VND_EPSILON,BLADE_X,2023-04-02,2023-04-06,5427,4912,4,0,12,0.85,0.6831,1.449,0.905,3.47,1.86,-0.305,1.806,1,4,0.9051041090842086
VND_BETA,MOTOR_X,2022-03-26,2022-03-30,7530,4795,3,0,14,0.95,0.5007,2.983,0.9032,7.31,4.89,-0.841,3.19,1,4,0.6367861885790173
VND_DELTA,SCREW_M4,2022-04-26,2022-05-03,3443,2531,4,0,5,0.4,0.3814,4.355,0.793,10.0,7.27,-1.0,3.863,1,7,0.735114725530061
VND_GAMMA,SCREW_M4,2023-05-21,2023-05-23,7480,7480,5,0,5,0.4,0.9941,0.495,1.0,1.61,2.86,-0.038,0.521,0,2,1.0
VND_EPSILON,SWITCH_S,2021-11-18,2021-11-23,7863,7150,11,1,6,0.65,0.7152,1.745,0.9465,4.9,3.65,0.183,1.854,1,5,0.9093221416762051
VND_GAMMA,CABLE_R,2021-06-23,2021-06-23,1300,1300,6,0,8,0.7,0.9092,-0.018,1.0,1.52,0.0,0.363,0.701,0,0,1.0
VND_GAMMA,BATTERY_A,2023-06-30,2023-07-01,4450,4431,6,0,10,0.9,0.9314,0.228,0.9376,1.52,0.0,0.363,0.701,0,1,0.9957303370786517
VND_BETA,CABLE_R,2021-03-26,2021-03-28,4011,3555,3,0,8,0.7,0.5571,2.752,0.9097,7.31,4.89,-0.841,3.19,0,2,0.8863126402393419
VND_DELTA,CABLE_R,2023-07-13,2023-07-19,4030,3384,7,0,8,0.7,0.4737,4.558,0.7387,10.0,6.05,-1.0,3.274,1,6,0.8397022332506203
VND_DELTA,SWITCH_S,2023-01-23,2023-01-31,6790,5198,1,1,6,0.65,0.4054,4.921,0.7968,10.0,9.08,-1.0,3.072,1,8,0.7655375552282768
VND_GAMMA,BEARING_01,2022-07-14,2022-07-15,3332,3332,7,0,11,0.8,0.9221,0.267,1.0,2.34,0.0,0.441,0.0,0,1,1.0
VND_BETA,MOTOR_X,2023-06-24,2023-06-29,2115,1950,6,0,14,0.95,0.5684,2.517,0.892,8.51,4.55,-0.832,3.415,0,5,0.9219858156028369
VND_ZETA,BLADE_X,2021-06-05,2021-06-05,3141,3141,6,0,12,0.85,0.8747,-0.437,1.0,0.95,0.58,-1.0,0.11,0,0,1.0
VND_GAMMA,BATTERY_A,2023-10-25,2023-10-25,4400,4400,10,0,10,0.9,1.0,0.435,1.0,0.49,0.87,-0.256,1.02,0,0,1.0
VND_GAMMA,BATTERY_A,2022-04-12,2022-04-12,1006,960,4,0,10,0.9,0.9349,-0.506,1.0,1.81,0.33,-0.556,0.389,0,0,0.9542743538767395
VND_ALPHA,BATTERY_A,2023-01-08,2023-01-09,513,394,1,1,10,0.9,0.7818,0.74,0.9202,3.7,2.96,-0.026,1.609,0,1,0.7680311890838206
VND_GAMMA,SCREW_M4,2022-02-07,2022-02-07,5730,5730,2,0,5,0.4,0.9361,-0.051,1.0,0.13,0.0,-0.083,0.079,0,0,1.0
VND_GAMMA,CABLE_R,2022-09-12,2022-09-15,6304,5649,9,0,8,0.7,0.9594,0.253,0.9765,1.65,0.0,-0.445,0.427,0,3,0.8960977157360406
VND_BETA,BLADE_X,2021-10-10,2021-10-11,7204,5898,10,0,12,0.85,0.5036,2.688,0.8541,7.34,4.7,-0.665,2.932,1,1,0.8187118267629095
VND_ALPHA,BLADE_X,2022-09-06,2022-09-07,2508,2044,9,0,12,0.85,0.8252,0.935,0.934,3.19,0.54,0.027,0.512,1,1,0.8149920255183413
VND_DELTA,CABLE_R,2023-04-11,2023-04-18,6932,5694,4,0,8,0.7,0.4029,5.055,0.7364,10.0,7.27,-1.0,3.863,1,7,0.8214079630698211
VND_DELTA,MOTOR_X,2023-11-16,2023-11-20,6435,4948,11,1,14,0.95,0.3871,4.484,0.8238,10.0,9.01,-1.0,3.571,1,4,0.7689199689199689
VND_DELTA,CASING_B,2022-04-12,2022-04-16,2058,1110,4,0,7,0.6,0.4334,4.215,0.7799,10.0,7.27,-1.0,3.863,1,4,0.5393586005830904
VND_DELTA,SCREW_M4,2022-04-24,2022-04-27,4425,3838,4,0,5,0.4,0.3428,4.385,0.7662,10.0,7.27,-1.0,3.863,1,3,0.8673446327683616
VND_ZETA,BEARING_01,2023-08-03,2023-08-03,2990,2990,8,0,11,0.8,0.9886,0.874,0.9948,1.44,0.77,0.404,0.0,0,0,1.0
VND_GAMMA,BATTERY_A,2022-01-20,2022-01-20,3712,3511,1,1,10,0.9,0.9131,0.983,0.9738,1.85,2.16,0.022,0.306,0,0,0.9458512931034483
VND_BETA,SWITCH_S,2023-06-18,2023-06-23,3886,3181,6,0,6,0.65,0.5978,3.153,0.8967,8.51,4.55,-0.832,3.415,0,5,0.8185795162120433
VND_GAMMA,MOTOR_X,2021-10-12,2021-10-13,4930,4930,10,0,14,0.95,0.9484,-0.248,0.9995,0.49,0.87,-0.256,1.02,0,1,1.0
VND_GAMMA,CASING_B,2021-01-20,2021-01-20,4294,4294,1,1,7,0.6,0.9184,-0.275,0.9519,1.85,2.16,0.022,0.306,0,0,1.0
VND_GAMMA,CABLE_R,2022-04-07,2022-04-08,3633,3381,4,0,8,0.7,0.9133,0.038,1.0,1.81,0.33,-0.556,0.389,0,1,0.930635838150289
VND_ZETA,SWITCH_S,2023-04-07,2023-04-09,6449,5683,4,0,6,0.65,0.9009,0.092,1.0,4.0,1.67,-0.484,0.326,0,2,0.8812218948674213
VND_GAMMA,BLADE_X,2021-02-17,2021-02-19,4849,4849,2,0,12,0.85,0.9962,0.687,0.9862,0.13,0.0,-0.083,0.079,0,2,1.0
VND_BETA,MOTOR_X,2021-11-11,2021-11-14,2905,2487,11,1,14,0.95,0.6165,3.016,0.9235,7.62,7.21,-0.911,3.187,1,3,0.8561101549053356
VND_DELTA,SWITCH_S,2022-02-23,2022-02-28,7971,7381,2,0,6,0.65,0.4076,4.91,0.7229,10.0,7.1,-1.0,3.739,1,5,0.9259816836030611
VND_ALPHA,SWITCH_S,2023-12-31,2024-01-01,3365,3056,12,1,6,0.65,0.878,0.553,0.9678,1.72,2.38,-0.358,1.423,0,1,0.9081723625557206
VND_DELTA,SCREW_M4,2021-08-11,2021-08-16,2893,2670,8,0,5,0.4,0.3759,4.78,0.7902,10.0,7.14,-1.0,3.931,1,5,0.9229173867957138
VND_ZETA,BEARING_01,2022-09-16,2022-09-16,963,835,9,0,11,0.8,0.8958,0.855,0.9893,3.04,0.65,-0.322,0.705,0,0,0.8670820353063343
VND_ALPHA,CASING_B,2021-12-30,2021-12-30,462,433,12,1,7,0.6,0.8105,1.336,0.9096,1.72,2.38,-0.358,1.423,0,0,0.9372294372294372
VND_ALPHA,BEARING_01,2022-01-18,2022-01-21,1830,1551,1,1,11,0.8,0.8255,0.639,0.9522,3.7,2.96,-0.026,1.609,0,3,0.8475409836065574
VND_DELTA,BATTERY_A,2022-08-05,2022-08-08,1886,1484,8,0,10,0.9,0.3601,5.007,0.7658,10.0,7.14,-1.0,3.931,1,3,0.7868504772004242
VND_GAMMA,SCREW_M4,2023-12-10,2023-12-10,773,710,12,1,5,0.4,0.9195,0.718,0.9404,1.78,3.21,-0.462,0.474,0,0,0.9184993531694696
VND_ALPHA,BEARING_01,2023-01-25,2023-01-25,4447,4299,1,1,11,0.8,0.8479,1.25,0.9941,3.7,2.96,-0.026,1.609,0,0,0.9667191364965145
VND_BETA,MOTOR_X,2022-11-01,2022-11-05,7242,5921,11,1,14,0.95,0.5387,2.346,0.9177,7.62,7.21,-0.911,3.187,1,4,0.8175918254625794
VND_DELTA,SWITCH_S,2021-11-18,2021-11-25,1107,765,11,1,6,0.65,0.3975,4.356,0.7664,10.0,9.01,-1.0,3.571,1,7,0.6910569105691057
VND_EPSILON,CASING_B,2023-05-07,2023-05-08,4117,3512,5,0,7,0.6,0.7366,1.953,0.925,5.37,6.65,-0.289,2.054,1,1,0.853048336167112
VND_DELTA,BATTERY_A,2022-02-27,2022-03-04,1264,737,2,0,10,0.9,0.3473,4.999,0.7656,10.0,7.1,-1.0,3.739,1,5,0.5830696202531646
VND_GAMMA,SCREW_M4,2023-06-05,2023-06-05,6900,6442,6,0,5,0.4,0.9046,0.498,0.9942,1.52,0.0,0.363,0.701,0,0,0.933623188405797
VND_BETA,BEARING_01,2022-09-28,2022-09-30,5012,4435,9,0,11,0.8,0.6366,2.736,0.9329,7.93,5.56,-0.497,2.593,1,2,0.88487629688747
VND_EPSILON,SCREW_M4,2023-07-29,2023-08-01,2456,2205,7,0,5,0.4,0.671,1.434,0.9043,4.08,2.56,-0.606,1.633,0,3,0.8978013029315961
VND_ALPHA,SCREW_M4,2021-10-20,2021-10-21,3851,3851,10,0,5,0.4,0.8482,0.683,0.9345,3.41,0.0,-0.618,1.079,0,1,1.0
VND_DELTA,BATTERY_A,2022-05-21,2022-05-21,4507,3610,5,0,10,0.9,0.3924,4.226,0.7702,9.38,7.59,-0.912,3.272,1,0,0.8009762591524295
VND_EPSILON,CABLE_R,2023-10-03,2023-10-07,3969,3000,10,0,8,0.7,0.6818,1.299,0.892,4.13,3.48,-0.679,1.687,0,4,0.7558578987150416
VND_EPSILON,BEARING_01,2021-03-22,2021-03-22,6239,6239,3,0,11,0.8,0.7533,1.77,0.9652,5.21,3.36,-0.135,2.022,1,0,1.0
VND_GAMMA,BATTERY_A,2023-07-24,2023-07-24,3040,2765,7,0,10,0.9,0.9134,0.404,1.0,2.34,0.0,0.441,0.0,0,0,0.9095394736842105
VND_DELTA,BLADE_X,2021-12-25,2021-12-31,3600,2585,12,1,12,0.85,0.3805,4.033,0.7463,9.5,6.79,-1.0,3.943,1,6,0.7180555555555556
VND_BETA,SCREW_M4,2023-06-04,2023-06-06,3950,3077,6,0,5,0.4,0.5003,2.975,0.9101,8.51,4.55,-0.832,3.415,0,2,0.7789873417721519
VND_ZETA,SWITCH_S,2022-01-11,2022-01-12,5922,5883,1,1,6,0.65,0.9428,0.875,1.0,1.09,2.03,0.123,0.866,0,1,0.9934143870314083
VND_DELTA,BATTERY_A,2021-03-31,2021-04-09,2163,1235,3,0,10,0.9,0.4055,4.56,0.8179,9.67,7.03,-1.0,3.314,1,9,0.5709662505779011
VND_GAMMA,CASING_B,2022-08-21,2022-08-22,5661,5661,8,0,7,0.6,0.9408,-0.303,0.9974,2.14,2.59,-0.277,0.173,0,1,1.0
VND_ZETA,BATTERY_A,2022-03-21,2022-03-21,7644,7644,3,0,10,0.9,0.9111,0.505,0.9812,3.65,1.04,-0.406,0.887,0,0,1.0
VND_DELTA,BEARING_01,2021-09-06,2021-09-14,3220,2041,9,0,11,0.8,0.4008,4.495,0.787,10.0,8.25,-1.0,4.688,1,8,0.6338509316770187
VND_ALPHA,BATTERY_A,2023-10-31,2023-10-31,6479,6264,10,0,10,0.9,0.8403,1.073,0.9366,3.41,0.0,-0.618,1.079,0,0,0.9668158666460873
VND_DELTA,CABLE_R,2023-07-13,2023-07-15,1550,1010,7,0,8,0.7,0.3127,5.026,0.7413,10.0,6.05,-1.0,3.274,0,2,0.6516129032258065
VND_BETA,BLADE_X,2023-11-03,2023-11-05,565,535,11,1,12,0.85,0.5843,2.409,0.9462,7.62,7.21,-0.911,3.187,1,2,0.9469026548672567
VND_ALPHA,BEARING_01,2021-05-30,2021-05-29,5433,5097,5,0,11,0.8,0.7911,1.176,0.9406,2.19,1.91,-0.492,0.435,0,-1,0.9381557150745444
VND_DELTA,BEARING_01,2022-12-05,2022-12-05,6310,4193,12,1,11,0.8,0.373,5.273,0.7909,9.5,6.79,-1.0,3.943,1,0,0.664500792393027
VND_BETA,SWITCH_S,2023-03-24,2023-03-26,509,459,3,0,6,0.65,0.5772,2.337,0.8781,7.31,4.89,-0.841,3.19,1,2,0.9017681728880157
VND_GAMMA,MOTOR_X,2021-08-23,2021-08-21,6008,6008,8,0,14,0.95,0.9986,0.167,0.9611,2.14,2.59,-0.277,0.173,0,-2,1.0
VND_GAMMA,CASING_B,2023-08-09,2023-08-09,4171,4171,8,0,7,0.6,0.8966,0.036,1.0,2.14,2.59,-0.277,0.173,0,0,1.0
VND_ALPHA,BEARING_01,2021-06-19,2021-06-20,4692,4692,6,0,11,0.8,0.8142,1.664,1.0,4.67,1.37,-0.2,0.43,0,1,1.0
VND_ZETA,SCREW_M4,2023-06-16,2023-06-18,1348,1348,6,0,5,0.4,0.9432,0.603,0.916,0.95,0.58,-1.0,0.11,0,2,1.0
VND_GAMMA,BEARING_01,2021-11-27,2021-11-29,1597,1597,11,1,11,0.8,0.9208,0.706,0.9863,0.77,1.58,0.264,0.0,0,2,1.0
VND_EPSILON,MOTOR_X,2021-07-25,2021-07-30,1651,1553,7,0,14,0.95,0.7699,1.517,0.8989,4.08,2.56,-0.606,1.633,1,5,0.9406420351302242
VND_ALPHA,BLADE_X,2023-12-31,2024-01-03,6273,6273,12,1,12,0.85,0.769,1.109,1.0,1.72,2.38,-0.358,1.423,0,3,1.0
VND_BETA,SWITCH_S,2021-06-08,2021-06-10,5700,4610,6,0,6,0.65,0.4754,3.698,0.8668,8.51,4.55,-0.832,3.415,0,2,0.8087719298245614
VND_ZETA,MOTOR_X,2022-07-14,2022-07-15,1457,1250,7,0,14,0.95,0.9083,0.174,0.9738,1.63,0.0,0.462,0.0,0,1,0.8579272477693891
VND_GAMMA,BEARING_01,2021-12-31,2022-01-01,1974,1945,12,1,11,0.8,0.9751,0.184,0.97,1.78,3.21,-0.462,0.474,0,1,0.9853090172239108
VND_ZETA,MOTOR_X,2023-12-27,2023-12-27,1970,1878,12,1,14,0.95,0.9346,0.305,0.9352,4.01,0.19,-0.074,0.755,0,0,0.9532994923857868
VND_ZETA,BEARING_01,2021-04-08,2021-04-08,7052,7052,4,0,11,0.8,0.9711,0.031,1.0,4.0,1.67,-0.484,0.326,0,0,1.0
VND_DELTA,BATTERY_A,2022-09-24,2022-09-28,3837,2817,9,0,10,0.9,0.4588,4.95,0.7641,10.0,8.25,-1.0,4.688,1,4,0.7341673182173573
VND_EPSILON,MOTOR_X,2021-01-10,2021-01-08,598,598,1,1,14,0.95,0.7386,1.13,0.9436,5.06,3.05,-0.408,1.754,1,-2,1.0
VND_BETA,SWITCH_S,2022-05-27,2022-05-30,3269,2635,5,0,6,0.65,0.5626,2.409,0.8698,8.96,6.56,-0.962,3.201,0,3,0.806056898133986
VND_BETA,SCREW_M4,2021-07-07,2021-07-11,331,314,7,0,5,0.4,0.554,3.671,0.8669,8.11,6.76,-1.0,3.129,1,4,0.9486404833836858
VND_ALPHA,SWITCH_S,2021-01-30,2021-01-30,2961,2645,1,1,6,0.65,0.84,1.421,0.9932,3.7,2.96,-0.026,1.609,0,0,0.8932792975346167
VND_ZETA,SCREW_M4,2021-05-10,2021-05-10,2006,1824,5,0,5,0.4,0.9768,-0.02,0.9592,3.15,0.0,0.105,0.83,0,0,0.909272183449651
VND_ZETA,BATTERY_A,2021-12-10,2021-12-11,6131,6131,12,1,10,0.9,0.9621,0.235,0.9688,4.01,0.19,-0.074,0.755,0,1,1.0
VND_ALPHA,CASING_B,2023-05-02,2023-05-05,4398,4009,5,0,7,0.6,0.8311,1.062,0.9279,2.19,1.91,-0.492,0.435,0,3,0.9115507048658481
VND_GAMMA,BATTERY_A,2022-10-23,2022-10-24,4804,4360,10,0,10,0.9,0.9544,-0.253,1.0,0.49,0.87,-0.256,1.02,0,1,0.9075770191507078
VND_EPSILON,SCREW_M4,2022-03-01,2022-03-01,7854,7554,3,0,5,0.4,0.7322,1.805,0.8844,5.21,3.36,-0.135,2.022,1,0,0.9618029029793735
VND_DELTA,SWITCH_S,2021-09-05,2021-09-15,2103,1595,9,0,6,0.65,0.4795,4.412,0.7922,10.0,8.25,-1.0,4.688,1,10,0.7584403233475987
VND_ALPHA,SCREW_M4,2023-01-01,2023-01-05,2849,2849,1,1,5,0.4,0.7952,-0.127,0.9536,3.7,2.96,-0.026,1.609,1,4,1.0
VND_ALPHA,CASING_B,2023-04-04,2023-04-04,5557,5537,4,0,7,0.6,0.8291,1.428,0.934,3.44,0.0,-0.737,0.775,0,0,0.9964009357567033
VND_ALPHA,CABLE_R,2023-03-09,2023-03-10,1942,1556,3,0,8,0.7,0.8064,1.922,0.9712,2.73,2.14,-0.359,0.814,1,1,0.8012358393408857
VND_BETA,BEARING_01,2021-05-16,2021-05-19,5590,4891,5,0,11,0.8,0.6065,3.246,0.868,8.96,6.56,-0.962,3.201,1,3,0.8749552772808586
VND_ZETA,BLADE_X,2023-01-26,2023-01-26,559,466,1,1,12,0.85,0.9472,0.078,0.9435,1.09,2.03,0.123,0.866,1,0,0.8336314847942755
VND_BETA,BATTERY_A,2023-04-22,2023-04-22,2670,2510,4,0,10,0.9,0.5764,3.229,0.8917,7.67,5.01,-1.0,2.322,0,0,0.9400749063670412
VND_ALPHA,BEARING_01,2021-12-18,2021-12-20,2263,2192,12,1,11,0.8,0.8479,0.032,0.9633,1.72,2.38,-0.358,1.423,0,2,0.968625718073354
VND_EPSILON,BATTERY_A,2022-10-27,2022-10-27,5368,4951,10,0,10,0.9,0.7406,1.492,0.937,4.13,3.48,-0.679,1.687,1,0,0.922317436661699
VND_ZETA,SWITCH_S,2021-09-30,2021-09-30,2920,2474,9,0,6,0.65,0.9707,0.651,0.9967,3.04,0.65,-0.322,0.705,0,0,0.8472602739726027
VND_ZETA,CASING_B,2022-10-14,2022-10-14,7175,7175,10,0,7,0.6,0.9078,0.359,0.9457,2.08,0.04,-0.007,0.366,0,0,1.0
VND_ALPHA,BEARING_01,2022-11-18,2022-11-22,344,343,11,1,11,0.8,0.8267,1.794,0.8899,3.94,3.27,-0.255,0.88,1,4,0.997093023255814
VND_DELTA,BEARING_01,2023-11-13,2023-11-15,5447,3622,11,1,11,0.8,0.3465,4.197,0.8095,10.0,9.01,-1.0,3.571,1,2,0.6649531852395815
VND_EPSILON,SCREW_M4,2021-01-28,2021-02-01,2105,1766,1,1,5,0.4,0.7251,1.304,0.9617,5.06,3.05,-0.408,1.754,1,4,0.8389548693586698
VND_EPSILON,MOTOR_X,2021-09-12,2021-09-12,2730,2730,9,0,14,0.95,0.7238,1.62,0.9842,4.38,3.89,-0.441,1.169,0,0,1.0
VND_ZETA,SCREW_M4,2023-05-28,2023-05-28,6403,6192,5,0,5,0.4,0.9308,-0.207,1.0,3.15,0.0,0.105,0.83,0,0,0.9670466968608464
VND_EPSILON,SCREW_M4,2021-06-12,2021-06-13,690,634,6,0,5,0.4,0.7692,1.669,0.9232,5.8,3.45,-0.555,1.904,0,1,0.9188405797101449
VND_GAMMA,CASING_B,2023-10-19,2023-10-17,2629,2612,10,0,7,0.6,0.9705,0.035,0.9922,0.49,0.87,-0.256,1.02,0,-2,0.9935336629897299
VND_BETA,SCREW_M4,2023-02-09,2023-02-10,1874,1708,2,0,5,0.4,0.5305,2.529,0.8592,7.47,5.81,-0.631,3.173,1,1,0.9114194236926361
VND_BETA,MOTOR_X,2023-06-28,2023-07-05,6255,6033,6,0,14,0.95,0.4755,2.494,0.8873,8.51,4.55,-0.832,3.415,1,7,0.9645083932853717
VND_BETA,CABLE_R,2022-07-24,2022-07-27,2801,2777,7,0,8,0.7,0.5091,2.924,0.9136,8.11,6.76,-1.0,3.129,0,3,0.9914316315601571
VND_EPSILON,MOTOR_X,2023-04-30,2023-05-02,5508,5508,4,0,14,0.95,0.774,1.163,0.949,3.47,1.86,-0.305,1.806,1,2,1.0
VND_ALPHA,BLADE_X,2022-04-15,2022-04-15,7138,6782,4,0,12,0.85,0.8726,1.204,0.9696,3.44,0.0,-0.737,0.775,0,0,0.950126085738302
VND_GAMMA,CABLE_R,2022-05-12,2022-05-12,1886,1886,5,0,8,0.7,1.0,0.489,0.996,1.61,2.86,-0.038,0.521,0,0,1.0
VND_ZETA,MOTOR_X,2022-05-24,2022-05-24,6765,6636,5,0,14,0.95,0.9469,0.293,1.0,3.15,0.0,0.105,0.83,0,0,0.9809312638580931
VND_EPSILON,SCREW_M4,2023-02-21,2023-02-23,4471,3933,2,0,5,0.4,0.7475,1.546,0.925,3.97,2.95,-0.443,1.143,0,2,0.8796689778573026
VND_BETA,CABLE_R,2023-06-25,2023-06-27,5359,4616,6,0,8,0.7,0.5353,2.672,0.8669,8.51,4.55,-0.832,3.415,1,2,0.8613547303601418
VND_ALPHA,MOTOR_X,2023-10-04,2023-10-06,773,733,10,0,14,0.95,0.8609,1.615,0.9856,3.41,0.0,-0.618,1.079,1,2,0.9482535575679172
VND_ALPHA,SCREW_M4,2021-10-17,2021-10-18,7886,7886,10,0,5,0.4,0.8318,0.295,0.9684,3.41,0.0,-0.618,1.079,1,1,1.0
VND_BETA,SCREW_M4,2021-07-07,2021-07-12,1622,1440,7,0,5,0.4,0.5458,2.61,0.885,8.11,6.76,-1.0,3.129,1,5,0.8877928483353884
VND_BETA,SCREW_M4,2023-11-06,2023-11-12,840,764,11,1,5,0.4,0.5682,2.824,0.8805,7.62,7.21,-0.911,3.187,1,6,0.9095238095238095
VND_ZETA,SWITCH_S,2023-08-15,2023-08-15,2751,2425,8,0,6,0.65,0.982,0.188,0.9593,1.44,0.77,0.404,0.0,0,0,0.881497637222828
VND_ZETA,CASING_B,2022-02-09,2022-02-07,2206,2035,2,0,7,0.6,0.9347,0.581,0.9606,0.68,0.31,-0.17,0.259,0,-2,0.9224841341795105
VND_BETA,SWITCH_S,2022-05-25,2022-05-29,2683,2207,5,0,6,0.65,0.5446,2.451,0.8635,8.96,6.56,-0.962,3.201,0,4,0.8225866567275438
VND_EPSILON,BLADE_X,2023-07-08,2023-07-10,5406,5406,7,0,12,0.85,0.6806,1.882,0.9157,4.08,2.56,-0.606,1.633,1,2,1.0
VND_GAMMA,SCREW_M4,2023-09-13,2023-09-14,855,784,9,0,5,0.4,0.9357,-0.458,1.0,1.65,0.0,-0.445,0.427,0,1,0.9169590643274854
VND_DELTA,CABLE_R,2023-02-13,2023-02-16,1574,1375,2,0,8,0.7,0.4345,4.117,0.7758,10.0,7.1,-1.0,3.739,1,3,0.8735705209656925
VND_DELTA,BEARING_01,2023-05-16,2023-05-20,4339,2490,5,0,11,0.8,0.3785,4.828,0.7689,9.38,7.59,-0.912,3.272,1,4,0.5738649458400553
VND_BETA,SWITCH_S,2023-09-15,2023-09-17,362,320,9,0,6,0.65,0.6108,2.709,0.8309,7.93,5.56,-0.497,2.593,1,2,0.8839779005524862
VND_DELTA,SWITCH_S,2021-06-20,2021-06-24,6416,6036,6,0,6,0.65,0.4242,4.295,0.7762,10.0,7.21,-1.0,4.359,1,4,0.9407730673316709
VND_EPSILON,BLADE_X,2021-11-09,2021-11-10,4728,4478,11,1,12,0.85,0.7114,2.019,0.9062,4.9,3.65,0.183,1.854,0,1,0.9471235194585449
VND_GAMMA,CASING_B,2023-02-19,2023-02-19,3998,3841,2,0,7,0.6,0.9802,0.237,1.0,0.13,0.0,-0.083,0.079,0,0,0.9607303651825913
VND_DELTA,BLADE_X,2022-08-04,2022-08-08,3273,2749,8,0,12,0.85,0.4176,5.262,0.7533,10.0,7.14,-1.0,3.931,1,4,0.8399022303696914
VND_ALPHA,BEARING_01,2022-11-14,2022-11-16,1319,1251,11,1,11,0.8,0.8315,0.985,0.963,3.94,3.27,-0.255,0.88,0,2,0.9484457922668689
VND_BETA,BEARING_01,2021-11-13,2021-11-16,7704,7111,11,1,11,0.8,0.55,2.363,0.906,7.62,7.21,-0.911,3.187,0,3,0.9230269989615784
VND_ALPHA,SCREW_M4,2021-01-27,2021-01-30,7258,6781,1,1,5,0.4,0.8622,0.866,0.9312,3.7,2.96,-0.026,1.609,0,3,0.9342794158170294
VND_DELTA,CABLE_R,2023-04-09,2023-04-14,7783,5742,4,0,8,0.7,0.3288,4.574,0.7261,10.0,7.27,-1.0,3.863,1,5,0.7377617885134267
VND_DELTA,SWITCH_S,2023-02-04,2023-02-03,3346,2579,2,0,6,0.65,0.4257,4.915,0.7955,10.0,7.1,-1.0,3.739,1,-1,0.7707710699342498
VND_GAMMA,BEARING_01,2021-05-26,2021-05-26,3548,3198,5,0,11,0.8,0.9885,0.245,0.9935,1.61,2.86,-0.038,0.521,0,0,0.9013528748590756
VND_ALPHA,MOTOR_X,2023-02-28,2023-03-03,7836,7836,2,0,14,0.95,0.7846,0.938,0.9557,2.97,1.37,0.254,1.307,1,3,1.0
VND_BETA,CASING_B,2023-06-13,2023-06-15,2291,2255,6,0,7,0.6,0.5537,2.529,0.8369,8.51,4.55,-0.832,3.415,0,2,0.9842863378437363
VND_EPSILON,CABLE_R,2023-09-28,2023-09-27,5401,4792,9,0,8,0.7,0.7168,2.122,0.9577,4.38,3.89,-0.441,1.169,0,-1,0.8872431031290502
VND_ZETA,CABLE_R,2021-04-29,2021-05-01,5532,5532,4,0,8,0.7,0.9065,0.081,1.0,4.0,1.67,-0.484,0.326,0,2,1.0
VND_DELTA,SWITCH_S,2022-05-21,2022-05-22,2185,1641,5,0,6,0.65,0.4074,4.554,0.8093,9.38,7.59,-0.912,3.272,1,1,0.7510297482837529
VND_ALPHA,BEARING_01,2023-01-11,2023-01-11,5368,4702,1,1,11,0.8,0.8322,1.307,0.963,3.7,2.96,-0.026,1.609,0,0,0.8759314456035767
VND_ZETA,MOTOR_X,2021-10-30,2021-10-30,2340,1950,10,0,14,0.95,0.9523,1.098,0.9501,2.08,0.04,-0.007,0.366,0,0,0.8333333333333334
VND_ZETA,BEARING_01,2021-10-29,2021-10-31,2283,2283,10,0,11,0.8,1.0,0.273,0.9684,2.08,0.04,-0.007,0.366,0,2,1.0
VND_EPSILON,SCREW_M4,2021-11-27,2021-11-26,301,257,11,1,5,0.4,0.7378,1.497,0.915,4.9,3.65,0.183,1.854,0,-1,0.8538205980066446
VND_ALPHA,BATTERY_A,2023-02-27,2023-02-28,3457,3385,2,0,10,0.9,0.8483,0.754,0.9579,2.97,1.37,0.254,1.307,0,1,0.9791726930864911
VND_EPSILON,BATTERY_A,2022-01-22,2022-01-22,7376,6713,1,1,10,0.9,0.722,1.005,0.9174,5.06,3.05,-0.408,1.754,0,0,0.9101138828633406
VND_BETA,SWITCH_S,2023-05-25,2023-05-23,2271,2107,5,0,6,0.65,0.5572,2.809,0.9154,8.96,6.56,-0.962,3.201,0,-2,0.9277851166886834
VND_EPSILON,BLADE_X,2023-12-28,2023-12-31,5594,4961,12,1,12,0.85,0.7383,1.76,0.9499,2.82,4.49,-0.659,1.941,0,3,0.8868430461208437
VND_EPSILON,SWITCH_S,2022-09-23,2022-09-26,6212,5565,9,0,6,0.65,0.7428,1.659,0.8871,4.38,3.89,-0.441,1.169,0,3,0.8958467482292337
VND_ZETA,SWITCH_S,2021-07-02,2021-07-03,1095,1095,7,0,6,0.65,0.9422,0.093,0.9291,1.63,0.0,0.462,0.0,0,1,1.0
VND_BETA,CABLE_R,2022-07-05,2022-07-10,6333,5060,7,0,8,0.7,0.4963,2.805,0.9507,8.11,6.76,-1.0,3.129,1,5,0.7989894204958156
VND_ZETA,SCREW_M4,2023-03-27,2023-03-25,5926,5926,3,0,5,0.4,0.9078,-0.463,0.9556,3.65,1.04,-0.406,0.887,0,-2,1.0
VND_ALPHA,BLADE_X,2021-12-11,2021-12-11,6887,6476,12,1,12,0.85,0.8288,1.28,0.9647,1.72,2.38,-0.358,1.423,0,0,0.940322346449833
VND_ALPHA,BEARING_01,2021-07-18,2021-07-20,772,653,7,0,11,0.8,0.8789,0.432,0.9875,2.66,1.71,-0.565,1.15,0,2,0.8458549222797928
VND_EPSILON,SWITCH_S,2023-05-04,2023-05-03,5561,5561,5,0,6,0.65,0.7761,1.083,0.9349,5.37,6.65,-0.289,2.054,0,-1,1.0
VND_ZETA,BLADE_X,2023-06-02,2023-06-03,1597,1518,6,0,12,0.85,1.0,0.477,0.9704,0.95,0.58,-1.0,0.11,1,1,0.9505322479649343
VND_GAMMA,CASING_B,2022-01-17,2022-01-17,5967,5430,1,1,7,0.6,0.9083,0.17,0.9821,1.85,2.16,0.022,0.306,0,0,0.9100050276520865
VND_BETA,CASING_B,2023-09-24,2023-09-25,1690,1690,9,0,7,0.6,0.5088,2.859,0.8978,7.93,5.56,-0.497,2.593,1,1,1.0
VND_DELTA,BATTERY_A,2022-03-12,2022-03-18,1720,1226,3,0,10,0.9,0.373,4.769,0.7948,9.67,7.03,-1.0,3.314,0,6,0.7127906976744186
VND_ALPHA,SCREW_M4,2022-01-10,2022-01-10,6828,5616,1,1,5,0.4,0.8013,0.541,0.94,3.7,2.96,-0.026,1.609,0,0,0.8224956063268892
VND_GAMMA,SCREW_M4,2023-04-18,2023-04-18,3810,3810,4,0,5,0.4,0.9567,0.492,0.9819,1.81,0.33,-0.556,0.389,1,0,1.0
VND_ZETA,BATTERY_A,2021-12-07,2021-12-07,853,853,12,1,10,0.9,0.953,-0.003,0.9283,4.01,0.19,-0.074,0.755,0,0,1.0
VND_ALPHA,BLADE_X,2023-02-13,2023-02-14,1221,1221,2,0,12,0.85,0.7412,1.345,0.9485,2.97,1.37,0.254,1.307,0,1,1.0
VND_ALPHA,BLADE_X,2022-12-02,2022-12-06,443,409,12,1,12,0.85,0.8436,0.959,0.9213,1.72,2.38,-0.358,1.423,0,4,0.9232505643340858
VND_DELTA,SCREW_M4,2023-09-21,2023-09-28,5711,5053,9,0,5,0.4,0.3211,4.331,0.7553,10.0,8.25,-1.0,4.688,0,7,0.8847837506566275
VND_ALPHA,BATTERY_A,2021-05-06,2021-05-06,2379,2176,5,0,10,0.9,0.6746,1.837,0.9765,2.19,1.91,-0.492,0.435,0,0,0.9146700294241278
VND_ZETA,MOTOR_X,2021-03-27,2021-03-27,993,925,3,0,14,0.95,0.8889,1.069,0.9941,3.65,1.04,-0.406,0.887,0,0,0.9315206445115811
VND_EPSILON,SCREW_M4,2021-01-15,2021-01-15,3277,3070,1,1,5,0.4,0.8181,1.753,0.9338,5.06,3.05,-0.408,1.754,1,0,0.9368324687213915
VND_DELTA,BLADE_X,2023-08-28,2023-09-03,6400,3976,8,0,12,0.85,0.3452,4.034,0.7664,10.0,7.14,-1.0,3.931,1,6,0.62125
VND_EPSILON,CABLE_R,2023-05-30,2023-05-30,2957,2682,5,0,8,0.7,0.7779,1.778,0.9379,5.37,6.65,-0.289,2.054,0,0,0.9070003381805885
VND_ZETA,CABLE_R,2022-12-04,2022-12-04,2782,2593,12,1,8,0.7,0.8741,0.722,0.9771,4.01,0.19,-0.074,0.755,0,0,0.9320632638389648
VND_GAMMA,SCREW_M4,2023-03-28,2023-03-28,3300,3111,3,0,5,0.4,0.9686,0.267,1.0,1.39,0.8,0.586,0.47,0,0,0.9427272727272727
VND_GAMMA,MOTOR_X,2022-11-08,2022-11-09,6804,6804,11,1,14,0.95,1.0,0.496,0.9797,0.77,1.58,0.264,0.0,0,1,1.0
VND_ALPHA,BATTERY_A,2023-07-25,2023-07-26,7331,7329,7,0,10,0.9,0.928,0.97,0.9881,2.66,1.71,-0.565,1.15,0,1,0.9997271859227936
VND_ZETA,SWITCH_S,2021-10-12,2021-10-12,410,410,10,0,6,0.65,0.894,-0.351,0.9955,2.08,0.04,-0.007,0.366,0,0,1.0
VND_EPSILON,BATTERY_A,2022-07-27,2022-07-28,7991,7991,7,0,10,0.9,0.7372,2.014,0.9101,4.08,2.56,-0.606,1.633,0,1,1.0
VND_GAMMA,SCREW_M4,2023-07-15,2023-07-14,5265,5208,7,0,5,0.4,0.9565,0.261,1.0,2.34,0.0,0.441,0.0,0,-1,0.9891737891737892
VND_EPSILON,BEARING_01,2023-04-27,2023-04-28,5608,5064,4,0,11,0.8,0.7219,1.339,0.9557,3.47,1.86,-0.305,1.806,1,1,0.9029957203994294
VND_ALPHA,SCREW_M4,2022-10-22,2022-10-23,336,322,10,0,5,0.4,0.8395,1.414,1.0,3.41,0.0,-0.618,1.079,0,1,0.9583333333333334
VND_ALPHA,CABLE_R,2022-10-29,2022-10-30,5753,5753,10,0,8,0.7,0.8437,1.249,0.9761,3.41,0.0,-0.618,1.079,0,1,1.0
VND_BETA,BEARING_01,2023-09-20,2023-09-20,3478,3478,9,0,11,0.8,0.5829,3.279,0.8687,7.93,5.56,-0.497,2.593,0,0,1.0
VND_GAMMA,BATTERY_A,2023-05-27,2023-05-27,7892,7892,5,0,10,0.9,0.9257,0.196,1.0,1.61,2.86,-0.038,0.521,0,0,1.0
VND_ZETA,BEARING_01,2021-07-25,2021-07-26,6215,6215,7,0,11,0.8,0.9253,0.362,0.9788,1.63,0.0,0.462,0.0,0,1,1.0
VND_GAMMA,SWITCH_S,2022-02-04,2022-02-05,6032,5480,2,0,6,0.65,0.9623,1.034,1.0,0.13,0.0,-0.083,0.079,0,1,0.9084880636604774
VND_EPSILON,CASING_B,2023-10-31,2023-11-04,460,451,10,0,7,0.6,0.7922,1.933,0.934,4.13,3.48,-0.679,1.687,1,4,0.9804347826086957
VND_DELTA,CASING_B,2021-06-28,2021-07-03,2668,1364,6,0,7,0.6,0.3275,3.625,0.7753,10.0,7.21,-1.0,4.359,1,5,0.5112443778110944
VND_BETA,BEARING_01,2023-07-03,2023-07-06,1147,1145,7,0,11,0.8,0.568,2.529,0.9165,8.11,6.76,-1.0,3.129,1,3,0.998256320836966
VND_ZETA,BEARING_01,2022-05-09,2022-05-09,2193,2193,5,0,11,0.8,0.998,0.625,0.9581,3.15,0.0,0.105,0.83,0,0,1.0
VND_BETA,SCREW_M4,2021-07-03,2021-07-08,1064,942,7,0,5,0.4,0.4752,3.128,0.8231,8.11,6.76,-1.0,3.129,1,5,0.8853383458646616
VND_ZETA,SWITCH_S,2021-03-01,2021-02-27,1512,1504,3,0,6,0.65,0.8328,0.835,0.9957,3.65,1.04,-0.406,0.887,0,-2,0.9947089947089947
VND_DELTA,CABLE_R,2022-07-29,2022-08-01,2005,1635,7,0,8,0.7,0.3889,4.92,0.7732,10.0,6.05,-1.0,3.274,1,3,0.8154613466334164
VND_ZETA,BLADE_X,2023-09-03,2023-09-01,7994,7519,9,0,12,0.85,0.9291,0.321,1.0,3.04,0.65,-0.322,0.705,1,-2,0.9405804353264948
VND_ZETA,BATTERY_A,2021-10-06,2021-10-05,7759,7431,10,0,10,0.9,0.9057,-0.297,0.9147,2.08,0.04,-0.007,0.366,0,-1,0.9577265111483438
VND_ALPHA,BEARING_01,2022-11-13,2022-11-13,7342,7014,11,1,11,0.8,0.8454,1.139,1.0,3.94,3.27,-0.255,0.88,0,0,0.9553255243802778
VND_EPSILON,SCREW_M4,2021-05-13,2021-05-15,5475,4752,5,0,5,0.4,0.7003,1.798,0.9264,5.37,6.65,-0.289,2.054,0,2,0.8679452054794521
VND_DELTA,CABLE_R,2023-02-21,2023-02-23,5556,3883,2,0,8,0.7,0.4406,3.929,0.708,10.0,7.1,-1.0,3.739,1,2,0.6988840892728582
VND_BETA,SWITCH_S,2022-04-03,2022-04-03,2322,2004,4,0,6,0.65,0.5454,2.694,0.8601,7.67,5.01,-1.0,2.322,0,0,0.8630490956072352
VND_GAMMA,BATTERY_A,2021-06-29,2021-06-30,1112,1112,6,0,10,0.9,0.9318,0.595,0.9827,1.52,0.0,0.363,0.701,0,1,1.0
VND_GAMMA,BATTERY_A,2022-01-21,2022-01-22,6299,5763,1,1,10,0.9,0.942,-0.213,0.9561,1.85,2.16,0.022,0.306,0,1,0.914907128115574
VND_EPSILON,BATTERY_A,2023-01-24,2023-01-27,1243,1111,1,1,10,0.9,0.697,1.359,0.9069,5.06,3.05,-0.408,1.754,1,3,0.8938053097345132
VND_DELTA,CABLE_R,2021-01-04,2021-01-06,2746,2125,1,1,8,0.7,0.3269,4.155,0.7203,10.0,9.08,-1.0,3.072,1,2,0.7738528769118718
VND_EPSILON,MOTOR_X,2022-01-24,2022-01-29,7139,6048,1,1,14,0.95,0.7205,1.014,0.8895,5.06,3.05,-0.408,1.754,0,5,0.8471774758369519
VND_DELTA,SWITCH_S,2022-10-17,2022-10-26,6518,5241,10,0,6,0.65,0.4499,5.182,0.7953,10.0,5.94,-1.0,3.793,1,9,0.8040810064436944
VND_ZETA,CABLE_R,2021-09-16,2021-09-17,4457,3924,9,0,8,0.7,0.9425,0.667,0.9262,3.04,0.65,-0.322,0.705,0,1,0.8804128337446713
VND_ALPHA,SCREW_M4,2023-03-21,2023-03-20,275,275,3,0,5,0.4,0.8784,1.167,0.9538,2.73,2.14,-0.359,0.814,0,-1,1.0
VND_GAMMA,BEARING_01,2021-10-24,2021-10-24,6885,6885,10,0,11,0.8,0.9838,0.159,0.9905,0.49,0.87,-0.256,1.02,0,0,1.0
VND_BETA,BLADE_X,2023-10-21,2023-10-22,5770,4652,10,0,12,0.85,0.5886,2.432,0.885,7.34,4.7,-0.665,2.932,1,1,0.8062391681109186
VND_BETA,BEARING_01,2022-08-04,2022-08-04,1394,1394,8,0,11,0.8,0.5623,2.987,0.8771,8.24,4.9,-0.912,2.005,0,0,1.0
VND_EPSILON,MOTOR_X,2022-10-18,2022-10-19,2730,2716,10,0,14,0.95,0.7262,2.278,0.9287,4.13,3.48,-0.679,1.687,0,1,0.9948717948717949
VND_GAMMA,BATTERY_A,2023-09-07,2023-09-07,5369,5369,9,0,10,0.9,0.9167,0.17,0.9806,1.65,0.0,-0.445,0.427,0,0,1.0
VND_DELTA,SCREW_M4,2022-08-20,2022-08-23,5968,4449,8,0,5,0.4,0.413,4.336,0.7766,10.0,7.14,-1.0,3.931,1,3,0.7454758713136729
VND_ALPHA,SWITCH_S,2022-11-14,2022-11-16,1450,1389,11,1,6,0.65,0.8138,1.475,0.9404,3.94,3.27,-0.255,0.88,0,2,0.9579310344827586
VND_ZETA,SCREW_M4,2022-04-06,2022-04-07,5937,5706,4,0,5,0.4,0.906,0.697,0.9521,4.0,1.67,-0.484,0.326,0,1,0.9610914603335018
VND_BETA,MOTOR_X,2023-09-26,2023-09-29,6158,6158,9,0,14,0.95,0.5588,2.645,0.9262,7.93,5.56,-0.497,2.593,0,3,1.0
VND_GAMMA,SWITCH_S,2021-11-23,2021-11-23,376,363,11,1,6,0.65,0.9387,0.217,0.9752,0.77,1.58,0.264,0.0,0,0,0.9654255319148937
VND_GAMMA,SWITCH_S,2023-05-16,2023-05-17,5753,5753,5,0,6,0.65,1.0,0.469,0.9825,1.61,2.86,-0.038,0.521,0,1,1.0
VND_GAMMA,BEARING_01,2023-03-13,2023-03-14,3403,3195,3,0,11,0.8,0.9551,0.843,0.9686,1.39,0.8,0.586,0.47,0,1,0.9388774610637672
VND_EPSILON,BATTERY_A,2022-08-03,2022-08-02,2513,2508,8,0,10,0.9,0.7535,1.734,0.9341,7.16,0.93,-0.254,0.955,0,-1,0.9980103461997613
VND_ZETA,SCREW_M4,2023-03-18,2023-03-20,997,932,3,0,5,0.4,0.9499,0.05,0.9626,3.65,1.04,-0.406,0.887,0,2,0.9348044132397192
VND_GAMMA,CASING_B,2021-04-21,2021-04-22,7161,7161,4,0,7,0.6,0.9148,0.226,0.9905,1.81,0.33,-0.556,0.389,0,1,1.0
VND_DELTA,BLADE_X,2021-12-02,2021-12-10,4928,3237,12,1,12,0.85,0.3949,4.395,0.7395,9.5,6.79,-1.0,3.943,1,8,0.6568587662337663
VND_DELTA,CASING_B,2023-09-16,2023-09-21,2584,1926,9,0,7,0.6,0.3182,5.65,0.778,10.0,8.25,-1.0,4.688,1,5,0.7453560371517027
VND_BETA,CASING_B,2022-03-23,2022-03-26,6789,6152,3,0,7,0.6,0.5974,2.62,0.8565,7.31,4.89,-0.841,3.19,1,3,0.9061717484165562
VND_ZETA,SCREW_M4,2021-01-19,2021-01-19,3167,3167,1,1,5,0.4,1.0,0.547,1.0,1.09,2.03,0.123,0.866,0,0,1.0
VND_ZETA,BATTERY_A,2021-10-30,2021-10-30,3284,3284,10,0,10,0.9,0.9289,0.957,0.9306,2.08,0.04,-0.007,0.366,0,0,1.0
VND_ZETA,SWITCH_S,2021-12-11,2021-12-11,7785,7583,12,1,6,0.65,0.9411,0.296,0.9916,4.01,0.19,-0.074,0.755,0,0,0.9740526653821452
VND_ALPHA,MOTOR_X,2022-12-30,2023-01-01,4081,3450,12,1,14,0.95,0.8371,1.702,0.9407,1.72,2.38,-0.358,1.423,0,2,0.8453810340602793
VND_ALPHA,CASING_B,2021-08-29,2021-08-29,4422,4422,8,0,7,0.6,0.8478,1.077,0.9602,2.6,1.31,-0.401,1.741,0,0,1.0
VND_EPSILON,CABLE_R,2023-06-08,2023-06-08,1417,1417,6,0,8,0.7,0.7175,1.256,0.925,5.8,3.45,-0.555,1.904,0,0,1.0
VND_BETA,SWITCH_S,2021-03-11,2021-03-13,1173,978,3,0,6,0.65,0.5144,3.063,0.9208,7.31,4.89,-0.841,3.19,1,2,0.8337595907928389
VND_DELTA,SCREW_M4,2023-09-28,2023-10-06,2679,2448,9,0,5,0.4,0.4156,3.678,0.7574,10.0,8.25,-1.0,4.688,1,8,0.9137737961926092
VND_ZETA,CASING_B,2023-02-08,2023-02-08,6555,6555,2,0,7,0.6,0.8995,-0.524,0.983,0.68,0.31,-0.17,0.259,0,0,1.0
VND_DELTA,BATTERY_A,2023-02-22,2023-02-23,2454,1869,2,0,10,0.9,0.3383,4.577,0.7268,10.0,7.1,-1.0,3.739,1,1,0.7616136919315404
VND_GAMMA,BEARING_01,2021-01-24,2021-01-22,1183,1141,1,1,11,0.8,0.9868,-0.124,1.0,1.85,2.16,0.022,0.306,0,-2,0.9644970414201184
VND_ALPHA,BATTERY_A,2021-09-07,2021-09-10,4207,3940,9,0,10,0.9,0.688,0.186,0.9241,3.19,0.54,0.027,0.512,0,3,0.9365343475160447
VND_ALPHA,SCREW_M4,2023-09-10,2023-09-14,2442,2405,9,0,5,0.4,0.786,1.586,0.9061,3.19,0.54,0.027,0.512,0,4,0.9848484848484849
VND_EPSILON,BATTERY_A,2022-01-06,2022-01-06,3345,3345,1,1,10,0.9,0.7253,1.746,0.9391,5.06,3.05,-0.408,1.754,1,0,1.0
VND_ZETA,BEARING_01,2023-06-08,2023-06-08,2644,2644,6,0,11,0.8,0.9343,0.157,0.9786,0.95,0.58,-1.0,0.11,0,0,1.0
VND_ALPHA,CASING_B,2022-10-29,2022-10-30,720,720,10,0,7,0.6,0.8326,1.457,0.9305,3.41,0.0,-0.618,1.079,1,1,1.0
VND_DELTA,CASING_B,2021-02-10,2021-02-13,3425,2813,2,0,7,0.6,0.3363,3.911,0.7447,10.0,7.1,-1.0,3.739,1,3,0.8213138686131387
VND_ALPHA,BEARING_01,2023-11-29,2023-11-29,7057,7057,11,1,11,0.8,0.8076,0.039,0.9733,3.94,3.27,-0.255,0.88,0,0,1.0
VND_BETA,BATTERY_A,2021-08-29,2021-09-03,1680,1255,8,0,10,0.9,0.5592,2.49,0.9443,8.24,4.9,-0.912,2.005,1,5,0.7470238095238095
VND_ALPHA,CASING_B,2023-07-05,2023-07-08,6757,5947,7,0,7,0.6,0.8305,0.62,1.0,2.66,1.71,-0.565,1.15,0,3,0.8801243155246411
VND_ALPHA,CABLE_R,2021-03-22,2021-03-25,1255,1252,3,0,8,0.7,0.7891,1.259,0.9484,2.73,2.14,-0.359,0.814,1,3,0.9976095617529881
VND_ZETA,SCREW_M4,2021-11-27,2021-11-28,919,898,11,1,5,0.4,0.8986,-0.185,0.9969,1.99,2.8,0.448,0.025,0,1,0.9771490750816104
VND_ALPHA,BLADE_X,2021-06-23,2021-06-23,1221,1175,6,0,12,0.85,0.8123,1.985,0.9508,4.67,1.37,-0.2,0.43,0,0,0.9623259623259623
VND_GAMMA,BLADE_X,2021-12-18,2021-12-19,3665,3665,12,1,12,0.85,0.9215,0.222,1.0,1.78,3.21,-0.462,0.474,0,1,1.0
VND_BETA,MOTOR_X,2022-09-08,2022-09-06,578,506,9,0,14,0.95,0.5507,3.09,0.9403,7.93,5.56,-0.497,2.593,1,-2,0.8754325259515571
VND_ZETA,BLADE_X,2023-12-30,2023-12-30,3844,3844,12,1,12,0.85,0.922,0.781,0.9956,4.01,0.19,-0.074,0.755,0,0,1.0
VND_EPSILON,CASING_B,2023-10-02,2023-10-04,5894,5503,10,0,7,0.6,0.6939,1.307,0.8571,4.13,3.48,-0.679,1.687,0,2,0.9336613505259586
VND_EPSILON,CABLE_R,2022-12-23,2022-12-25,5165,5165,12,1,8,0.7,0.7446,1.673,0.9531,2.82,4.49,-0.659,1.941,0,2,1.0
VND_ZETA,SCREW_M4,2021-07-22,2021-07-21,5628,5226,7,0,5,0.4,0.932,0.106,1.0,1.63,0.0,0.462,0.0,0,-1,0.9285714285714286
VND_BETA,MOTOR_X,2021-03-17,2021-03-18,1740,1682,3,0,14,0.95,0.5865,2.468,0.9207,7.31,4.89,-0.841,3.19,1,1,0.9666666666666667
VND_GAMMA,CASING_B,2022-03-17,2022-03-18,1299,1299,3,0,7,0.6,0.9307,0.395,0.9633,1.39,0.8,0.586,0.47,0,1,1.0
VND_EPSILON,SCREW_M4,2023-01-06,2023-01-05,2472,2247,1,1,5,0.4,0.7214,1.455,0.8612,5.06,3.05,-0.408,1.754,0,-1,0.9089805825242718
VND_ZETA,CASING_B,2023-05-15,2023-05-15,809,809,5,0,7,0.6,0.9573,1.352,1.0,3.15,0.0,0.105,0.83,0,0,1.0
VND_GAMMA,BLADE_X,2023-02-21,2023-02-21,5522,5046,2,0,12,0.85,0.9869,0.581,0.9965,0.13,0.0,-0.083,0.079,0,0,0.9137993480622962
VND_DELTA,CASING_B,2023-07-24,2023-07-27,882,663,7,0,7,0.6,0.3745,4.166,0.8052,10.0,6.05,-1.0,3.274,0,3,0.7517006802721088
VND_ZETA,BLADE_X,2023-05-22,2023-05-21,7902,7855,5,0,12,0.85,0.9894,0.522,0.9627,3.15,0.0,0.105,0.83,0,-1,0.9940521386990635
VND_EPSILON,CASING_B,2022-02-22,2022-02-22,778,678,2,0,7,0.6,0.681,0.957,0.9777,3.97,2.95,-0.443,1.143,0,0,0.87146529562982
VND_ZETA,BLADE_X,2022-01-30,2022-01-31,6052,6052,1,1,12,0.85,0.9345,0.563,0.9729,1.09,2.03,0.123,0.866,1,1,1.0
VND_EPSILON,CABLE_R,2023-11-14,2023-11-17,5155,4420,11,1,8,0.7,0.7617,1.151,0.9107,4.9,3.65,0.183,1.854,1,3,0.8574199806013579
VND_DELTA,CASING_B,2021-11-11,2021-11-19,2791,2024,11,1,7,0.6,0.4248,4.642,0.7717,10.0,9.01,-1.0,3.571,1,8,0.7251881046219992
VND_DELTA,SWITCH_S,2021-02-23,2021-03-04,5144,2873,2,0,6,0.65,0.3489,4.296,0.6847,10.0,7.1,-1.0,3.739,1,9,0.5585147744945568
VND_ALPHA,SCREW_M4,2022-07-08,2022-07-07,1220,1184,7,0,5,0.4,0.8411,0.61,0.9683,2.66,1.71,-0.565,1.15,1,-1,0.9704918032786886
VND_ZETA,BATTERY_A,2023-04-14,2023-04-15,740,740,4,0,10,0.9,0.9326,-0.662,0.9382,4.0,1.67,-0.484,0.326,0,1,1.0
VND_ZETA,CABLE_R,2021-07-02,2021-07-02,3172,3168,7,0,8,0.7,0.9151,0.712,0.9372,1.63,0.0,0.462,0.0,0,0,0.9987389659520807
VND_GAMMA,CABLE_R,2021-10-27,2021-10-28,7317,6883,10,0,8,0.7,0.993,0.358,1.0,0.49,0.87,-0.256,1.02,0,1,0.940686073527402
VND_GAMMA,SCREW_M4,2021-01-21,2021-01-21,1002,964,1,1,5,0.4,0.9423,0.686,0.9857,1.85,2.16,0.022,0.306,0,0,0.9620758483033932
VND_BETA,SWITCH_S,2023-02-15,2023-02-16,7997,7666,2,0,6,0.65,0.5795,2.68,0.9217,7.47,5.81,-0.631,3.173,1,1,0.9586094785544579
VND_ALPHA,BATTERY_A,2021-12-26,2021-12-26,4512,4371,12,1,10,0.9,0.8442,0.884,0.9655,1.72,2.38,-0.358,1.423,0,0,0.96875
VND_EPSILON,BLADE_X,2023-09-30,2023-10-01,982,895,9,0,12,0.85,0.6797,1.413,0.9059,4.38,3.89,-0.441,1.169,0,1,0.9114052953156823
VND_ZETA,CABLE_R,2022-08-01,2022-08-02,4718,4528,8,0,8,0.7,1.0,0.541,0.9607,1.44,0.77,0.404,0.0,0,1,0.9597286986011022
VND_EPSILON,BLADE_X,2021-07-22,2021-07-22,7544,6961,7,0,12,0.85,0.7138,1.173,0.9517,4.08,2.56,-0.606,1.633,1,0,0.9227200424178155
VND_BETA,MOTOR_X,2022-10-14,2022-10-16,7953,7052,10,0,14,0.95,0.5648,2.494,0.8456,7.34,4.7,-0.665,2.932,1,2,0.8867094178297498
VND_BETA,SWITCH_S,2022-12-08,2022-12-14,6803,5270,12,1,6,0.65,0.4573,3.049,0.8709,7.45,6.37,-1.0,2.215,1,6,0.7746582390122005
VND_DELTA,SWITCH_S,2021-09-19,2021-09-22,2322,1855,9,0,6,0.65,0.357,4.228,0.7645,10.0,8.25,-1.0,4.688,1,3,0.7988802756244616
VND_ZETA,MOTOR_X,2023-11-18,2023-11-17,6042,6042,11,1,14,0.95,0.9557,0.096,0.9493,1.99,2.8,0.448,0.025,0,-1,1.0
VND_ZETA,CASING_B,2021-09-16,2021-09-17,1368,1289,9,0,7,0.6,0.9628,0.43,0.9378,3.04,0.65,-0.322,0.705,0,1,0.9422514619883041
VND_EPSILON,SWITCH_S,2022-07-02,2022-06-30,633,633,7,0,6,0.65,0.7088,1.339,0.9377,4.08,2.56,-0.606,1.633,0,-2,1.0
VND_ZETA,CABLE_R,2022-05-26,2022-05-27,5755,5755,5,0,8,0.7,0.9487,-0.285,0.9618,3.15,0.0,0.105,0.83,0,1,1.0
VND_ZETA,SWITCH_S,2023-07-27,2023-07-29,1699,1431,7,0,6,0.65,0.8846,0.295,1.0,1.63,0.0,0.462,0.0,0,2,0.8422601530311948
VND_GAMMA,BEARING_01,2023-08-18,2023-08-18,4314,3790,8,0,11,0.8,0.949,0.85,0.9777,2.14,2.59,-0.277,0.173,0,0,0.8785350023180343
VND_GAMMA,BLADE_X,2023-05-27,2023-05-27,4464,4464,5,0,12,0.85,0.9795,0.042,0.9915,1.61,2.86,-0.038,0.521,0,0,1.0
VND_GAMMA,SCREW_M4,2021-06-28,2021-06-28,7961,7884,6,0,5,0.4,0.9196,1.051,0.9899,1.52,0.0,0.363,0.701,0,0,0.9903278482602688
VND_DELTA,BLADE_X,2022-10-03,2022-10-05,7124,6469,10,0,12,0.85,0.424,5.253,0.825,10.0,5.94,-1.0,3.793,0,2,0.9080572711959574
VND_ZETA,BATTERY_A,2021-06-12,2021-06-11,828,801,6,0,10,0.9,0.9176,0.744,0.9367,0.95,0.58,-1.0,0.11,0,-1,0.967391304347826
VND_ALPHA,SCREW_M4,2021-12-05,2021-12-05,4912,4912,12,1,5,0.4,0.8962,0.997,1.0,1.72,2.38,-0.358,1.423,0,0,1.0
VND_ALPHA,MOTOR_X,2022-08-09,2022-08-12,4739,4211,8,0,14,0.95,0.8171,1.55,0.9299,2.6,1.31,-0.401,1.741,1,3,0.8885840894703524
VND_ALPHA,BEARING_01,2023-05-19,2023-05-20,5746,5746,5,0,11,0.8,0.7715,1.165,0.9468,2.19,1.91,-0.492,0.435,0,1,1.0
VND_DELTA,CASING_B,2023-10-17,2023-10-22,4418,2922,10,0,7,0.6,0.4238,4.338,0.7647,10.0,5.94,-1.0,3.793,1,5,0.6613852421910367
VND_DELTA,BATTERY_A,2021-01-29,2021-02-01,5248,3784,1,1,10,0.9,0.3516,4.937,0.7552,10.0,9.08,-1.0,3.072,1,3,0.7210365853658537
VND_ZETA,SCREW_M4,2021-01-15,2021-01-16,6050,6050,1,1,5,0.4,0.983,0.686,0.9851,1.09,2.03,0.123,0.866,0,1,1.0
VND_ZETA,SWITCH_S,2023-12-31,2024-01-01,6341,6204,12,1,6,0.65,0.9557,-0.115,0.9566,4.01,0.19,-0.074,0.755,0,1,0.9783945749881722
VND_BETA,CABLE_R,2023-12-18,2023-12-20,5803,4388,12,1,8,0.7,0.5754,3.15,0.834,7.45,6.37,-1.0,2.215,0,2,0.756160606582802
VND_EPSILON,MOTOR_X,2023-07-08,2023-07-11,1580,1562,7,0,14,0.95,0.6748,1.177,0.971,4.08,2.56,-0.606,1.633,0,3,0.9886075949367089
VND_BETA,SCREW_M4,2021-06-03,2021-06-05,3206,2723,6,0,5,0.4,0.5081,3.051,0.8878,8.51,4.55,-0.832,3.415,0,2,0.8493449781659389
VND_EPSILON,CASING_B,2022-12-25,2022-12-24,617,572,12,1,7,0.6,0.7065,1.241,0.934,2.82,4.49,-0.659,1.941,1,-1,0.9270664505672609
VND_DELTA,SWITCH_S,2023-02-16,2023-02-18,1596,1068,2,0,6,0.65,0.439,4.561,0.8115,10.0,7.1,-1.0,3.739,1,2,0.6691729323308271
VND_ALPHA,CABLE_R,2022-11-24,2022-11-25,7687,6967,11,1,8,0.7,0.773,0.983,0.9479,3.94,3.27,-0.255,0.88,1,1,0.9063353714062703
VND_EPSILON,SCREW_M4,2021-08-30,2021-09-01,2576,2576,8,0,5,0.4,0.797,1.269,0.9109,7.16,0.93,-0.254,0.955,0,2,1.0
VND_DELTA,BLADE_X,2022-08-25,2022-08-26,2368,1569,8,0,12,0.85,0.3629,4.927,0.7588,10.0,7.14,-1.0,3.931,1,1,0.6625844594594594
VND_ALPHA,SCREW_M4,2023-03-18,2023-03-21,1981,1959,3,0,5,0.4,0.8593,1.205,0.9921,2.73,2.14,-0.359,0.814,0,3,0.98889449772842
VND_ZETA,BLADE_X,2023-11-22,2023-11-22,6964,6836,11,1,12,0.85,0.8958,0.872,0.9955,1.99,2.8,0.448,0.025,0,0,0.9816197587593337
VND_DELTA,MOTOR_X,2023-09-27,2023-10-03,671,454,9,0,14,0.95,0.3401,4.703,0.8103,10.0,8.25,-1.0,4.688,1,6,0.676602086438152
VND_ALPHA,CABLE_R,2023-08-01,2023-07-31,2891,2814,8,0,8,0.7,0.8021,1.487,0.9482,2.6,1.31,-0.401,1.741,1,-1,0.9733656174334141
VND_GAMMA,BLADE_X,2021-08-08,2021-08-09,242,224,8,0,12,0.85,0.8733,0.036,0.9953,2.14,2.59,-0.277,0.173,0,1,0.9256198347107438
VND_ZETA,CABLE_R,2022-01-17,2022-01-17,3493,3493,1,1,8,0.7,0.9327,0.425,1.0,1.09,2.03,0.123,0.866,0,0,1.0
VND_ALPHA,CABLE_R,2021-07-27,2021-07-28,3729,3655,7,0,8,0.7,0.7831,0.791,0.8961,2.66,1.71,-0.565,1.15,0,1,0.9801555376776616
VND_BETA,BEARING_01,2021-06-23,2021-06-28,4534,3847,6,0,11,0.8,0.5223,3.152,0.8545,8.51,4.55,-0.832,3.415,0,5,0.8484781649757389
VND_DELTA,CASING_B,2021-09-11,2021-09-11,7680,6087,9,0,7,0.6,0.4097,4.217,0.7493,10.0,8.25,-1.0,4.688,0,0,0.792578125
VND_ALPHA,BEARING_01,2021-11-15,2021-11-15,6503,6503,11,1,11,0.8,0.8676,0.887,0.9796,3.94,3.27,-0.255,0.88,0,0,1.0
VND_BETA,BLADE_X,2023-08-22,2023-08-26,3438,2946,8,0,12,0.85,0.5747,2.994,0.856,8.24,4.9,-0.912,2.005,1,4,0.8568935427574171
VND_GAMMA,CABLE_R,2023-01-17,2023-01-17,3708,3708,1,1,8,0.7,0.9369,0.344,1.0,1.85,2.16,0.022,0.306,0,0,1.0
VND_EPSILON,CASING_B,2022-07-06,2022-07-09,1090,1032,7,0,7,0.6,0.6709,1.301,0.9582,4.08,2.56,-0.606,1.633,0,3,0.9467889908256881
VND_ZETA,BEARING_01,2023-06-19,2023-06-20,1525,1525,6,0,11,0.8,0.9307,1.39,1.0,0.95,0.58,-1.0,0.11,0,1,1.0
VND_GAMMA,CASING_B,2023-06-08,2023-06-08,247,230,6,0,7,0.6,0.9352,0.513,1.0,1.52,0.0,0.363,0.701,0,0,0.9311740890688259
VND_ZETA,CABLE_R,2022-02-11,2022-02-12,1106,969,2,0,8,0.7,0.9031,0.902,0.9631,0.68,0.31,-0.17,0.259,0,1,0.8761301989150091
VND_GAMMA,SCREW_M4,2021-03-24,2021-03-25,1295,1288,3,0,5,0.4,0.9299,0.115,0.9384,1.39,0.8,0.586,0.47,0,1,0.9945945945945946
VND_DELTA,SWITCH_S,2022-11-10,2022-11-16,7580,6525,11,1,6,0.65,0.3446,4.395,0.7713,10.0,9.01,-1.0,3.571,1,6,0.8608179419525066
VND_BETA,MOTOR_X,2022-02-12,2022-02-16,7969,6101,2,0,14,0.95,0.5161,3.074,0.8849,7.47,5.81,-0.631,3.173,0,4,0.7655916677123855
VND_ZETA,BEARING_01,2022-06-29,2022-07-01,1173,1133,6,0,11,0.8,0.8681,0.208,0.9914,0.95,0.58,-1.0,0.11,1,2,0.9658994032395567
VND_DELTA,SWITCH_S,2023-10-12,2023-10-14,6752,5116,10,0,6,0.65,0.3801,4.157,0.7617,10.0,5.94,-1.0,3.793,1,2,0.7577014218009479
VND_GAMMA,CASING_B,2023-03-30,2023-03-30,4311,4311,3,0,7,0.6,1.0,-0.508,1.0,1.39,0.8,0.586,0.47,0,0,1.0
VND_BETA,SWITCH_S,2021-08-13,2021-08-16,1083,977,8,0,6,0.65,0.6008,2.372,0.8487,8.24,4.9,-0.912,2.005,1,3,0.9021237303785781
VND_BETA,MOTOR_X,2021-11-15,2021-11-15,3019,2816,11,1,14,0.95,0.5556,3.113,0.9001,7.62,7.21,-0.911,3.187,1,0,0.9327591917853594
VND_ZETA,MOTOR_X,2022-04-30,2022-04-30,626,558,4,0,14,0.95,0.9234,0.866,0.9714,4.0,1.67,-0.484,0.326,0,0,0.8913738019169329
VND_DELTA,CABLE_R,2021-01-17,2021-01-19,3758,3317,1,1,8,0.7,0.3845,4.596,0.719,10.0,9.08,-1.0,3.072,1,2,0.8826503459286855
VND_GAMMA,BEARING_01,2022-08-01,2022-07-31,4180,4180,8,0,11,0.8,0.9752,-0.268,0.9772,2.14,2.59,-0.277,0.173,0,-1,1.0
VND_DELTA,BATTERY_A,2022-05-23,2022-05-27,5259,5195,5,0,10,0.9,0.3303,4.711,0.7603,9.38,7.59,-0.912,3.272,1,4,0.9878303860049439
VND_ZETA,CASING_B,2023-11-14,2023-11-15,1730,1730,11,1,7,0.6,0.9806,0.71,0.9826,1.99,2.8,0.448,0.025,0,1,1.0
VND_GAMMA,SCREW_M4,2021-08-24,2021-08-24,7279,7218,8,0,5,0.4,0.9429,0.619,1.0,2.14,2.59,-0.277,0.173,0,0,0.9916197279846133
VND_ZETA,BLADE_X,2022-05-22,2022-05-22,5658,4774,5,0,12,0.85,0.9633,0.265,0.9901,3.15,0.0,0.105,0.83,0,0,0.8437610463061153
VND_BETA,SWITCH_S,2023-08-29,2023-08-30,5987,4840,8,0,6,0.65,0.588,2.315,0.9003,8.24,4.9,-0.912,2.005,1,1,0.8084182395189577
VND_ZETA,BATTERY_A,2023-10-26,2023-10-25,5206,5115,10,0,10,0.9,0.8828,0.43,0.9871,2.08,0.04,-0.007,0.366,0,-1,0.982520169035728
VND_BETA,CASING_B,2021-11-01,2021-11-08,2079,2079,11,1,7,0.6,0.5557,2.336,0.8484,7.62,7.21,-0.911,3.187,1,7,1.0
VND_BETA,BATTERY_A,2023-04-02,2023-03-31,514,436,4,0,10,0.9,0.5141,2.663,0.8638,7.67,5.01,-1.0,2.322,0,-2,0.8482490272373541
VND_BETA,BLADE_X,2021-10-27,2021-10-27,3692,3231,10,0,12,0.85,0.5141,2.692,0.9203,7.34,4.7,-0.665,2.932,1,0,0.8751354279523293
VND_EPSILON,MOTOR_X,2022-02-13,2022-02-13,944,772,2,0,14,0.95,0.748,1.884,0.917,3.97,2.95,-0.443,1.143,0,0,0.8177966101694916
VND_DELTA,MOTOR_X,2023-04-15,2023-04-19,4500,3921,4,0,14,0.95,0.3604,4.863,0.8063,10.0,7.27,-1.0,3.863,1,4,0.8713333333333333
VND_ZETA,BLADE_X,2022-04-19,2022-04-19,2016,2016,4,0,12,0.85,0.9568,0.36,0.9945,4.0,1.67,-0.484,0.326,0,0,1.0
VND_DELTA,CABLE_R,2023-09-09,2023-09-09,702,587,9,0,8,0.7,0.3609,3.387,0.7693,10.0,8.25,-1.0,4.688,1,0,0.8361823361823362
VND_ZETA,SWITCH_S,2021-04-16,2021-04-16,2692,2692,4,0,6,0.65,0.9837,0.189,0.9631,4.0,1.67,-0.484,0.326,0,0,1.0
VND_GAMMA,BATTERY_A,2023-01-15,2023-01-16,2498,2244,1,1,10,0.9,0.8917,0.99,1.0,1.85,2.16,0.022,0.306,1,1,0.8983186549239391
VND_ZETA,CABLE_R,2023-05-07,2023-05-07,2223,1813,5,0,8,0.7,0.9289,0.205,0.9908,3.15,0.0,0.105,0.83,0,0,0.8155645524066577
VND_ALPHA,CABLE_R,2022-01-08,2022-01-08,534,520,1,1,8,0.7,0.8197,1.294,0.9746,3.7,2.96,-0.026,1.609,0,0,0.9737827715355806
VND_ALPHA,MOTOR_X,2022-10-21,2022-10-20,1936,1798,10,0,14,0.95,0.7653,0.782,0.9662,3.41,0.0,-0.618,1.079,0,-1,0.9287190082644629
VND_DELTA,BLADE_X,2022-07-28,2022-07-30,7642,6004,7,0,12,0.85,0.436,4.682,0.7459,10.0,6.05,-1.0,3.274,1,2,0.7856582046584664
VND_DELTA,BATTERY_A,2022-01-14,2022-01-29,2266,1339,1,1,10,0.9,0.4356,4.303,0.8119,10.0,9.08,-1.0,3.072,1,15,0.5909090909090909
VND_GAMMA,BEARING_01,2022-11-16,2022-11-18,2693,2693,11,1,11,0.8,1.0,1.061,0.956,0.77,1.58,0.264,0.0,0,2,1.0
VND_ALPHA,BATTERY_A,2021-01-28,2021-01-31,5794,5794,1,1,10,0.9,0.7801,1.246,0.964,3.7,2.96,-0.026,1.609,0,3,1.0
VND_GAMMA,CASING_B,2023-01-09,2023-01-10,6272,6272,1,1,7,0.6,1.0,0.291,0.9744,1.85,2.16,0.022,0.306,0,1,1.0
VND_ZETA,CABLE_R,2023-12-20,2023-12-21,5153,4932,12,1,8,0.7,0.87,0.271,1.0,4.01,0.19,-0.074,0.755,0,1,0.9571123617310304
VND_BETA,CABLE_R,2022-07-20,2022-07-22,1920,1882,7,0,8,0.7,0.5951,2.844,0.9403,8.11,6.76,-1.0,3.129,1,2,0.9802083333333333
VND_ALPHA,SWITCH_S,2021-08-06,2021-08-06,1268,1177,8,0,6,0.65,0.7715,1.213,0.9598,2.6,1.31,-0.401,1.741,1,0,0.9282334384858044
VND_ALPHA,BATTERY_A,2022-01-26,2022-01-26,1780,1780,1,1,10,0.9,0.8826,0.668,0.9739,3.7,2.96,-0.026,1.609,0,0,1.0
VND_ALPHA,BEARING_01,2021-06-03,2021-06-05,7915,7915,6,0,11,0.8,0.8201,0.486,1.0,4.67,1.37,-0.2,0.43,0,2,1.0
VND_GAMMA,CABLE_R,2023-08-30,2023-08-29,6434,4914,8,0,8,0.7,0.9911,0.299,1.0,2.14,2.59,-0.277,0.173,0,-1,0.7637550512900217
VND_EPSILON,SCREW_M4,2021-11-11,2021-11-14,558,558,11,1,5,0.4,0.7488,1.094,0.9384,4.9,3.65,0.183,1.854,0,3,1.0
VND_BETA,CASING_B,2023-05-07,2023-05-09,4709,4228,5,0,7,0.6,0.5019,2.265,0.8934,8.96,6.56,-0.962,3.201,1,2,0.8978551709492462
VND_EPSILON,BLADE_X,2022-12-13,2022-12-14,7531,7531,12,1,12,0.85,0.7901,0.987,0.9744,2.82,4.49,-0.659,1.941,0,1,1.0
VND_DELTA,CABLE_R,2021-08-29,2021-09-05,7661,6304,8,0,8,0.7,0.3783,4.045,0.7495,10.0,7.14,-1.0,3.931,1,7,0.822869077143976
VND_ALPHA,SWITCH_S,2023-09-16,2023-09-16,3632,3013,9,0,6,0.65,0.8279,1.883,0.9386,3.19,0.54,0.027,0.512,0,0,0.8295704845814978
VND_BETA,MOTOR_X,2022-07-16,2022-07-18,5907,4816,7,0,14,0.95,0.486,3.083,0.8749,8.11,6.76,-1.0,3.129,1,2,0.8153038767563907
VND_GAMMA,CASING_B,2021-04-04,2021-04-04,4838,4683,4,0,7,0.6,0.9107,0.083,0.916,1.81,0.33,-0.556,0.389,0,0,0.9679619677552708
VND_ZETA,MOTOR_X,2022-01-25,2022-01-25,6267,5164,1,1,14,0.95,0.8501,0.439,0.9852,1.09,2.03,0.123,0.866,0,0,0.8239987234721557
VND_DELTA,SWITCH_S,2023-12-27,2024-01-06,7329,4706,12,1,6,0.65,0.3477,4.854,0.7788,9.5,6.79,-1.0,3.943,1,10,0.6421066994132897
VND_BETA,BATTERY_A,2023-06-16,2023-06-20,6349,5480,6,0,10,0.9,0.5388,3.4,0.908,8.51,4.55,-0.832,3.415,1,4,0.863128051661679
VND_EPSILON,SWITCH_S,2023-03-11,2023-03-12,3483,3110,3,0,6,0.65,0.6661,1.13,0.9311,5.21,3.36,-0.135,2.022,1,1,0.8929084122882572
VND_BETA,BLADE_X,2022-01-12,2022-01-15,229,183,1,1,12,0.85,0.5441,3.357,0.8666,8.49,4.94,-0.843,2.646,0,3,0.7991266375545851
VND_EPSILON,CASING_B,2022-03-23,2022-03-26,5050,4858,3,0,7,0.6,0.7515,1.757,0.9301,5.21,3.36,-0.135,2.022,0,3,0.961980198019802
VND_EPSILON,MOTOR_X,2023-07-22,2023-07-20,4327,3483,7,0,14,0.95,0.7467,0.683,0.9141,4.08,2.56,-0.606,1.633,0,-2,0.8049456898544026
VND_GAMMA,BLADE_X,2022-03-28,2022-03-28,2627,2627,3,0,12,0.85,0.937,0.868,1.0,1.39,0.8,0.586,0.47,1,0,1.0
VND_EPSILON,BLADE_X,2021-09-01,2021-09-01,1601,1407,9,0,12,0.85,0.7007,0.531,0.9343,4.38,3.89,-0.441,1.169,0,0,0.8788257339163024
VND_ALPHA,SCREW_M4,2023-12-29,2023-12-31,2151,2072,12,1,5,0.4,0.888,1.107,0.9246,1.72,2.38,-0.358,1.423,1,2,0.9632728963272896
VND_ALPHA,BLADE_X,2021-10-31,2021-11-01,7917,7917,10,0,12,0.85,0.7904,0.912,1.0,3.41,0.0,-0.618,1.079,0,1,1.0
VND_BETA,BLADE_X,2022-07-08,2022-07-10,7354,6776,7,0,12,0.85,0.5939,2.898,0.8549,8.11,6.76,-1.0,3.129,1,2,0.9214033179222192
VND_ZETA,MOTOR_X,2022-05-25,2022-05-25,6945,5508,5,0,14,0.95,0.9423,0.459,0.9955,3.15,0.0,0.105,0.83,0,0,0.7930885529157667
VND_EPSILON,SCREW_M4,2021-08-26,2021-08-26,211,196,8,0,5,0.4,0.6855,1.229,0.9503,7.16,0.93,-0.254,0.955,1,0,0.9289099526066351
VND_ZETA,CABLE_R,2023-01-26,2023-01-25,2858,2858,1,1,8,0.7,0.9663,0.684,0.9745,1.09,2.03,0.123,0.866,0,-1,1.0
VND_ZETA,BATTERY_A,2022-06-25,2022-06-26,6115,6115,6,0,10,0.9,1.0,0.525,0.9266,0.95,0.58,-1.0,0.11,0,1,1.0
VND_DELTA,CASING_B,2022-08-27,2022-09-01,2859,2379,8,0,7,0.6,0.4342,4.462,0.833,10.0,7.14,-1.0,3.931,1,5,0.832109129066107
VND_ZETA,MOTOR_X,2021-01-22,2021-01-21,6949,6225,1,1,14,0.95,0.9158,0.314,1.0,1.09,2.03,0.123,0.866,0,-1,0.8958123471003022
VND_BETA,CABLE_R,2022-07-27,2022-07-27,1647,1425,7,0,8,0.7,0.5514,3.247,0.8348,8.11,6.76,-1.0,3.129,0,0,0.8652094717668488
VND_ALPHA,BLADE_X,2021-08-06,2021-08-08,6119,6119,8,0,12,0.85,0.7557,1.103,0.9606,2.6,1.31,-0.401,1.741,0,2,1.0
VND_ZETA,SWITCH_S,2022-06-12,2022-06-12,7327,6321,6,0,6,0.65,0.8813,-0.117,0.9943,0.95,0.58,-1.0,0.11,0,0,0.8626996042036305
VND_DELTA,SCREW_M4,2022-03-28,2022-04-06,2856,2105,3,0,5,0.4,0.4076,4.57,0.7248,9.67,7.03,-1.0,3.314,1,9,0.7370448179271709
VND_BETA,BLADE_X,2023-03-21,2023-03-25,1475,1110,3,0,12,0.85,0.5418,3.086,0.792,7.31,4.89,-0.841,3.19,0,4,0.752542372881356
VND_BETA,BEARING_01,2023-06-08,2023-06-14,3219,2515,6,0,11,0.8,0.5881,1.958,0.8327,8.51,4.55,-0.832,3.415,0,6,0.7812985399192296
VND_DELTA,CASING_B,2021-07-11,2021-07-15,4262,3689,7,0,7,0.6,0.4105,5.268,0.7746,10.0,6.05,-1.0,3.274,1,4,0.8655560769591741
VND_DELTA,CASING_B,2022-01-14,2022-01-17,6881,5594,1,1,7,0.6,0.3721,4.642,0.7653,10.0,9.08,-1.0,3.072,1,3,0.8129632320883593
VND_BETA,CASING_B,2023-10-02,2023-10-07,7927,5952,10,0,7,0.6,0.5503,3.444,0.8728,7.34,4.7,-0.665,2.932,0,5,0.7508515201211051
VND_ZETA,CASING_B,2022-08-01,2022-08-02,372,332,8,0,7,0.6,0.9509,0.339,0.9875,1.44,0.77,0.404,0.0,0,1,0.8924731182795699
VND_BETA,BLADE_X,2021-12-30,2022-01-02,6896,5138,12,1,12,0.85,0.5392,2.901,0.9335,7.45,6.37,-1.0,2.215,0,3,0.7450696055684455
VND_ZETA,SWITCH_S,2022-01-20,2022-01-21,768,696,1,1,6,0.65,1.0,0.535,0.9613,1.09,2.03,0.123,0.866,1,1,0.90625
VND_ALPHA,CASING_B,2023-05-24,2023-05-29,2209,2105,5,0,7,0.6,0.8647,1.385,0.9157,2.19,1.91,-0.492,0.435,1,5,0.9529198732458126
VND_ZETA,BEARING_01,2023-04-05,2023-04-05,1021,907,4,0,11,0.8,0.961,0.619,0.9731,4.0,1.67,-0.484,0.326,0,0,0.8883447600391773
VND_ZETA,CASING_B,2021-01-25,2021-01-25,5142,4994,1,1,7,0.6,0.9774,1.127,1.0,1.09,2.03,0.123,0.866,0,0,0.97121742512641
VND_DELTA,BATTERY_A,2023-02-26,2023-03-05,369,274,2,0,10,0.9,0.3484,4.944,0.7849,10.0,7.1,-1.0,3.739,1,7,0.7425474254742548
VND_ALPHA,BATTERY_A,2021-03-31,2021-04-01,1282,1282,3,0,10,0.9,0.7838,1.373,0.9391,2.73,2.14,-0.359,0.814,1,1,1.0
VND_ALPHA,SCREW_M4,2022-07-03,2022-07-03,1368,1356,7,0,5,0.4,0.9116,0.94,0.9709,2.66,1.71,-0.565,1.15,0,0,0.9912280701754386
VND_ALPHA,MOTOR_X,2021-08-06,2021-08-06,4643,4489,8,0,14,0.95,0.8205,1.27,0.9535,2.6,1.31,-0.401,1.741,0,0,0.9668317897910833
VND_ZETA,CABLE_R,2021-06-24,2021-06-25,1857,1857,6,0,8,0.7,0.9175,0.609,0.9801,0.95,0.58,-1.0,0.11,0,1,1.0
VND_DELTA,CASING_B,2023-06-29,2023-07-04,6880,5168,6,0,7,0.6,0.344,3.923,0.7403,10.0,7.21,-1.0,4.359,0,5,0.7511627906976744
VND_GAMMA,CASING_B,2022-11-11,2022-11-11,4123,3947,11,1,7,0.6,0.9626,0.379,0.9939,0.77,1.58,0.264,0.0,0,0,0.9573126364297841
VND_BETA,CASING_B,2021-04-25,2021-04-28,4652,4618,4,0,7,0.6,0.5465,3.632,0.8447,7.67,5.01,-1.0,2.322,0,3,0.9926913155631987
VND_ZETA,BLADE_X,2021-09-10,2021-09-10,373,350,9,0,12,0.85,0.854,0.986,0.9685,3.04,0.65,-0.322,0.705,0,0,0.938337801608579
VND_ALPHA,MOTOR_X,2022-08-31,2022-09-01,1040,874,8,0,14,0.95,0.7721,1.669,0.9414,2.6,1.31,-0.401,1.741,0,1,0.8403846153846154
VND_BETA,SWITCH_S,2021-01-03,2021-01-04,7672,6241,1,1,6,0.65,0.5649,2.735,0.8937,8.49,4.94,-0.843,2.646,1,1,0.8134775808133472
VND_ALPHA,SCREW_M4,2022-04-10,2022-04-09,3699,3594,4,0,5,0.4,0.8334,1.146,1.0,3.44,0.0,-0.737,0.775,0,-1,0.9716139497161395
VND_BETA,SWITCH_S,2022-12-25,2022-12-25,5568,4353,12,1,6,0.65,0.5944,2.627,0.8958,7.45,6.37,-1.0,2.215,1,0,0.7817887931034483
VND_BETA,BLADE_X,2023-02-27,2023-02-27,5825,4813,2,0,12,0.85,0.4922,2.816,0.8568,7.47,5.81,-0.631,3.173,0,0,0.8262660944206008
VND_DELTA,BATTERY_A,2021-12-14,2021-12-22,1102,872,12,1,10,0.9,0.3816,4.259,0.8114,9.5,6.79,-1.0,3.943,1,8,0.7912885662431942
VND_ALPHA,SCREW_M4,2022-08-01,2022-07-31,3127,3056,8,0,5,0.4,0.7631,1.982,1.0,2.6,1.31,-0.401,1.741,1,-1,0.9772945314998401
VND_EPSILON,BATTERY_A,2022-11-15,2022-11-21,1169,1169,11,1,10,0.9,0.7371,1.245,0.8743,4.9,3.65,0.183,1.854,0,6,1.0
VND_ALPHA,CABLE_R,2021-03-30,2021-03-30,5152,4286,3,0,8,0.7,0.8791,1.726,0.9179,2.73,2.14,-0.359,0.814,0,0,0.8319099378881988
VND_BETA,CASING_B,2023-05-28,2023-06-03,4545,3605,5,0,7,0.6,0.562,2.778,0.8772,8.96,6.56,-0.962,3.201,1,6,0.7931793179317932
VND_EPSILON,CABLE_R,2022-01-07,2022-01-10,5765,4738,1,1,8,0.7,0.726,1.226,0.9442,5.06,3.05,-0.408,1.754,0,3,0.821856027753686
VND_BETA,SWITCH_S,2022-09-10,2022-09-12,5318,4633,9,0,6,0.65,0.5934,3.293,0.9159,7.93,5.56,-0.497,2.593,1,2,0.8711921775103423
VND_GAMMA,BLADE_X,2021-08-01,2021-08-01,2420,2094,8,0,12,0.85,1.0,0.159,0.9787,2.14,2.59,-0.277,0.173,0,0,0.8652892561983471
VND_ZETA,BEARING_01,2023-01-26,2023-01-26,7842,7209,1,1,11,0.8,0.9353,0.555,0.9541,1.09,2.03,0.123,0.866,0,0,0.9192807957153787
VND_ZETA,BLADE_X,2021-06-06,2021-06-06,6662,5804,6,0,12,0.85,0.9053,0.483,1.0,0.95,0.58,-1.0,0.11,0,0,0.871209846892825
VND_BETA,MOTOR_X,2021-10-28,2021-10-29,2823,2172,10,0,14,0.95,0.6209,2.834,0.8324,7.34,4.7,-0.665,2.932,0,1,0.769394261424017
VND_DELTA,CASING_B,2023-07-04,2023-07-09,6109,4853,7,0,7,0.6,0.4244,4.256,0.7906,10.0,6.05,-1.0,3.274,0,5,0.7944017024062858
VND_ALPHA,BEARING_01,2021-08-20,2021-08-20,4933,4720,8,0,11,0.8,0.8087,1.537,0.9895,2.6,1.31,-0.401,1.741,0,0,0.9568214068518143
VND_ZETA,SWITCH_S,2022-07-25,2022-07-25,1385,1385,7,0,6,0.65,0.9391,-0.036,1.0,1.63,0.0,0.462,0.0,0,0,1.0
VND_GAMMA,BATTERY_A,2021-09-19,2021-09-20,1689,1689,9,0,10,0.9,0.9081,0.383,1.0,1.65,0.0,-0.445,0.427,0,1,1.0
VND_GAMMA,SWITCH_S,2022-10-16,2022-10-16,4248,3638,10,0,6,0.65,1.0,0.522,0.9717,0.49,0.87,-0.256,1.02,0,0,0.8564030131826742
VND_DELTA,SWITCH_S,2023-04-28,2023-05-03,5129,3733,4,0,6,0.65,0.3015,4.674,0.7599,10.0,7.27,-1.0,3.863,1,5,0.7278221875609281
VND_BETA,CABLE_R,2022-05-19,2022-05-22,3339,3124,5,0,8,0.7,0.5489,2.787,0.8826,8.96,6.56,-0.962,3.201,1,3,0.9356094639113507
VND_EPSILON,SWITCH_S,2023-10-16,2023-10-17,4613,3947,10,0,6,0.65,0.7112,1.095,0.897,4.13,3.48,-0.679,1.687,0,1,0.8556254064600043
VND_EPSILON,BEARING_01,2022-04-17,2022-04-17,3350,3117,4,0,11,0.8,0.7457,1.428,0.8991,3.47,1.86,-0.305,1.806,0,0,0.9304477611940298
VND_EPSILON,BATTERY_A,2023-05-14,2023-05-13,4516,4516,5,0,10,0.9,0.7407,1.611,0.923,5.37,6.65,-0.289,2.054,1,-1,1.0
VND_ZETA,SCREW_M4,2021-06-28,2021-06-28,2126,2126,6,0,5,0.4,0.9325,0.275,0.9874,0.95,0.58,-1.0,0.11,0,0,1.0
VND_ALPHA,CABLE_R,2022-02-21,2022-02-23,7168,7049,2,0,8,0.7,0.7981,0.679,0.9763,2.97,1.37,0.254,1.307,0,2,0.9833984375
VND_GAMMA,MOTOR_X,2023-08-29,2023-08-31,1294,1081,8,0,14,0.95,0.9862,0.541,0.9634,2.14,2.59,-0.277,0.173,0,2,0.8353941267387944
VND_ALPHA,BATTERY_A,2022-12-17,2022-12-18,3156,2921,12,1,10,0.9,0.8493,1.25,0.9734,1.72,2.38,-0.358,1.423,0,1,0.9255386565272496
VND_GAMMA,CASING_B,2023-08-01,2023-08-01,1380,1348,8,0,7,0.6,0.962,-0.018,0.9636,2.14,2.59,-0.277,0.173,0,0,0.9768115942028985
VND_BETA,SWITCH_S,2022-03-08,2022-03-10,6981,6540,3,0,6,0.65,0.5843,3.054,0.8502,7.31,4.89,-0.841,3.19,1,2,0.9368285345938977
VND_ALPHA,SCREW_M4,2021-10-10,2021-10-10,1160,949,10,0,5,0.4,0.8053,1.449,0.9797,3.41,0.0,-0.618,1.079,1,0,0.8181034482758621
VND_DELTA,CASING_B,2021-02-23,2021-02-27,5902,4303,2,0,7,0.6,0.3612,4.68,0.7543,10.0,7.1,-1.0,3.739,1,4,0.7290748898678414
VND_GAMMA,SWITCH_S,2021-04-21,2021-04-21,5945,5326,4,0,6,0.65,0.9361,0.214,0.9495,1.81,0.33,-0.556,0.389,0,0,0.895878889823381
VND_ZETA,BATTERY_A,2021-06-01,2021-06-01,4106,4106,6,0,10,0.9,0.9227,0.293,1.0,0.95,0.58,-1.0,0.11,0,0,1.0
VND_ALPHA,CASING_B,2021-10-28,2021-10-29,3192,2927,10,0,7,0.6,0.8215,1.183,0.9189,3.41,0.0,-0.618,1.079,0,1,0.9169799498746867
VND_ALPHA,CASING_B,2022-05-17,2022-05-17,831,831,5,0,7,0.6,0.8617,1.018,0.9469,2.19,1.91,-0.492,0.435,0,0,1.0
VND_EPSILON,MOTOR_X,2023-05-03,2023-05-03,1426,1248,5,0,14,0.95,0.7683,1.096,0.9626,5.37,6.65,-0.289,2.054,0,0,0.8751753155680224
VND_DELTA,CASING_B,2021-10-14,2021-10-19,6328,4990,10,0,7,0.6,0.3944,4.173,0.7636,10.0,5.94,-1.0,3.793,1,5,0.788558786346397
VND_DELTA,BLADE_X,2023-04-23,2023-04-27,6119,4815,4,0,12,0.85,0.3388,4.274,0.7515,10.0,7.27,-1.0,3.863,1,4,0.7868932832162118
VND_DELTA,CABLE_R,2021-01-28,2021-02-05,2549,1623,1,1,8,0.7,0.3017,4.544,0.6912,10.0,9.08,-1.0,3.072,1,8,0.6367202824637113
VND_BETA,BATTERY_A,2021-05-03,2021-05-07,7418,6878,5,0,10,0.9,0.5522,2.77,0.9113,8.96,6.56,-0.962,3.201,0,4,0.9272040981396603
VND_EPSILON,MOTOR_X,2021-12-22,2021-12-24,4322,4322,12,1,14,0.95,0.7901,1.181,0.9527,2.82,4.49,-0.659,1.941,0,2,1.0
VND_ALPHA,CASING_B,2023-03-23,2023-03-23,7021,7021,3,0,7,0.6,0.8038,0.681,0.9696,2.73,2.14,-0.359,0.814,0,0,1.0
VND_ZETA,SWITCH_S,2023-07-20,2023-07-20,4739,4739,7,0,6,0.65,0.9313,0.411,1.0,1.63,0.0,0.462,0.0,0,0,1.0
VND_EPSILON,BLADE_X,2023-10-25,2023-10-24,2707,2398,10,0,12,0.85,0.7584,1.032,0.9942,4.13,3.48,-0.679,1.687,1,-1,0.8858514961211673
VND_DELTA,SCREW_M4,2021-11-18,2021-11-23,2426,1575,11,1,5,0.4,0.3858,4.828,0.8326,10.0,9.01,-1.0,3.571,1,5,0.6492168178070898
VND_EPSILON,BATTERY_A,2023-02-13,2023-02-16,7991,6453,2,0,10,0.9,0.7382,1.984,0.9478,3.97,2.95,-0.443,1.143,1,3,0.8075334751595545
VND_ZETA,CASING_B,2022-03-10,2022-03-09,3480,3200,3,0,7,0.6,0.8976,0.582,0.9597,3.65,1.04,-0.406,0.887,0,-1,0.9195402298850575
VND_BETA,MOTOR_X,2023-03-15,2023-03-13,1704,1597,3,0,14,0.95,0.4983,2.415,0.8197,7.31,4.89,-0.841,3.19,1,-2,0.937206572769953
VND_ZETA,BATTERY_A,2023-08-18,2023-08-18,4110,4110,8,0,10,0.9,0.9744,0.504,0.9243,1.44,0.77,0.404,0.0,0,0,1.0
VND_ZETA,CABLE_R,2023-04-10,2023-04-13,6976,6976,4,0,8,0.7,0.9573,0.079,0.9988,4.0,1.67,-0.484,0.326,0,3,1.0
VND_BETA,SWITCH_S,2021-04-22,2021-04-25,6780,5796,4,0,6,0.65,0.5569,3.466,0.9429,7.67,5.01,-1.0,2.322,1,3,0.8548672566371681
VND_ZETA,CABLE_R,2023-05-19,2023-05-18,1795,1776,5,0,8,0.7,0.9433,0.531,0.9715,3.15,0.0,0.105,0.83,0,-1,0.9894150417827298
VND_ALPHA,BLADE_X,2021-08-02,2021-08-03,837,821,8,0,12,0.85,0.8908,0.817,0.9678,2.6,1.31,-0.401,1.741,0,1,0.980884109916368
VND_EPSILON,CABLE_R,2022-11-19,2022-11-21,429,424,11,1,8,0.7,0.7223,1.718,0.9212,4.9,3.65,0.183,1.854,1,2,0.9883449883449883
VND_GAMMA,SCREW_M4,2021-11-30,2021-12-01,4636,4636,11,1,5,0.4,0.9585,0.271,0.947,0.77,1.58,0.264,0.0,0,1,1.0
VND_ALPHA,BATTERY_A,2022-03-10,2022-03-11,5091,4638,3,0,10,0.9,0.781,0.729,0.8975,2.73,2.14,-0.359,0.814,1,1,0.91101944608132
VND_GAMMA,MOTOR_X,2022-01-20,2022-01-22,4719,4652,1,1,14,0.95,0.9918,-0.258,0.9563,1.85,2.16,0.022,0.306,0,2,0.9858020767111676
VND_ZETA,SCREW_M4,2021-03-08,2021-03-10,2168,2163,3,0,5,0.4,0.8914,0.164,0.957,3.65,1.04,-0.406,0.887,0,2,0.9976937269372693
VND_ALPHA,BLADE_X,2021-04-02,2021-04-02,4818,4327,4,0,12,0.85,0.9623,1.23,0.9515,3.44,0.0,-0.737,0.775,0,0,0.8980904939809049
VND_ALPHA,BEARING_01,2021-04-09,2021-04-09,2777,2777,4,0,11,0.8,0.8342,1.236,0.9704,3.44,0.0,-0.737,0.775,0,0,1.0
VND_GAMMA,BATTERY_A,2021-01-18,2021-01-18,3121,3121,1,1,10,0.9,0.9884,0.774,1.0,1.85,2.16,0.022,0.306,0,0,1.0
VND_DELTA,BLADE_X,2023-10-22,2023-10-27,1796,1348,10,0,12,0.85,0.3797,4.49,0.7544,10.0,5.94,-1.0,3.793,1,5,0.7505567928730512
VND_DELTA,CABLE_R,2022-12-30,2023-01-10,1261,992,12,1,8,0.7,0.3578,4.523,0.7854,9.5,6.79,-1.0,3.943,1,11,0.7866772402854877
VND_GAMMA,BATTERY_A,2023-04-15,2023-04-14,7544,6907,4,0,10,0.9,0.8948,0.207,0.9974,1.81,0.33,-0.556,0.389,0,-1,0.9155620360551432
VND_EPSILON,BATTERY_A,2021-11-04,2021-11-05,394,372,11,1,10,0.9,0.7544,1.628,0.9079,4.9,3.65,0.183,1.854,1,1,0.9441624365482234
VND_DELTA,SWITCH_S,2021-03-18,2021-03-25,2576,2229,3,0,6,0.65,0.3913,4.437,0.7468,9.67,7.03,-1.0,3.314,1,7,0.8652950310559007
VND_BETA,CASING_B,2023-08-07,2023-08-08,845,783,8,0,7,0.6,0.5367,3.232,0.9173,8.24,4.9,-0.912,2.005,1,1,0.9266272189349113
VND_ZETA,BATTERY_A,2022-04-20,2022-04-20,7445,6575,4,0,10,0.9,0.9124,1.394,0.9684,4.0,1.67,-0.484,0.326,0,0,0.8831430490261921
VND_ZETA,SCREW_M4,2021-10-16,2021-10-16,6498,6474,10,0,5,0.4,0.8923,0.472,0.9578,2.08,0.04,-0.007,0.366,0,0,0.9963065558633426
VND_EPSILON,CASING_B,2023-11-24,2023-11-24,6169,5550,11,1,7,0.6,0.7079,1.521,0.9699,4.9,3.65,0.183,1.854,1,0,0.8996595882639001
VND_DELTA,CABLE_R,2021-09-26,2021-09-29,2977,2592,9,0,8,0.7,0.3786,4.69,0.7937,10.0,8.25,-1.0,4.688,1,3,0.8706751763520323
VND_GAMMA,BLADE_X,2023-06-02,2023-06-04,527,527,6,0,12,0.85,0.8705,0.633,0.9422,1.52,0.0,0.363,0.701,0,2,1.0
VND_BETA,SWITCH_S,2022-03-04,2022-03-07,5200,4283,3,0,6,0.65,0.5351,3.147,0.8668,7.31,4.89,-0.841,3.19,1,3,0.8236538461538462
VND_BETA,BATTERY_A,2023-10-16,2023-10-17,997,925,10,0,10,0.9,0.5114,2.724,0.8897,7.34,4.7,-0.665,2.932,1,1,0.9277833500501504
VND_BETA,MOTOR_X,2022-09-26,2022-09-26,4682,4065,9,0,14,0.95,0.4908,2.717,0.887,7.93,5.56,-0.497,2.593,1,0,0.8682187099530115
VND_DELTA,BATTERY_A,2021-07-12,2021-07-14,3925,3076,7,0,10,0.9,0.3822,4.597,0.6942,10.0,6.05,-1.0,3.274,1,2,0.7836942675159235
VND_BETA,CABLE_R,2022-08-29,2022-08-29,1522,1184,8,0,8,0.7,0.5683,2.371,0.8855,8.24,4.9,-0.912,2.005,1,0,0.7779237844940867
VND_GAMMA,BATTERY_A,2023-01-15,2023-01-17,3094,3094,1,1,10,0.9,0.8997,0.433,0.9721,1.85,2.16,0.022,0.306,0,2,1.0
VND_ALPHA,BATTERY_A,2022-01-02,2022-01-03,6021,6021,1,1,10,0.9,0.8477,1.161,0.9795,3.7,2.96,-0.026,1.609,0,1,1.0
VND_GAMMA,BEARING_01,2023-08-28,2023-08-29,2297,2264,8,0,11,0.8,0.9146,-0.348,1.0,2.14,2.59,-0.277,0.173,0,1,0.9856334349151067
VND_ZETA,BEARING_01,2021-10-15,2021-10-15,7899,7899,10,0,11,0.8,0.9467,-0.03,0.9389,2.08,0.04,-0.007,0.366,0,0,1.0
VND_EPSILON,BATTERY_A,2023-09-27,2023-09-28,524,471,9,0,10,0.9,0.7394,1.961,0.8957,4.38,3.89,-0.441,1.169,1,1,0.898854961832061
VND_GAMMA,CABLE_R,2023-04-02,2023-04-02,3550,3536,4,0,8,0.7,0.9941,0.668,1.0,1.81,0.33,-0.556,0.389,0,0,0.9960563380281691
VND_DELTA,CASING_B,2023-01-22,2023-01-26,4398,3335,1,1,7,0.6,0.3671,4.688,0.7724,10.0,9.08,-1.0,3.072,1,4,0.7582992269213279
VND_GAMMA,CABLE_R,2021-06-20,2021-06-20,5788,4956,6,0,8,0.7,0.9494,0.132,0.9967,1.52,0.0,0.363,0.701,0,0,0.8562543192812716
VND_EPSILON,SWITCH_S,2023-07-11,2023-07-11,2353,2317,7,0,6,0.65,0.7191,1.568,0.9216,4.08,2.56,-0.606,1.633,1,0,0.9847003824904378
VND_EPSILON,MOTOR_X,2021-04-27,2021-04-28,6270,5470,4,0,14,0.95,0.7493,1.11,0.9164,3.47,1.86,-0.305,1.806,1,1,0.8724082934609251
VND_ZETA,SCREW_M4,2021-01-17,2021-01-17,1466,1466,1,1,5,0.4,0.9065,-0.082,1.0,1.09,2.03,0.123,0.866,0,0,1.0
VND_GAMMA,BATTERY_A,2023-02-09,2023-02-09,1496,1215,2,0,10,0.9,0.9794,0.909,0.9844,0.13,0.0,-0.083,0.079,0,0,0.8121657754010695
VND_ALPHA,SWITCH_S,2022-04-02,2022-04-04,3380,3380,4,0,6,0.65,0.7994,0.583,0.9204,3.44,0.0,-0.737,0.775,1,2,1.0
VND_ZETA,BEARING_01,2021-07-11,2021-07-12,3058,2759,7,0,11,0.8,0.9694,-0.089,0.9652,1.63,0.0,0.462,0.0,1,1,0.9022236756049705
VND_DELTA,BEARING_01,2024-01-01,2024-01-10,7573,5859,1,1,11,0.8,0.4163,4.346,0.7629,10.0,9.08,-1.0,3.072,1,9,0.7736696157401294
VND_ALPHA,BEARING_01,2021-06-25,2021-06-27,1676,1666,6,0,11,0.8,0.8298,0.864,0.9028,4.67,1.37,-0.2,0.43,1,2,0.9940334128878282
VND_DELTA,BATTERY_A,2023-06-07,2023-06-09,1834,1628,6,0,10,0.9,0.3538,4.752,0.7682,10.0,7.21,-1.0,4.359,1,2,0.8876772082878953
VND_GAMMA,SWITCH_S,2021-05-13,2021-05-12,2799,2799,5,0,6,0.65,1.0,-0.097,0.9746,1.61,2.86,-0.038,0.521,0,-1,1.0
VND_EPSILON,CABLE_R,2023-09-23,2023-09-24,1941,1372,9,0,8,0.7,0.7583,1.6,0.9286,4.38,3.89,-0.441,1.169,1,1,0.7068521380731582
VND_ALPHA,BEARING_01,2022-07-25,2022-07-26,3923,3760,7,0,11,0.8,0.8313,1.019,0.9743,2.66,1.71,-0.565,1.15,0,1,0.9584501656895233
VND_EPSILON,MOTOR_X,2021-11-15,2021-11-19,7970,6510,11,1,14,0.95,0.7162,1.406,0.9624,4.9,3.65,0.183,1.854,0,4,0.8168130489335006
VND_BETA,BEARING_01,2022-03-14,2022-03-12,2822,2252,3,0,11,0.8,0.5445,3.433,0.8913,7.31,4.89,-0.841,3.19,1,-2,0.7980155917788803
VND_EPSILON,MOTOR_X,2023-02-18,2023-02-20,711,695,2,0,14,0.95,0.7229,1.271,0.9264,3.97,2.95,-0.443,1.143,0,2,0.9774964838255977
VND_DELTA,CABLE_R,2023-08-28,2023-09-03,1948,1694,8,0,8,0.7,0.3115,4.306,0.8117,10.0,7.14,-1.0,3.931,1,6,0.8696098562628337
VND_BETA,MOTOR_X,2021-02-16,2021-02-17,6414,6414,2,0,14,0.95,0.5505,2.677,0.8805,7.47,5.81,-0.631,3.173,1,1,1.0
VND_GAMMA,SWITCH_S,2022-06-01,2022-06-01,5407,5344,6,0,6,0.65,0.9476,1.134,1.0,1.52,0.0,0.363,0.701,0,0,0.9883484372110227
VND_ALPHA,CASING_B,2021-10-18,2021-10-18,767,767,10,0,7,0.6,0.7884,1.141,0.982,3.41,0.0,-0.618,1.079,1,0,1.0
VND_DELTA,BLADE_X,2021-06-17,2021-06-19,2643,1919,6,0,12,0.85,0.3817,4.582,0.7829,10.0,7.21,-1.0,4.359,1,2,0.7260688611426409
VND_DELTA,BEARING_01,2023-12-11,2023-12-12,1953,1837,12,1,11,0.8,0.4201,4.464,0.7579,9.5,6.79,-1.0,3.943,1,1,0.9406041986687148
VND_BETA,BLADE_X,2021-04-21,2021-04-22,957,783,4,0,12,0.85,0.5044,2.836,0.8684,7.67,5.01,-1.0,2.322,1,1,0.8181818181818182
VND_GAMMA,SWITCH_S,2022-09-01,2022-09-01,1547,1416,9,0,6,0.65,0.9282,0.227,0.9591,1.65,0.0,-0.445,0.427,0,0,0.9153199741435035
VND_GAMMA,SCREW_M4,2023-05-09,2023-05-08,4145,4145,5,0,5,0.4,0.9814,-0.017,0.9561,1.61,2.86,-0.038,0.521,0,-1,1.0
VND_EPSILON,BEARING_01,2021-11-26,2021-11-26,5907,5907,11,1,11,0.8,0.7199,0.523,0.9663,4.9,3.65,0.183,1.854,0,0,1.0
VND_GAMMA,SWITCH_S,2023-03-08,2023-03-08,6942,6942,3,0,6,0.65,0.9206,0.201,1.0,1.39,0.8,0.586,0.47,0,0,1.0
VND_EPSILON,MOTOR_X,2022-02-11,2022-02-12,837,726,2,0,14,0.95,0.6683,1.854,0.9439,3.97,2.95,-0.443,1.143,0,1,0.8673835125448028
VND_GAMMA,CASING_B,2022-10-11,2022-10-11,316,316,10,0,7,0.6,1.0,0.425,0.9661,0.49,0.87,-0.256,1.02,0,0,1.0
VND_DELTA,CASING_B,2021-10-30,2021-11-06,4291,3315,10,0,7,0.6,0.3908,4.505,0.7392,10.0,5.94,-1.0,3.793,1,7,0.772547191796784
VND_ALPHA,CABLE_R,2023-04-13,2023-04-14,2352,2335,4,0,8,0.7,0.7711,0.875,1.0,3.44,0.0,-0.737,0.775,0,1,0.9927721088435374
VND_DELTA,MOTOR_X,2021-09-15,2021-09-16,5396,4125,9,0,14,0.95,0.4216,4.761,0.8445,10.0,8.25,-1.0,4.688,0,1,0.764455151964418
VND_ZETA,BEARING_01,2021-07-19,2021-07-21,498,444,7,0,11,0.8,0.9444,1.174,0.9561,1.63,0.0,0.462,0.0,0,2,0.891566265060241
VND_ZETA,SCREW_M4,2022-01-20,2022-01-20,3642,3642,1,1,5,0.4,0.9796,0.739,0.9361,1.09,2.03,0.123,0.866,0,0,1.0
VND_EPSILON,CASING_B,2023-02-13,2023-02-14,1970,1970,2,0,7,0.6,0.7097,0.972,0.9636,3.97,2.95,-0.443,1.143,0,1,1.0
VND_BETA,CABLE_R,2022-01-27,2022-02-02,5767,4774,1,1,8,0.7,0.4891,3.013,0.8636,8.49,4.94,-0.843,2.646,1,6,0.8278134211895266
VND_GAMMA,MOTOR_X,2023-01-16,2023-01-18,332,331,1,1,14,0.95,0.9568,-0.164,0.9842,1.85,2.16,0.022,0.306,0,2,0.9969879518072289
VND_GAMMA,BLADE_X,2023-10-26,2023-10-26,6909,6795,10,0,12,0.85,0.9109,0.712,0.9357,0.49,0.87,-0.256,1.02,0,0,0.9834997828918801
VND_ZETA,BATTERY_A,2023-10-20,2023-10-20,5515,5515,10,0,10,0.9,0.9601,0.379,0.9358,2.08,0.04,-0.007,0.366,0,0,1.0
VND_DELTA,BEARING_01,2023-04-21,2023-04-27,3081,2497,4,0,11,0.8,0.353,4.979,0.7726,10.0,7.27,-1.0,3.863,1,6,0.8104511522233041
VND_EPSILON,CABLE_R,2023-05-23,2023-05-25,4485,4452,5,0,8,0.7,0.8067,1.627,0.961,5.37,6.65,-0.289,2.054,1,2,0.9926421404682274
VND_ALPHA,CABLE_R,2021-12-27,2021-12-27,3958,3905,12,1,8,0.7,0.8303,1.233,0.9562,1.72,2.38,-0.358,1.423,0,0,0.9866093986862051
VND_GAMMA,SWITCH_S,2021-12-29,2021-12-29,4728,4728,12,1,6,0.65,0.9699,0.28,1.0,1.78,3.21,-0.462,0.474,0,0,1.0
VND_EPSILON,CASING_B,2023-06-12,2023-06-13,3325,3255,6,0,7,0.6,0.7536,0.936,0.9547,5.8,3.45,-0.555,1.904,0,1,0.9789473684210527
VND_ZETA,BLADE_X,2023-06-15,2023-06-15,5394,5155,6,0,12,0.85,0.917,1.116,0.9324,0.95,0.58,-1.0,0.11,0,0,0.9556915090841676
VND_ZETA,BLADE_X,2021-07-23,2021-07-24,917,880,7,0,12,0.85,0.9221,0.703,1.0,1.63,0.0,0.462,0.0,0,1,0.9596510359869138
VND_ALPHA,BATTERY_A,2021-02-03,2021-02-03,5248,4433,2,0,10,0.9,0.7482,0.512,0.939,2.97,1.37,0.254,1.307,0,0,0.844702743902439
VND_ALPHA,SWITCH_S,2023-10-14,2023-10-17,6343,6343,10,0,6,0.65,0.797,1.512,1.0,3.41,0.0,-0.618,1.079,0,3,1.0
VND_ZETA,BATTERY_A,2023-06-29,2023-06-29,4323,4323,6,0,10,0.9,0.9144,0.457,1.0,0.95,0.58,-1.0,0.11,0,0,1.0
VND_ZETA,MOTOR_X,2022-08-17,2022-08-17,7177,7084,8,0,14,0.95,0.9715,-0.397,0.9714,1.44,0.77,0.404,0.0,1,0,0.9870419395290512
VND_BETA,SWITCH_S,2022-04-02,2022-04-08,6564,6311,4,0,6,0.65,0.5154,2.617,0.8006,7.67,5.01,-1.0,2.322,0,6,0.9614564290067033
VND_EPSILON,BEARING_01,2023-02-20,2023-02-20,1137,1028,2,0,11,0.8,0.8366,2.25,0.9338,3.97,2.95,-0.443,1.143,1,0,0.9041336851363236
VND_DELTA,SCREW_M4,2021-09-12,2021-09-14,3072,2416,9,0,5,0.4,0.4534,4.35,0.7372,10.0,8.25,-1.0,4.688,1,2,0.7864583333333334
VND_DELTA,BEARING_01,2023-03-22,2023-03-29,262,233,3,0,11,0.8,0.3576,5.178,0.7493,9.67,7.03,-1.0,3.314,1,7,0.8893129770992366
VND_BETA,CABLE_R,2023-11-06,2023-11-10,2523,2179,11,1,8,0.7,0.4873,2.865,0.9037,7.62,7.21,-0.911,3.187,1,4,0.8636543797066983
VND_ZETA,BLADE_X,2022-06-26,2022-06-26,2718,2611,6,0,12,0.85,1.0,-0.226,0.9135,0.95,0.58,-1.0,0.11,0,0,0.9606328182487123
VND_ZETA,SWITCH_S,2022-05-10,2022-05-10,234,234,5,0,6,0.65,0.9687,0.752,0.9594,3.15,0.0,0.105,0.83,0,0,1.0
VND_ALPHA,SWITCH_S,2021-02-01,2021-02-03,415,382,2,0,6,0.65,0.8048,1.324,0.9197,2.97,1.37,0.254,1.307,1,2,0.9204819277108434
VND_GAMMA,CASING_B,2023-11-29,2023-11-27,6917,6917,11,1,7,0.6,0.9376,0.517,1.0,0.77,1.58,0.264,0.0,0,-2,1.0
VND_GAMMA,CABLE_R,2021-12-16,2021-12-17,4887,4257,12,1,8,0.7,0.9845,0.255,1.0,1.78,3.21,-0.462,0.474,0,1,0.8710865561694291
VND_BETA,SWITCH_S,2023-03-13,2023-03-11,1778,1508,3,0,6,0.65,0.6055,3.064,0.8674,7.31,4.89,-0.841,3.19,1,-2,0.8481439820022497
VND_ALPHA,SWITCH_S,2023-05-29,2023-06-02,1255,1255,5,0,6,0.65,0.7814,1.452,0.9717,2.19,1.91,-0.492,0.435,0,4,1.0
VND_ZETA,SWITCH_S,2021-12-22,2021-12-22,3502,3248,12,1,6,0.65,0.9232,1.257,0.9893,4.01,0.19,-0.074,0.755,0,0,0.9274700171330669
VND_EPSILON,CABLE_R,2021-11-21,2021-11-24,3783,3455,11,1,8,0.7,0.7847,1.396,0.9209,4.9,3.65,0.183,1.854,1,3,0.9132963256674597
VND_ALPHA,SCREW_M4,2021-09-16,2021-09-18,4330,4318,9,0,5,0.4,0.8358,1.282,0.982,3.19,0.54,0.027,0.512,0,2,0.997228637413395
VND_ZETA,BATTERY_A,2023-03-14,2023-03-12,7106,6974,3,0,10,0.9,0.8569,-0.088,0.9399,3.65,1.04,-0.406,0.887,0,-2,0.9814241486068112
VND_EPSILON,BLADE_X,2021-11-22,2021-11-22,7971,7735,11,1,12,0.85,0.6871,1.507,0.9551,4.9,3.65,0.183,1.854,0,0,0.9703926734412245
VND_BETA,CABLE_R,2021-07-10,2021-07-13,964,820,7,0,8,0.7,0.5476,2.876,0.9029,8.11,6.76,-1.0,3.129,0,3,0.8506224066390041
VND_DELTA,MOTOR_X,2021-01-24,2021-01-24,5351,5132,1,1,14,0.95,0.3505,5.103,0.7481,10.0,9.08,-1.0,3.072,1,0,0.9590730704541207
VND_ALPHA,CASING_B,2021-06-11,2021-06-15,4884,4633,6,0,7,0.6,0.7812,0.892,1.0,4.67,1.37,-0.2,0.43,0,4,0.9486076986076986
VND_ALPHA,SWITCH_S,2021-09-25,2021-09-24,3916,3372,9,0,6,0.65,0.8082,0.238,0.9706,3.19,0.54,0.027,0.512,0,-1,0.8610827374872319
VND_BETA,CABLE_R,2022-05-06,2022-05-10,5545,5476,5,0,8,0.7,0.5346,2.746,0.8751,8.96,6.56,-0.962,3.201,0,4,0.987556357078449
VND_GAMMA,SCREW_M4,2022-02-01,2022-02-01,4586,3688,2,0,5,0.4,0.9387,0.524,1.0,0.13,0.0,-0.083,0.079,0,0,0.8041866550370693
VND_ZETA,SCREW_M4,2023-02-14,2023-02-13,6511,5251,2,0,5,0.4,0.9391,0.599,0.9583,0.68,0.31,-0.17,0.259,0,-1,0.8064813392720013
VND_ZETA,BLADE_X,2021-04-16,2021-04-16,2452,2215,4,0,12,0.85,0.8996,0.082,0.9898,4.0,1.67,-0.484,0.326,0,0,0.9033442088091354
VND_BETA,BATTERY_A,2021-02-17,2021-02-17,5429,5193,2,0,10,0.9,0.5292,2.875,0.8348,7.47,5.81,-0.631,3.173,1,0,0.9565297476515012
VND_ALPHA,BATTERY_A,2023-07-30,2023-07-30,7795,6012,7,0,10,0.9,0.9236,0.677,0.9476,2.66,1.71,-0.565,1.15,0,0,0.7712636305323926
VND_ALPHA,BATTERY_A,2021-10-18,2021-10-20,2513,2220,10,0,10,0.9,0.8262,0.791,0.9966,3.41,0.0,-0.618,1.079,1,2,0.8834062873060088
VND_BETA,BLADE_X,2021-07-10,2021-07-11,833,764,7,0,12,0.85,0.4607,2.716,0.851,8.11,6.76,-1.0,3.129,1,1,0.9171668667466987
VND_GAMMA,BEARING_01,2022-03-02,2022-03-02,3401,3070,3,0,11,0.8,0.9282,0.497,0.9726,1.39,0.8,0.586,0.47,0,0,0.902675683622464
VND_DELTA,BATTERY_A,2021-02-14,2021-02-21,3589,3063,2,0,10,0.9,0.4078,4.564,0.746,10.0,7.1,-1.0,3.739,1,7,0.8534410699359153
VND_DELTA,BATTERY_A,2021-06-06,2021-06-15,1922,1634,6,0,10,0.9,0.3591,5.017,0.7779,10.0,7.21,-1.0,4.359,1,9,0.850156087408949
VND_DELTA,SWITCH_S,2022-10-05,2022-10-08,5390,3601,10,0,6,0.65,0.3919,5.313,0.7903,10.0,5.94,-1.0,3.793,1,3,0.6680890538033395
VND_BETA,BEARING_01,2022-01-04,2022-01-05,2647,2287,1,1,11,0.8,0.5529,3.079,0.8991,8.49,4.94,-0.843,2.646,0,1,0.8639969777106158
VND_BETA,MOTOR_X,2021-03-06,2021-03-09,1160,844,3,0,14,0.95,0.5747,3.34,0.8181,7.31,4.89,-0.841,3.19,1,3,0.7275862068965517
VND_GAMMA,CABLE_R,2023-09-19,2023-09-19,5229,5229,9,0,8,0.7,0.9646,0.438,1.0,1.65,0.0,-0.445,0.427,0,0,1.0
VND_BETA,MOTOR_X,2023-12-05,2023-12-10,6275,5025,12,1,14,0.95,0.5395,2.797,0.9169,7.45,6.37,-1.0,2.215,1,5,0.8007968127490039
VND_ALPHA,BLADE_X,2022-01-30,2022-02-01,5165,5165,1,1,12,0.85,0.8384,0.843,0.9869,3.7,2.96,-0.026,1.609,0,2,1.0
VND_EPSILON,MOTOR_X,2021-02-17,2021-02-17,4443,3843,2,0,14,0.95,0.7876,1.893,0.9168,3.97,2.95,-0.443,1.143,0,0,0.8649561107359892
VND_BETA,CASING_B,2023-01-18,2023-01-21,1140,1017,1,1,7,0.6,0.6288,2.385,0.8812,8.49,4.94,-0.843,2.646,0,3,0.8921052631578947
VND_ALPHA,SCREW_M4,2022-11-02,2022-11-02,1335,1335,11,1,5,0.4,0.7828,1.773,0.9353,3.94,3.27,-0.255,0.88,0,0,1.0
VND_ALPHA,SCREW_M4,2021-09-17,2021-09-18,2392,2291,9,0,5,0.4,0.8408,0.536,1.0,3.19,0.54,0.027,0.512,0,1,0.9577759197324415
VND_DELTA,BLADE_X,2022-02-13,2022-02-24,953,702,2,0,12,0.85,0.3801,4.371,0.7336,10.0,7.1,-1.0,3.739,1,11,0.7366211962224554
VND_ZETA,CABLE_R,2022-08-26,2022-08-25,4026,3374,8,0,8,0.7,1.0,0.188,0.9744,1.44,0.77,0.404,0.0,0,-1,0.8380526577247889
VND_DELTA,BEARING_01,2023-11-16,2023-11-17,7952,5854,11,1,11,0.8,0.3903,4.594,0.782,10.0,9.01,-1.0,3.571,1,1,0.7361670020120724
VND_BETA,SWITCH_S,2022-05-28,2022-05-28,1616,1396,5,0,6,0.65,0.6061,2.971,0.8839,8.96,6.56,-0.962,3.201,0,0,0.8638613861386139
VND_ZETA,SCREW_M4,2022-07-30,2022-07-30,3418,3418,7,0,5,0.4,0.8998,0.176,0.9816,1.63,0.0,0.462,0.0,0,0,1.0
VND_EPSILON,BATTERY_A,2022-10-01,2022-10-04,1557,1443,10,0,10,0.9,0.7416,1.631,0.8618,4.13,3.48,-0.679,1.687,0,3,0.9267822736030829
VND_ZETA,SCREW_M4,2023-09-27,2023-09-26,3750,3750,9,0,5,0.4,0.8873,-1.0,1.0,3.04,0.65,-0.322,0.705,0,-1,1.0
VND_DELTA,BEARING_01,2022-07-11,2022-07-09,6883,5201,7,0,11,0.8,0.3825,4.597,0.7231,10.0,6.05,-1.0,3.274,1,-2,0.7556298125817231
VND_EPSILON,CABLE_R,2021-08-09,2021-08-10,5174,5146,8,0,8,0.7,0.6801,1.181,0.933,7.16,0.93,-0.254,0.955,0,1,0.9945883262466177
VND_DELTA,SWITCH_S,2022-02-14,2022-02-19,4846,4131,2,0,6,0.65,0.4048,5.597,0.7485,10.0,7.1,-1.0,3.739,1,5,0.852455633512175
VND_GAMMA,CABLE_R,2021-05-12,2021-05-12,3881,3881,5,0,8,0.7,0.9283,0.297,1.0,1.61,2.86,-0.038,0.521,0,0,1.0
VND_ALPHA,CASING_B,2023-11-14,2023-11-17,2273,2273,11,1,7,0.6,0.8482,0.853,0.9297,3.94,3.27,-0.255,0.88,0,3,1.0
VND_GAMMA,SWITCH_S,2023-12-23,2023-12-26,3085,3085,12,1,6,0.65,0.9602,0.039,0.974,1.78,3.21,-0.462,0.474,0,3,1.0
VND_ALPHA,SWITCH_S,2021-08-23,2021-08-23,1673,1362,8,0,6,0.65,0.8616,0.863,0.974,2.6,1.31,-0.401,1.741,0,0,0.8141063956963539
VND_DELTA,CABLE_R,2022-01-16,2022-01-26,3130,2459,1,1,8,0.7,0.4006,4.529,0.7828,10.0,9.08,-1.0,3.072,1,10,0.7856230031948882
VND_ALPHA,SCREW_M4,2022-03-17,2022-03-17,5581,5581,3,0,5,0.4,0.8692,0.465,1.0,2.73,2.14,-0.359,0.814,1,0,1.0
VND_GAMMA,CABLE_R,2021-10-25,2021-10-25,6585,6585,10,0,8,0.7,0.9659,-0.124,0.968,0.49,0.87,-0.256,1.02,0,0,1.0
VND_ALPHA,CABLE_R,2021-01-20,2021-01-20,2809,2809,1,1,8,0.7,0.7822,1.644,0.9957,3.7,2.96,-0.026,1.609,1,0,1.0
VND_ZETA,MOTOR_X,2022-11-05,2022-11-07,1951,1951,11,1,14,0.95,0.9562,0.513,0.9995,1.99,2.8,0.448,0.025,0,2,1.0
VND_EPSILON,BEARING_01,2022-10-21,2022-10-23,7562,7410,10,0,11,0.8,0.7975,1.258,0.9262,4.13,3.48,-0.679,1.687,0,2,0.9798994974874372
VND_EPSILON,SCREW_M4,2021-05-16,2021-05-18,3358,3036,5,0,5,0.4,0.7119,1.376,0.9556,5.37,6.65,-0.289,2.054,0,2,0.9041095890410958
VND_EPSILON,BLADE_X,2022-03-11,2022-03-14,4519,4465,3,0,12,0.85,0.7072,1.13,0.8676,5.21,3.36,-0.135,2.022,1,3,0.9880504536401858
VND_ALPHA,SCREW_M4,2022-07-24,2022-07-24,6067,5783,7,0,5,0.4,0.8704,0.866,0.985,2.66,1.71,-0.565,1.15,0,0,0.9531893851986155
VND_EPSILON,BATTERY_A,2023-05-14,2023-05-16,5788,5017,5,0,10,0.9,0.6914,1.457,0.9101,5.37,6.65,-0.289,2.054,1,2,0.8667933655839668
VND_GAMMA,SWITCH_S,2022-10-18,2022-10-17,1823,1823,10,0,6,0.65,0.9272,0.67,1.0,0.49,0.87,-0.256,1.02,0,-1,1.0
VND_ALPHA,SCREW_M4,2023-10-09,2023-10-10,4284,3649,10,0,5,0.4,0.826,1.239,1.0,3.41,0.0,-0.618,1.079,0,1,0.8517740429505135
VND_GAMMA,MOTOR_X,2023-05-13,2023-05-14,1176,1176,5,0,14,0.95,0.9598,0.207,0.9455,1.61,2.86,-0.038,0.521,0,1,1.0
VND_DELTA,BATTERY_A,2021-12-17,2021-12-22,5126,4256,12,1,10,0.9,0.335,5.143,0.7436,9.5,6.79,-1.0,3.943,1,5,0.8302770191182208
VND_EPSILON,CABLE_R,2023-02-24,2023-02-22,2136,2136,2,0,8,0.7,0.7303,1.11,0.99,3.97,2.95,-0.443,1.143,0,-2,1.0
VND_GAMMA,MOTOR_X,2021-02-06,2021-02-06,5472,5472,2,0,14,0.95,0.9638,0.549,1.0,0.13,0.0,-0.083,0.079,0,0,1.0
VND_DELTA,MOTOR_X,2022-08-06,2022-08-11,1273,809,8,0,14,0.95,0.3657,4.512,0.78,10.0,7.14,-1.0,3.931,1,5,0.6355066771406127
VND_ALPHA,SWITCH_S,2023-12-29,2023-12-29,7720,6615,12,1,6,0.65,0.8701,0.585,1.0,1.72,2.38,-0.358,1.423,0,0,0.8568652849740933
VND_GAMMA,MOTOR_X,2021-02-03,2021-02-01,768,744,2,0,14,0.95,0.9563,0.434,1.0,0.13,0.0,-0.083,0.079,0,-2,0.96875
VND_ALPHA,BEARING_01,2023-05-01,2023-05-01,6124,4952,5,0,11,0.8,0.8271,1.0,0.9144,2.19,1.91,-0.492,0.435,0,0,0.8086218158066623
VND_GAMMA,BLADE_X,2022-10-12,2022-10-12,6374,6374,10,0,12,0.85,0.9825,0.837,1.0,0.49,0.87,-0.256,1.02,1,0,1.0
VND_DELTA,CABLE_R,2021-06-13,2021-06-20,4758,3361,6,0,8,0.7,0.3948,4.525,0.73,10.0,7.21,-1.0,4.359,1,7,0.7063892391761244
VND_DELTA,CABLE_R,2021-04-07,2021-04-12,3422,2924,4,0,8,0.7,0.4096,4.5,0.7681,10.0,7.27,-1.0,3.863,1,5,0.8544710695499708
VND_ZETA,BLADE_X,2023-07-20,2023-07-19,4241,4241,7,0,12,0.85,0.951,0.332,0.9701,1.63,0.0,0.462,0.0,0,-1,1.0
VND_GAMMA,BATTERY_A,2021-07-30,2021-07-30,439,439,7,0,10,0.9,0.9529,0.783,0.9571,2.34,0.0,0.441,0.0,0,0,1.0
VND_ALPHA,SCREW_M4,2021-01-22,2021-01-23,1336,1320,1,1,5,0.4,0.773,0.33,0.9423,3.7,2.96,-0.026,1.609,0,1,0.9880239520958084
VND_GAMMA,BATTERY_A,2023-06-12,2023-06-12,2054,2011,6,0,10,0.9,0.9092,-0.275,0.9978,1.52,0.0,0.363,0.701,0,0,0.9790652385589095
VND_ALPHA,CASING_B,2022-01-27,2022-01-27,6131,6131,1,1,7,0.6,0.8182,0.718,0.9951,3.7,2.96,-0.026,1.609,0,0,1.0
VND_EPSILON,CABLE_R,2021-01-11,2021-01-13,7852,6810,1,1,8,0.7,0.716,1.633,0.9291,5.06,3.05,-0.408,1.754,0,2,0.8672949566989302
VND_GAMMA,MOTOR_X,2021-03-30,2021-03-31,1107,1107,3,0,14,0.95,0.9338,0.5,1.0,1.39,0.8,0.586,0.47,0,1,1.0
VND_GAMMA,MOTOR_X,2021-06-03,2021-06-03,2360,2360,6,0,14,0.95,0.9474,0.014,1.0,1.52,0.0,0.363,0.701,0,0,1.0
VND_ZETA,CABLE_R,2023-02-17,2023-02-17,2411,1820,2,0,8,0.7,0.8765,0.049,1.0,0.68,0.31,-0.17,0.259,0,0,0.7548734964744919
VND_BETA,CASING_B,2023-08-02,2023-08-06,1182,1074,8,0,7,0.6,0.5361,2.614,0.8329,8.24,4.9,-0.912,2.005,0,4,0.9086294416243654
VND_GAMMA,CASING_B,2021-10-31,2021-10-30,6368,6187,10,0,7,0.6,0.9461,-0.193,1.0,0.49,0.87,-0.256,1.02,0,-1,0.9715766331658291
VND_ZETA,SWITCH_S,2023-07-05,2023-07-05,5674,5478,7,0,6,0.65,0.9573,0.796,1.0,1.63,0.0,0.462,0.0,1,0,0.9654564681001058
VND_EPSILON,BATTERY_A,2023-12-17,2023-12-17,2170,2170,12,1,10,0.9,0.6482,1.851,0.9114,2.82,4.49,-0.659,1.941,0,0,1.0
VND_ZETA,BEARING_01,2023-10-01,2023-10-01,2498,2498,10,0,11,0.8,0.9343,0.345,0.9732,2.08,0.04,-0.007,0.366,0,0,1.0
VND_ZETA,CABLE_R,2023-09-16,2023-09-16,2050,1863,9,0,8,0.7,0.994,1.119,0.9193,3.04,0.65,-0.322,0.705,0,0,0.9087804878048781
VND_GAMMA,BATTERY_A,2022-08-30,2022-08-30,6027,5708,8,0,10,0.9,0.9913,0.201,0.9748,2.14,2.59,-0.277,0.173,0,0,0.9470715115314419
VND_GAMMA,BATTERY_A,2022-05-12,2022-05-11,5602,5489,5,0,10,0.9,0.8899,0.22,0.9525,1.61,2.86,-0.038,0.521,0,-1,0.9798286326312031
VND_ZETA,SCREW_M4,2021-06-09,2021-06-09,815,815,6,0,5,0.4,0.9629,0.515,0.959,0.95,0.58,-1.0,0.11,0,0,1.0
VND_ALPHA,BEARING_01,2022-03-12,2022-03-10,307,272,3,0,11,0.8,0.8079,1.184,0.9105,2.73,2.14,-0.359,0.814,0,-2,0.8859934853420195
VND_DELTA,SCREW_M4,2023-02-28,2023-03-01,1739,1500,2,0,5,0.4,0.4131,5.041,0.7928,10.0,7.1,-1.0,3.739,0,1,0.8625646923519263
VND_ALPHA,BEARING_01,2022-11-29,2022-11-30,1909,1909,11,1,11,0.8,0.7304,1.618,0.8939,3.94,3.27,-0.255,0.88,1,1,1.0
VND_GAMMA,CABLE_R,2023-07-19,2023-07-19,5568,5568,7,0,8,0.7,0.9348,0.3,1.0,2.34,0.0,0.441,0.0,0,0,1.0
VND_EPSILON,CASING_B,2021-08-05,2021-08-08,7688,7688,8,0,7,0.6,0.7021,1.38,0.9115,7.16,0.93,-0.254,0.955,0,3,1.0
VND_BETA,CASING_B,2023-01-15,2023-01-17,3358,3183,1,1,7,0.6,0.4965,2.841,0.8875,8.49,4.94,-0.843,2.646,0,2,0.9478856462179869
VND_EPSILON,BEARING_01,2023-11-18,2023-11-21,1863,1863,11,1,11,0.8,0.6603,1.158,0.9231,4.9,3.65,0.183,1.854,1,3,1.0
VND_BETA,SWITCH_S,2021-05-21,2021-05-23,2476,2196,5,0,6,0.65,0.6061,3.026,0.8876,8.96,6.56,-0.962,3.201,1,2,0.8869143780290791
VND_BETA,SWITCH_S,2022-09-22,2022-09-21,7994,7054,9,0,6,0.65,0.5892,2.543,0.8432,7.93,5.56,-0.497,2.593,1,-1,0.8824118088566425
VND_BETA,BATTERY_A,2023-08-03,2023-08-05,7377,4892,8,0,10,0.9,0.4738,2.64,0.9436,8.24,4.9,-0.912,2.005,1,2,0.6631421987257693
VND_ZETA,BATTERY_A,2021-08-14,2021-08-15,2170,2129,8,0,10,0.9,0.9494,0.051,1.0,1.44,0.77,0.404,0.0,0,1,0.9811059907834101
VND_DELTA,MOTOR_X,2022-01-19,2022-01-26,2385,1869,1,1,14,0.95,0.4029,4.316,0.7889,10.0,9.08,-1.0,3.072,1,7,0.7836477987421384
VND_DELTA,MOTOR_X,2023-12-24,2023-12-28,3908,3472,12,1,14,0.95,0.4424,4.041,0.7775,9.5,6.79,-1.0,3.943,1,4,0.8884339815762539
VND_GAMMA,CABLE_R,2021-08-31,2021-08-31,7793,7793,8,0,8,0.7,0.9078,0.43,1.0,2.14,2.59,-0.277,0.173,0,0,1.0
VND_GAMMA,BATTERY_A,2023-06-03,2023-06-03,1937,1937,6,0,10,0.9,0.9356,0.465,1.0,1.52,0.0,0.363,0.701,0,0,1.0
VND_DELTA,CASING_B,2023-10-26,2023-10-24,3729,2342,10,0,7,0.6,0.4291,4.763,0.8058,10.0,5.94,-1.0,3.793,1,-2,0.6280504156610351
VND_ALPHA,CABLE_R,2023-06-23,2023-06-24,2433,2121,6,0,8,0.7,0.7699,0.925,0.9239,4.67,1.37,-0.2,0.43,0,1,0.8717632552404438
VND_ALPHA,CABLE_R,2021-04-11,2021-04-11,5513,5513,4,0,8,0.7,0.8311,1.493,0.9686,3.44,0.0,-0.737,0.775,0,0,1.0
VND_ZETA,SWITCH_S,2023-05-16,2023-05-19,1788,1565,5,0,6,0.65,0.9776,0.828,1.0,3.15,0.0,0.105,0.83,0,3,0.8752796420581656
VND_BETA,BLADE_X,2023-04-05,2023-04-11,1647,1606,4,0,12,0.85,0.5878,2.863,0.9392,7.67,5.01,-1.0,2.322,0,6,0.9751062537947783
VND_EPSILON,BLADE_X,2023-10-08,2023-10-08,4448,4211,10,0,12,0.85,0.7677,1.91,0.9171,4.13,3.48,-0.679,1.687,1,0,0.9467176258992805
VND_ALPHA,SWITCH_S,2021-04-13,2021-04-14,5494,5494,4,0,6,0.65,0.7883,1.311,0.9271,3.44,0.0,-0.737,0.775,0,1,1.0
VND_ALPHA,SCREW_M4,2022-03-26,2022-03-27,1143,1018,3,0,5,0.4,0.8477,0.764,0.9825,2.73,2.14,-0.359,0.814,0,1,0.8906386701662292
VND_ALPHA,MOTOR_X,2022-06-30,2022-06-30,2155,2038,6,0,14,0.95,0.7911,1.451,0.9407,4.67,1.37,-0.2,0.43,0,0,0.945707656612529
VND_EPSILON,BATTERY_A,2021-07-26,2021-07-29,2456,2456,7,0,10,0.9,0.7961,1.286,0.9243,4.08,2.56,-0.606,1.633,0,3,1.0
VND_EPSILON,SCREW_M4,2023-04-09,2023-04-09,3410,2801,4,0,5,0.4,0.7202,2.346,0.9285,3.47,1.86,-0.305,1.806,0,0,0.8214076246334311
VND_ALPHA,SWITCH_S,2022-03-27,2022-03-27,6212,6069,3,0,6,0.65,0.8563,1.112,0.9688,2.73,2.14,-0.359,0.814,0,0,0.9769800386349002
VND_DELTA,BLADE_X,2022-02-26,2022-03-01,1601,992,2,0,12,0.85,0.3444,3.827,0.7918,10.0,7.1,-1.0,3.739,1,3,0.6196127420362274
VND_GAMMA,SCREW_M4,2022-08-13,2022-08-14,5982,5735,8,0,5,0.4,0.9007,0.532,1.0,2.14,2.59,-0.277,0.173,0,1,0.9587094617184888
VND_ZETA,BLADE_X,2021-01-07,2021-01-07,972,972,1,1,12,0.85,0.9503,-0.126,0.9508,1.09,2.03,0.123,0.866,0,0,1.0
VND_EPSILON,CASING_B,2023-09-04,2023-09-04,6254,5308,9,0,7,0.6,0.7234,1.352,0.9354,4.38,3.89,-0.441,1.169,0,0,0.8487368084425967
VND_ZETA,BLADE_X,2022-05-04,2022-05-04,1594,1395,5,0,12,0.85,0.9489,0.779,0.9101,3.15,0.0,0.105,0.83,0,0,0.8751568381430364
VND_ZETA,CABLE_R,2021-05-23,2021-05-23,1565,1446,5,0,8,0.7,0.9053,0.739,1.0,3.15,0.0,0.105,0.83,0,0,0.923961661341853
VND_GAMMA,CASING_B,2023-07-22,2023-07-23,1361,1269,7,0,7,0.6,0.9812,0.245,0.9715,2.34,0.0,0.441,0.0,0,1,0.9324026451138868
VND_ZETA,MOTOR_X,2023-08-30,2023-08-30,3705,3368,8,0,14,0.95,0.9036,0.306,0.9559,1.44,0.77,0.404,0.0,0,0,0.9090418353576248
VND_ALPHA,CABLE_R,2021-12-30,2022-01-01,2361,2145,12,1,8,0.7,0.7862,1.692,0.9635,1.72,2.38,-0.358,1.423,0,2,0.9085133418043202
VND_BETA,BATTERY_A,2021-01-20,2021-01-24,5066,4366,1,1,10,0.9,0.5771,2.756,0.8804,8.49,4.94,-0.843,2.646,1,4,0.8618239242005526
VND_DELTA,CABLE_R,2021-01-03,2021-01-09,4200,3047,1,1,8,0.7,0.3972,4.82,0.7491,10.0,9.08,-1.0,3.072,1,6,0.7254761904761905
VND_DELTA,SCREW_M4,2021-08-13,2021-08-19,570,382,8,0,5,0.4,0.356,4.649,0.7428,10.0,7.14,-1.0,3.931,1,6,0.6701754385964912
VND_EPSILON,MOTOR_X,2022-08-19,2022-08-19,7043,7036,8,0,14,0.95,0.7687,1.345,0.915,7.16,0.93,-0.254,0.955,0,0,0.9990061053528326
VND_EPSILON,SCREW_M4,2023-10-28,2023-10-28,1570,1309,10,0,5,0.4,0.7348,1.418,0.9408,4.13,3.48,-0.679,1.687,0,0,0.8337579617834395
VND_ALPHA,CASING_B,2021-07-24,2021-07-27,2695,2695,7,0,7,0.6,0.7824,1.057,0.9964,2.66,1.71,-0.565,1.15,0,3,1.0
VND_DELTA,CABLE_R,2023-10-02,2023-10-12,6219,3141,10,0,8,0.7,0.4076,4.436,0.7445,10.0,5.94,-1.0,3.793,1,10,0.5050651230101303
VND_EPSILON,CABLE_R,2022-06-12,2022-06-15,5634,4839,6,0,8,0.7,0.7469,1.794,0.9223,5.8,3.45,-0.555,1.904,0,3,0.8588924387646433
VND_GAMMA,BEARING_01,2023-01-17,2023-01-17,3958,3817,1,1,11,0.8,1.0,0.731,1.0,1.85,2.16,0.022,0.306,0,0,0.9643759474482062
VND_GAMMA,MOTOR_X,2022-09-09,2022-09-08,6017,6017,9,0,14,0.95,0.9041,0.467,0.9642,1.65,0.0,-0.445,0.427,0,-1,1.0
VND_EPSILON,CABLE_R,2023-09-19,2023-09-23,1123,991,9,0,8,0.7,0.8014,1.498,1.0,4.38,3.89,-0.441,1.169,1,4,0.8824577025823687
VND_ZETA,BLADE_X,2023-11-30,2023-11-30,6165,6165,11,1,12,0.85,0.9885,0.871,0.9235,1.99,2.8,0.448,0.025,0,0,1.0
VND_BETA,MOTOR_X,2023-04-21,2023-04-21,7214,5217,4,0,14,0.95,0.552,3.305,0.9078,7.67,5.01,-1.0,2.322,1,0,0.7231771555309121
VND_ZETA,SCREW_M4,2021-10-18,2021-10-18,3126,3045,10,0,5,0.4,0.9114,0.238,1.0,2.08,0.04,-0.007,0.366,0,0,0.974088291746641
VND_ALPHA,BEARING_01,2022-05-16,2022-05-15,4931,4931,5,0,11,0.8,0.7946,1.184,1.0,2.19,1.91,-0.492,0.435,1,-1,1.0
VND_GAMMA,SWITCH_S,2022-02-27,2022-02-26,6297,6297,2,0,6,0.65,0.9855,-0.048,0.9803,0.13,0.0,-0.083,0.079,0,-1,1.0
VND_BETA,BATTERY_A,2023-02-13,2023-02-21,5432,5030,2,0,10,0.9,0.587,3.342,0.8605,7.47,5.81,-0.631,3.173,1,8,0.9259941089837997
VND_GAMMA,BATTERY_A,2023-07-10,2023-07-11,7376,6846,7,0,10,0.9,0.9397,0.723,0.9458,2.34,0.0,0.441,0.0,0,1,0.9281453362255966
VND_GAMMA,CASING_B,2022-12-16,2022-12-16,7474,7474,12,1,7,0.6,0.939,0.169,0.9915,1.78,3.21,-0.462,0.474,0,0,1.0
VND_DELTA,CABLE_R,2023-05-05,2023-05-11,7943,5877,5,0,8,0.7,0.4245,4.39,0.7838,9.38,7.59,-0.912,3.272,1,6,0.7398967644466826
VND_GAMMA,BLADE_X,2022-01-26,2022-01-27,536,531,1,1,12,0.85,0.9584,0.718,0.9757,1.85,2.16,0.022,0.306,1,1,0.9906716417910447
VND_EPSILON,CABLE_R,2021-09-09,2021-09-08,3750,3750,9,0,8,0.7,0.7504,2.128,0.8562,4.38,3.89,-0.441,1.169,0,-1,1.0
VND_EPSILON,BEARING_01,2022-12-12,2022-12-15,2562,2485,12,1,11,0.8,0.5966,2.014,0.8992,2.82,4.49,-0.659,1.941,1,3,0.9699453551912568
VND_ALPHA,BATTERY_A,2023-10-19,2023-10-19,7795,7795,10,0,10,0.9,0.7953,1.365,0.9803,3.41,0.0,-0.618,1.079,1,0,1.0
VND_DELTA,CASING_B,2021-11-04,2021-11-12,4485,3553,11,1,7,0.6,0.3966,4.064,0.7475,10.0,9.01,-1.0,3.571,1,8,0.7921962095875139
VND_EPSILON,BLADE_X,2021-11-30,2021-12-03,2687,2636,11,1,12,0.85,0.7496,1.95,0.8953,4.9,3.65,0.183,1.854,0,3,0.9810197245999256
VND_GAMMA,BEARING_01,2021-05-13,2021-05-13,6751,6751,5,0,11,0.8,0.8891,1.005,0.9792,1.61,2.86,-0.038,0.521,0,0,1.0
VND_ALPHA,BLADE_X,2023-07-19,2023-07-19,535,535,7,0,12,0.85,0.8342,1.672,0.951,2.66,1.71,-0.565,1.15,0,0,1.0
VND_GAMMA,SCREW_M4,2021-09-10,2021-09-10,635,585,9,0,5,0.4,0.8951,0.098,1.0,1.65,0.0,-0.445,0.427,0,0,0.9212598425196851
VND_GAMMA,BEARING_01,2021-01-11,2021-01-11,3725,3725,1,1,11,0.8,0.923,0.598,0.9888,1.85,2.16,0.022,0.306,0,0,1.0
VND_ZETA,CABLE_R,2021-01-02,2021-01-03,608,608,1,1,8,0.7,0.9393,0.336,1.0,1.09,2.03,0.123,0.866,0,1,1.0
VND_BETA,BLADE_X,2022-12-19,2022-12-22,7398,6866,12,1,12,0.85,0.4885,2.799,0.8195,7.45,6.37,-1.0,2.215,1,3,0.92808867261422
VND_EPSILON,BLADE_X,2021-11-14,2021-11-15,904,904,11,1,12,0.85,0.6567,1.14,0.9259,4.9,3.65,0.183,1.854,0,1,1.0
VND_BETA,BLADE_X,2022-02-07,2022-02-09,3739,3254,2,0,12,0.85,0.5781,2.864,0.8572,7.47,5.81,-0.631,3.173,1,2,0.8702861727734689
VND_GAMMA,BATTERY_A,2022-03-25,2022-03-23,463,457,3,0,10,0.9,0.926,0.707,1.0,1.39,0.8,0.586,0.47,0,-2,0.9870410367170627
VND_GAMMA,BEARING_01,2022-05-25,2022-05-25,6849,6849,5,0,11,0.8,0.9944,0.347,0.9114,1.61,2.86,-0.038,0.521,1,0,1.0
VND_DELTA,SWITCH_S,2023-03-29,2023-04-04,7606,6040,3,0,6,0.65,0.3772,3.969,0.7619,9.67,7.03,-1.0,3.314,0,6,0.7941099132264002
VND_GAMMA,BATTERY_A,2022-09-11,2022-09-12,5090,4693,9,0,10,0.9,0.946,0.163,1.0,1.65,0.0,-0.445,0.427,0,1,0.9220039292730845
VND_BETA,BLADE_X,2023-06-12,2023-06-15,5761,4624,6,0,12,0.85,0.4972,2.737,0.8643,8.51,4.55,-0.832,3.415,1,3,0.8026384308279813
VND_EPSILON,CABLE_R,2021-10-13,2021-10-15,5797,5512,10,0,8,0.7,0.6751,1.513,0.9624,4.13,3.48,-0.679,1.687,0,2,0.9508366396411937
VND_GAMMA,SCREW_M4,2021-10-05,2021-10-06,3610,3610,10,0,5,0.4,0.9737,-0.001,1.0,0.49,0.87,-0.256,1.02,0,1,1.0
VND_GAMMA,SCREW_M4,2022-09-17,2022-09-20,901,901,9,0,5,0.4,0.9473,0.442,0.9831,1.65,0.0,-0.445,0.427,0,3,1.0
VND_EPSILON,BLADE_X,2023-08-03,2023-08-04,4671,3911,8,0,12,0.85,0.7257,1.739,0.9178,7.16,0.93,-0.254,0.955,0,1,0.8372939413401841
VND_DELTA,CASING_B,2023-06-14,2023-06-20,986,953,6,0,7,0.6,0.3709,4.305,0.762,10.0,7.21,-1.0,4.359,1,6,0.9665314401622718
VND_EPSILON,CASING_B,2023-06-25,2023-06-25,5886,5886,6,0,7,0.6,0.8169,1.359,0.9328,5.8,3.45,-0.555,1.904,0,0,1.0
VND_EPSILON,CABLE_R,2023-01-03,2023-01-04,4036,3705,1,1,8,0.7,0.7243,1.583,0.9446,5.06,3.05,-0.408,1.754,1,1,0.91798810703667
VND_DELTA,CABLE_R,2023-08-14,2023-08-13,3644,2958,8,0,8,0.7,0.3277,5.203,0.7832,10.0,7.14,-1.0,3.931,1,-1,0.8117453347969265
VND_DELTA,SWITCH_S,2021-02-26,2021-02-27,7675,6245,2,0,6,0.65,0.3607,4.976,0.8136,10.0,7.1,-1.0,3.739,1,1,0.8136807817589576
VND_DELTA,MOTOR_X,2021-07-01,2021-07-11,6391,4428,7,0,14,0.95,0.3829,5.184,0.807,10.0,6.05,-1.0,3.274,1,10,0.6928493193553434
VND_EPSILON,CASING_B,2022-09-12,2022-09-12,6644,5780,9,0,7,0.6,0.7307,1.856,0.9349,4.38,3.89,-0.441,1.169,1,0,0.8699578567128236
VND_EPSILON,SCREW_M4,2023-11-15,2023-11-15,3256,3154,11,1,5,0.4,0.6798,1.234,0.9527,4.9,3.65,0.183,1.854,0,0,0.9686732186732187
VND_EPSILON,CASING_B,2022-08-24,2022-08-22,638,487,8,0,7,0.6,0.8045,1.289,0.9216,7.16,0.93,-0.254,0.955,1,-2,0.7633228840125392
VND_BETA,SWITCH_S,2023-04-06,2023-04-09,5689,5669,4,0,6,0.65,0.5523,2.701,0.8974,7.67,5.01,-1.0,2.322,1,3,0.9964844436632097
VND_DELTA,MOTOR_X,2023-11-27,2023-11-29,3970,2769,11,1,14,0.95,0.3832,4.685,0.8135,10.0,9.01,-1.0,3.571,1,2,0.6974811083123426
VND_ALPHA,MOTOR_X,2021-04-23,2021-04-24,2413,2413,4,0,14,0.95,0.7558,0.97,0.9372,3.44,0.0,-0.737,0.775,0,1,1.0
VND_GAMMA,BATTERY_A,2021-07-19,2021-07-20,6933,6933,7,0,10,0.9,0.9717,0.031,0.9437,2.34,0.0,0.441,0.0,0,1,1.0
VND_EPSILON,BLADE_X,2023-09-14,2023-09-13,5857,5429,9,0,12,0.85,0.757,0.31,0.9697,4.38,3.89,-0.441,1.169,0,-1,0.9269250469523647
VND_ALPHA,CABLE_R,2021-09-06,2021-09-07,6265,6265,9,0,8,0.7,0.7735,0.75,0.9909,3.19,0.54,0.027,0.512,0,1,1.0
VND_ZETA,MOTOR_X,2022-02-24,2022-02-24,4429,3980,2,0,14,0.95,0.9987,0.656,1.0,0.68,0.31,-0.17,0.259,0,0,0.8986227139309099
VND_EPSILON,CASING_B,2023-10-12,2023-10-12,1317,1209,10,0,7,0.6,0.7006,1.74,0.9471,4.13,3.48,-0.679,1.687,1,0,0.9179954441913439
VND_ZETA,SCREW_M4,2021-11-13,2021-11-13,2664,2457,11,1,5,0.4,0.9245,0.328,0.9798,1.99,2.8,0.448,0.025,0,0,0.9222972972972973
VND_ZETA,BLADE_X,2021-01-14,2021-01-15,6799,6585,1,1,12,0.85,0.9028,0.07,0.9918,1.09,2.03,0.123,0.866,0,1,0.9685247830563318
VND_EPSILON,BEARING_01,2022-02-16,2022-02-17,1139,1005,2,0,11,0.8,0.7396,1.941,0.8542,3.97,2.95,-0.443,1.143,1,1,0.8823529411764706
VND_ALPHA,BATTERY_A,2021-11-10,2021-11-12,5146,5146,11,1,10,0.9,0.7778,0.773,0.9812,3.94,3.27,-0.255,0.88,1,2,1.0
VND_EPSILON,BATTERY_A,2021-07-18,2021-07-18,2225,2216,7,0,10,0.9,0.6993,2.078,0.9203,4.08,2.56,-0.606,1.633,0,0,0.9959550561797753
VND_ALPHA,SCREW_M4,2023-08-29,2023-08-30,401,401,8,0,5,0.4,0.8329,0.086,0.9734,2.6,1.31,-0.401,1.741,1,1,1.0
VND_DELTA,BEARING_01,2021-04-24,2021-04-26,7786,5835,4,0,11,0.8,0.4379,4.388,0.7723,10.0,7.27,-1.0,3.863,1,2,0.7494220395581813
VND_GAMMA,BATTERY_A,2023-04-09,2023-04-09,4162,4052,4,0,10,0.9,0.9649,0.116,0.9388,1.81,0.33,-0.556,0.389,0,0,0.9735703988467083
VND_BETA,CASING_B,2022-06-18,2022-06-22,6931,6906,6,0,7,0.6,0.5774,3.022,0.8762,8.51,4.55,-0.832,3.415,0,4,0.996393016880681
VND_ZETA,BEARING_01,2021-09-10,2021-09-11,3741,3741,9,0,11,0.8,0.8928,0.934,0.9843,3.04,0.65,-0.322,0.705,0,1,1.0
VND_ZETA,CASING_B,2021-02-14,2021-02-15,1713,1713,2,0,7,0.6,0.8495,0.772,0.9762,0.68,0.31,-0.17,0.259,0,1,1.0
VND_ZETA,CASING_B,2022-05-08,2022-05-08,1598,1488,5,0,7,0.6,0.9104,1.455,0.9878,3.15,0.0,0.105,0.83,0,0,0.9311639549436797
VND_DELTA,SCREW_M4,2023-09-11,2023-09-18,2575,2025,9,0,5,0.4,0.426,4.465,0.7684,10.0,8.25,-1.0,4.688,1,7,0.7864077669902912
VND_ZETA,BLADE_X,2021-07-24,2021-07-24,5023,4120,7,0,12,0.85,0.899,0.091,0.9571,1.63,0.0,0.462,0.0,1,0,0.820226956002389
VND_GAMMA,BEARING_01,2022-07-18,2022-07-18,3404,3404,7,0,11,0.8,0.9661,0.252,0.9853,2.34,0.0,0.441,0.0,0,0,1.0
VND_ZETA,SWITCH_S,2021-08-08,2021-08-09,4000,4000,8,0,6,0.65,0.9232,0.023,0.9363,1.44,0.77,0.404,0.0,0,1,1.0
VND_DELTA,SWITCH_S,2021-10-31,2021-11-06,429,287,10,0,6,0.65,0.3171,4.525,0.7191,10.0,5.94,-1.0,3.793,0,6,0.668997668997669
VND_DELTA,BLADE_X,2021-09-04,2021-09-04,4822,3572,9,0,12,0.85,0.4217,4.401,0.7895,10.0,8.25,-1.0,4.688,1,0,0.7407714641227706
VND_ALPHA,SWITCH_S,2022-09-13,2022-09-13,479,476,9,0,6,0.65,0.7732,1.413,0.9753,3.19,0.54,0.027,0.512,1,0,0.9937369519832986
VND_ALPHA,BEARING_01,2022-12-28,2022-12-27,1341,1341,12,1,11,0.8,0.817,0.922,0.9699,1.72,2.38,-0.358,1.423,0,-1,1.0
VND_ZETA,BEARING_01,2023-07-28,2023-07-28,2468,2468,7,0,11,0.8,0.9145,1.028,0.9574,1.63,0.0,0.462,0.0,0,0,1.0
VND_BETA,MOTOR_X,2023-01-03,2023-01-07,4301,3935,1,1,14,0.95,0.4674,2.386,0.9184,8.49,4.94,-0.843,2.646,1,4,0.9149035108114392
VND_GAMMA,SCREW_M4,2023-12-12,2023-12-15,3399,3399,12,1,5,0.4,0.9262,-0.158,0.9352,1.78,3.21,-0.462,0.474,0,3,1.0
VND_BETA,BATTERY_A,2021-11-07,2021-11-11,3082,2882,11,1,10,0.9,0.5497,3.376,0.9049,7.62,7.21,-0.911,3.187,1,4,0.9351070733290071
VND_DELTA,CABLE_R,2021-10-14,2021-10-15,2480,1971,10,0,8,0.7,0.4139,4.469,0.7643,10.0,5.94,-1.0,3.793,1,1,0.7947580645161291
VND_DELTA,BLADE_X,2021-05-20,2021-05-20,7705,6252,5,0,12,0.85,0.3981,4.23,0.809,9.38,7.59,-0.912,3.272,1,0,0.8114211550940947
VND_DELTA,BEARING_01,2023-08-25,2023-09-03,5163,3467,8,0,11,0.8,0.4651,4.202,0.7346,10.0,7.14,-1.0,3.931,1,9,0.6715088127057912
VND_EPSILON,CASING_B,2023-11-05,2023-11-07,6552,6453,11,1,7,0.6,0.7325,1.545,0.9291,4.9,3.65,0.183,1.854,0,2,0.9848901098901099
VND_BETA,BLADE_X,2022-10-26,2022-10-27,5023,4155,10,0,12,0.85,0.5441,2.348,0.8787,7.34,4.7,-0.665,2.932,0,1,0.8271949034441569
VND_EPSILON,CABLE_R,2023-04-07,2023-04-07,753,753,4,0,8,0.7,0.7602,1.471,0.8989,3.47,1.86,-0.305,1.806,0,0,1.0
VND_ALPHA,MOTOR_X,2021-11-22,2021-11-27,2098,1813,11,1,14,0.95,0.8714,1.022,0.9419,3.94,3.27,-0.255,0.88,1,5,0.8641563393708294
VND_ZETA,BATTERY_A,2021-08-06,2021-08-05,4291,3289,8,0,10,0.9,0.9578,0.432,0.9893,1.44,0.77,0.404,0.0,0,-1,0.7664879981356327
VND_GAMMA,BEARING_01,2022-04-20,2022-04-19,6522,6513,4,0,11,0.8,1.0,0.285,0.9078,1.81,0.33,-0.556,0.389,0,-1,0.9986200551977921
VND_ALPHA,SCREW_M4,2021-12-23,2021-12-24,6165,6165,12,1,5,0.4,0.8173,0.55,0.9395,1.72,2.38,-0.358,1.423,0,1,1.0
VND_DELTA,SWITCH_S,2021-05-12,2021-05-16,707,504,5,0,6,0.65,0.384,4.419,0.734,9.38,7.59,-0.912,3.272,1,4,0.7128712871287128
VND_ALPHA,BLADE_X,2021-03-18,2021-03-18,7137,7137,3,0,12,0.85,0.8182,1.202,0.9692,2.73,2.14,-0.359,0.814,0,0,1.0
VND_DELTA,BATTERY_A,2023-02-06,2023-02-08,5168,4332,2,0,10,0.9,0.3756,4.589,0.7748,10.0,7.1,-1.0,3.739,1,2,0.8382352941176471
VND_BETA,MOTOR_X,2022-10-20,2022-10-22,1081,1081,10,0,14,0.95,0.5692,2.51,0.8496,7.34,4.7,-0.665,2.932,1,2,1.0
VND_DELTA,BEARING_01,2021-09-30,2021-09-30,5421,4408,9,0,11,0.8,0.4002,4.374,0.7914,10.0,8.25,-1.0,4.688,1,0,0.8131341080981369
VND_BETA,SCREW_M4,2022-06-02,2022-06-01,4223,3640,6,0,5,0.4,0.5246,3.155,0.8738,8.51,4.55,-0.832,3.415,1,-1,0.8619464835425054
VND_ZETA,BEARING_01,2022-08-09,2022-08-11,2047,1907,8,0,11,0.8,0.9593,0.655,1.0,1.44,0.77,0.404,0.0,0,2,0.9316072300928188
VND_ZETA,SCREW_M4,2021-11-28,2021-11-28,3755,3363,11,1,5,0.4,0.8868,0.195,0.968,1.99,2.8,0.448,0.025,0,0,0.8956058588548602
VND_ALPHA,SCREW_M4,2021-02-19,2021-02-20,5353,5353,2,0,5,0.4,0.8053,1.158,0.9604,2.97,1.37,0.254,1.307,0,1,1.0
VND_BETA,BATTERY_A,2021-03-10,2021-03-15,6835,5757,3,0,10,0.9,0.5178,2.768,0.8743,7.31,4.89,-0.841,3.19,1,5,0.8422823701536211
VND_ALPHA,CASING_B,2023-01-07,2023-01-07,6543,5773,1,1,7,0.6,0.851,0.567,0.9504,3.7,2.96,-0.026,1.609,1,0,0.882316979978603
VND_EPSILON,SWITCH_S,2021-05-28,2021-05-31,2991,2495,5,0,6,0.65,0.707,1.911,0.882,5.37,6.65,-0.289,2.054,0,3,0.8341691741892344
VND_ZETA,CASING_B,2023-12-18,2023-12-17,4264,4264,12,1,7,0.6,0.89,0.927,1.0,4.01,0.19,-0.074,0.755,0,-1,1.0
VND_BETA,SCREW_M4,2023-08-29,2023-08-28,4302,4025,8,0,5,0.4,0.5303,2.428,0.9033,8.24,4.9,-0.912,2.005,0,-1,0.9356113435611344
VND_GAMMA,CABLE_R,2021-10-10,2021-10-10,6766,6766,10,0,8,0.7,0.9547,-0.187,0.9824,0.49,0.87,-0.256,1.02,0,0,1.0
VND_DELTA,BATTERY_A,2023-05-26,2023-05-26,5323,3695,5,0,10,0.9,0.4046,4.287,0.7995,9.38,7.59,-0.912,3.272,1,0,0.694157430020665
VND_ALPHA,SWITCH_S,2021-06-10,2021-06-12,1241,1241,6,0,6,0.65,0.7834,0.382,0.9841,4.67,1.37,-0.2,0.43,0,2,1.0
VND_ALPHA,BLADE_X,2021-08-30,2021-08-29,4285,4285,8,0,12,0.85,0.8847,0.823,0.9353,2.6,1.31,-0.401,1.741,0,-1,1.0
VND_ALPHA,SCREW_M4,2022-11-09,2022-11-10,384,286,11,1,5,0.4,0.8857,1.017,0.9212,3.94,3.27,-0.255,0.88,0,1,0.7447916666666666
VND_GAMMA,SCREW_M4,2022-05-30,2022-05-30,3398,3220,5,0,5,0.4,0.9981,0.504,0.9998,1.61,2.86,-0.038,0.521,0,0,0.9476162448499117
VND_ALPHA,CABLE_R,2021-11-20,2021-11-22,2559,2559,11,1,8,0.7,0.7913,0.954,0.9417,3.94,3.27,-0.255,0.88,0,2,1.0
VND_EPSILON,BATTERY_A,2022-05-10,2022-05-11,7189,5611,5,0,10,0.9,0.761,1.878,0.9463,5.37,6.65,-0.289,2.054,0,1,0.7804979830296286
VND_DELTA,BLADE_X,2021-04-27,2021-05-02,4672,3737,4,0,12,0.85,0.3328,4.082,0.7982,10.0,7.27,-1.0,3.863,1,5,0.7998715753424658
VND_EPSILON,BATTERY_A,2023-08-23,2023-08-23,7875,7875,8,0,10,0.9,0.6616,1.461,0.8961,7.16,0.93,-0.254,0.955,1,0,1.0
VND_ZETA,BLADE_X,2021-03-03,2021-03-03,464,431,3,0,12,0.85,0.8869,0.593,0.96,3.65,1.04,-0.406,0.887,0,0,0.9288793103448276
VND_DELTA,CABLE_R,2022-06-19,2022-06-26,1842,1281,6,0,8,0.7,0.3736,4.2,0.7286,10.0,7.21,-1.0,4.359,0,7,0.6954397394136808
VND_ALPHA,CABLE_R,2021-10-13,2021-10-13,1873,1873,10,0,8,0.7,0.8403,1.665,0.9978,3.41,0.0,-0.618,1.079,0,0,1.0
VND_ZETA,CABLE_R,2021-05-08,2021-05-08,2130,2130,5,0,8,0.7,0.9894,0.009,1.0,3.15,0.0,0.105,0.83,0,0,1.0
VND_ALPHA,BEARING_01,2021-03-14,2021-03-14,3033,2817,3,0,11,0.8,0.7534,1.537,0.9515,2.73,2.14,-0.359,0.814,0,0,0.9287833827893175
VND_DELTA,BATTERY_A,2021-06-15,2021-06-24,7470,5091,6,0,10,0.9,0.3535,5.098,0.723,10.0,7.21,-1.0,4.359,1,9,0.6815261044176707
VND_BETA,BEARING_01,2022-07-09,2022-07-12,6125,5408,7,0,11,0.8,0.5676,2.878,0.8562,8.11,6.76,-1.0,3.129,1,3,0.882938775510204
VND_ALPHA,MOTOR_X,2021-03-14,2021-03-14,4268,4268,3,0,14,0.95,0.8468,0.512,0.9358,2.73,2.14,-0.359,0.814,0,0,1.0
VND_ZETA,SCREW_M4,2022-12-19,2022-12-22,3734,3734,12,1,5,0.4,0.9599,0.016,1.0,4.01,0.19,-0.074,0.755,0,3,1.0
VND_GAMMA,BEARING_01,2022-04-12,2022-04-12,375,329,4,0,11,0.8,0.9189,0.149,0.9827,1.81,0.33,-0.556,0.389,0,0,0.8773333333333333
VND_ALPHA,MOTOR_X,2022-02-06,2022-02-06,4576,4192,2,0,14,0.95,0.8186,0.967,0.9037,2.97,1.37,0.254,1.307,0,0,0.916083916083916
VND_ZETA,SWITCH_S,2021-02-07,2021-02-09,4726,4726,2,0,6,0.65,0.9039,0.384,0.9838,0.68,0.31,-0.17,0.259,0,2,1.0
VND_ALPHA,BEARING_01,2023-03-04,2023-03-07,6472,6366,3,0,11,0.8,0.8427,1.11,0.9669,2.73,2.14,-0.359,0.814,0,3,0.9836217552533992
VND_ZETA,SWITCH_S,2021-09-14,2021-09-14,3720,3669,9,0,6,0.65,0.8518,1.383,0.9814,3.04,0.65,-0.322,0.705,0,0,0.9862903225806452
VND_EPSILON,SWITCH_S,2021-10-10,2021-10-10,1146,1146,10,0,6,0.65,0.6758,1.75,0.8878,4.13,3.48,-0.679,1.687,1,0,1.0
VND_ALPHA,BEARING_01,2023-01-24,2023-01-24,3081,2539,1,1,11,0.8,0.8173,1.038,0.9526,3.7,2.96,-0.026,1.609,0,0,0.8240830899058748
VND_GAMMA,SCREW_M4,2023-06-14,2023-06-14,7720,7720,6,0,5,0.4,0.9883,-0.213,1.0,1.52,0.0,0.363,0.701,0,0,1.0
VND_BETA,MOTOR_X,2022-04-21,2022-04-22,953,839,4,0,14,0.95,0.5526,3.311,0.8555,7.67,5.01,-1.0,2.322,0,1,0.8803777544596013
VND_BETA,MOTOR_X,2023-04-26,2023-04-27,6323,4933,4,0,14,0.95,0.5778,2.221,0.8408,7.67,5.01,-1.0,2.322,1,1,0.7801676419421161
VND_ALPHA,MOTOR_X,2022-05-27,2022-05-27,6856,5803,5,0,14,0.95,0.8046,0.943,0.9848,2.19,1.91,-0.492,0.435,0,0,0.8464119019836639
VND_ALPHA,MOTOR_X,2021-04-27,2021-04-29,1238,1049,4,0,14,0.95,0.8064,1.779,0.9585,3.44,0.0,-0.737,0.775,0,2,0.8473344103392568
VND_BETA,BEARING_01,2022-08-02,2022-08-05,558,396,8,0,11,0.8,0.5286,2.767,0.8559,8.24,4.9,-0.912,2.005,0,3,0.7096774193548387
VND_GAMMA,CABLE_R,2022-05-16,2022-05-16,2595,2504,5,0,8,0.7,0.939,0.448,1.0,1.61,2.86,-0.038,0.521,0,0,0.9649325626204239
VND_EPSILON,CASING_B,2023-03-26,2023-03-26,4121,3661,3,0,7,0.6,0.6823,1.885,0.9217,5.21,3.36,-0.135,2.022,0,0,0.8883766076195099
VND_ZETA,BATTERY_A,2021-06-07,2021-06-08,825,635,6,0,10,0.9,0.9202,-0.041,0.9843,0.95,0.58,-1.0,0.11,0,1,0.7696969696969697
VND_EPSILON,BLADE_X,2022-02-26,2022-02-26,4254,3947,2,0,12,0.85,0.702,1.465,0.9463,3.97,2.95,-0.443,1.143,0,0,0.9278326281147156
VND_BETA,CABLE_R,2023-06-28,2023-06-30,6041,5363,6,0,8,0.7,0.4938,2.185,0.8817,8.51,4.55,-0.832,3.415,1,2,0.8877669260056282
VND_GAMMA,BLADE_X,2022-08-23,2022-08-22,7318,6768,8,0,12,0.85,0.93,0.336,0.9309,2.14,2.59,-0.277,0.173,0,-1,0.9248428532385897
VND_EPSILON,SCREW_M4,2022-07-02,2022-07-02,2812,2632,7,0,5,0.4,0.7148,1.567,0.9563,4.08,2.56,-0.606,1.633,1,0,0.9359886201991465
VND_ALPHA,BATTERY_A,2022-12-11,2022-12-13,7576,6999,12,1,10,0.9,0.8293,0.733,0.9725,1.72,2.38,-0.358,1.423,0,2,0.9238384371700106
VND_ZETA,SWITCH_S,2023-09-23,2023-09-23,2491,2491,9,0,6,0.65,0.901,0.385,0.9597,3.04,0.65,-0.322,0.705,0,0,1.0
VND_BETA,BATTERY_A,2021-10-08,2021-10-11,7092,6783,10,0,10,0.9,0.5163,2.908,0.8722,7.34,4.7,-0.665,2.932,1,3,0.9564297800338409
VND_GAMMA,SCREW_M4,2022-03-08,2022-03-08,1205,1147,3,0,5,0.4,0.9605,0.134,1.0,1.39,0.8,0.586,0.47,0,0,0.9518672199170124
VND_ZETA,CABLE_R,2021-10-18,2021-10-18,493,409,10,0,8,0.7,0.9184,1.012,0.9717,2.08,0.04,-0.007,0.366,0,0,0.8296146044624746
VND_ZETA,SCREW_M4,2023-06-21,2023-06-22,5524,5427,6,0,5,0.4,0.8948,0.08,1.0,0.95,0.58,-1.0,0.11,0,1,0.9824402606806661
VND_ALPHA,BEARING_01,2021-02-13,2021-02-16,4287,3513,2,0,11,0.8,0.8748,1.303,0.9782,2.97,1.37,0.254,1.307,0,3,0.8194541637508748
VND_GAMMA,MOTOR_X,2022-07-24,2022-07-24,5018,5018,7,0,14,0.95,0.9708,0.284,0.9602,2.34,0.0,0.441,0.0,0,0,1.0
VND_GAMMA,SWITCH_S,2021-06-23,2021-06-23,689,689,6,0,6,0.65,0.9532,-0.326,1.0,1.52,0.0,0.363,0.701,0,0,1.0
VND_EPSILON,BLADE_X,2023-02-26,2023-03-02,4257,4257,2,0,12,0.85,0.7464,1.085,0.9202,3.97,2.95,-0.443,1.143,0,4,1.0
VND_DELTA,MOTOR_X,2023-02-27,2023-03-03,3837,2767,2,0,14,0.95,0.3934,4.706,0.7206,10.0,7.1,-1.0,3.739,1,4,0.7211363044044826
VND_BETA,MOTOR_X,2022-02-26,2022-03-02,3307,3295,2,0,14,0.95,0.5819,2.873,0.8348,7.47,5.81,-0.631,3.173,1,4,0.9963713335349259
VND_ZETA,CASING_B,2023-06-02,2023-06-02,4562,4562,6,0,7,0.6,0.9004,0.479,0.9528,0.95,0.58,-1.0,0.11,0,0,1.0
VND_ZETA,MOTOR_X,2022-09-17,2022-09-17,456,400,9,0,14,0.95,0.9002,0.864,0.9537,3.04,0.65,-0.322,0.705,1,0,0.8771929824561403
VND_ALPHA,CABLE_R,2022-11-20,2022-11-21,7758,7471,11,1,8,0.7,0.8047,1.197,1.0,3.94,3.27,-0.255,0.88,0,1,0.9630059293632379
VND_EPSILON,BLADE_X,2022-03-20,2022-03-20,6403,4648,3,0,12,0.85,0.7538,1.575,0.9618,5.21,3.36,-0.135,2.022,1,0,0.7259097298141496
VND_GAMMA,MOTOR_X,2023-06-08,2023-06-08,7292,5835,6,0,14,0.95,0.9606,-0.018,1.0,1.52,0.0,0.363,0.701,0,0,0.8001919912232583
VND_ZETA,SWITCH_S,2021-04-27,2021-04-27,6814,6542,4,0,6,0.65,0.9474,0.798,1.0,4.0,1.67,-0.484,0.326,0,0,0.9600821837393602
VND_EPSILON,BATTERY_A,2023-03-06,2023-03-08,6108,6108,3,0,10,0.9,0.6993,1.231,0.9314,5.21,3.36,-0.135,2.022,1,2,1.0
VND_EPSILON,BLADE_X,2023-08-08,2023-08-08,3672,3539,8,0,12,0.85,0.8242,1.266,0.9344,7.16,0.93,-0.254,0.955,0,0,0.9637799564270153
VND_BETA,BLADE_X,2023-02-20,2023-02-20,4028,4028,2,0,12,0.85,0.6229,2.951,0.8989,7.47,5.81,-0.631,3.173,1,0,1.0
VND_BETA,SCREW_M4,2021-02-01,2021-02-04,2499,2408,2,0,5,0.4,0.5041,2.948,0.9032,7.47,5.81,-0.631,3.173,1,3,0.9635854341736695
VND_ALPHA,BLADE_X,2022-05-27,2022-05-27,6518,6518,5,0,12,0.85,0.7819,0.541,0.9897,2.19,1.91,-0.492,0.435,0,0,1.0
VND_GAMMA,BLADE_X,2023-03-20,2023-03-20,516,452,3,0,12,0.85,0.9328,0.113,1.0,1.39,0.8,0.586,0.47,0,0,0.875968992248062
VND_GAMMA,BLADE_X,2022-07-05,2022-07-05,5600,5600,7,0,12,0.85,0.945,0.045,1.0,2.34,0.0,0.441,0.0,0,0,1.0
VND_ZETA,BLADE_X,2021-01-26,2021-01-25,1218,1142,1,1,12,0.85,0.9531,-0.537,1.0,1.09,2.03,0.123,0.866,0,-1,0.9376026272577996
VND_EPSILON,BLADE_X,2022-10-20,2022-10-21,7048,6924,10,0,12,0.85,0.7962,1.457,0.9429,4.13,3.48,-0.679,1.687,1,1,0.9824063564131669
VND_BETA,BLADE_X,2023-06-28,2023-07-01,3990,3898,6,0,12,0.85,0.524,2.897,0.8234,8.51,4.55,-0.832,3.415,1,3,0.9769423558897243
VND_DELTA,MOTOR_X,2021-01-19,2021-01-27,4021,3374,1,1,14,0.95,0.3885,4.616,0.7692,10.0,9.08,-1.0,3.072,1,8,0.8390947525491171
VND_GAMMA,MOTOR_X,2023-09-11,2023-09-11,5424,5165,9,0,14,0.95,0.9465,0.317,0.9546,1.65,0.0,-0.445,0.427,0,0,0.9522492625368731
VND_DELTA,SCREW_M4,2021-04-30,2021-05-04,4947,3692,4,0,5,0.4,0.4451,4.299,0.7496,10.0,7.27,-1.0,3.863,1,4,0.7463108954922175
VND_GAMMA,BATTERY_A,2022-10-06,2022-10-06,724,671,10,0,10,0.9,0.925,0.361,0.944,0.49,0.87,-0.256,1.02,0,0,0.9267955801104972
VND_BETA,BEARING_01,2022-06-13,2022-06-12,6474,4572,6,0,11,0.8,0.5796,3.334,0.8687,8.51,4.55,-0.832,3.415,1,-1,0.706209453197405
VND_GAMMA,BLADE_X,2023-10-11,2023-10-11,1242,1242,10,0,12,0.85,0.9935,-0.072,0.9541,0.49,0.87,-0.256,1.02,0,0,1.0
VND_ZETA,SCREW_M4,2021-12-24,2021-12-28,1403,1403,12,1,5,0.4,0.9426,0.401,0.9789,4.01,0.19,-0.074,0.755,0,4,1.0
VND_BETA,MOTOR_X,2021-08-23,2021-08-25,5562,4452,8,0,14,0.95,0.5285,3.406,0.8762,8.24,4.9,-0.912,2.005,1,2,0.8004314994606256
VND_BETA,MOTOR_X,2023-11-04,2023-11-12,7249,5845,11,1,14,0.95,0.4903,3.32,0.8399,7.62,7.21,-0.911,3.187,1,8,0.8063181128431508
VND_EPSILON,BEARING_01,2022-10-12,2022-10-14,543,472,10,0,11,0.8,0.6409,2.091,0.9214,4.13,3.48,-0.679,1.687,1,2,0.8692449355432781
VND_ALPHA,SCREW_M4,2022-06-15,2022-06-14,2308,2283,6,0,5,0.4,0.8456,1.069,0.9466,4.67,1.37,-0.2,0.43,0,-1,0.9891681109185442
VND_ZETA,MOTOR_X,2022-12-25,2022-12-25,4627,4287,12,1,14,0.95,0.956,0.882,1.0,4.01,0.19,-0.074,0.755,0,0,0.9265182623730279
VND_EPSILON,MOTOR_X,2022-04-26,2022-04-29,3064,3064,4,0,14,0.95,0.6958,1.98,0.9469,3.47,1.86,-0.305,1.806,0,3,1.0
VND_ALPHA,BATTERY_A,2023-11-05,2023-11-05,3835,3835,11,1,10,0.9,0.7994,1.791,0.9836,3.94,3.27,-0.255,0.88,0,0,1.0
VND_EPSILON,BATTERY_A,2021-06-08,2021-06-13,2141,1921,6,0,10,0.9,0.7139,1.718,0.8852,5.8,3.45,-0.555,1.904,0,5,0.8972442783745913
VND_GAMMA,SCREW_M4,2023-01-31,2023-01-31,6992,6992,1,1,5,0.4,0.9312,0.517,0.9786,1.85,2.16,0.022,0.306,0,0,1.0
VND_ALPHA,SWITCH_S,2023-05-24,2023-05-25,7374,7374,5,0,6,0.65,0.8309,0.81,0.9562,2.19,1.91,-0.492,0.435,0,1,1.0
VND_BETA,BLADE_X,2021-02-20,2021-02-23,2875,2617,2,0,12,0.85,0.4917,2.969,0.8959,7.47,5.81,-0.631,3.173,1,3,0.9102608695652173
VND_GAMMA,CABLE_R,2023-04-16,2023-04-16,7551,7551,4,0,8,0.7,0.9578,0.548,1.0,1.81,0.33,-0.556,0.389,0,0,1.0
VND_DELTA,CABLE_R,2022-08-26,2022-09-01,5294,4480,8,0,8,0.7,0.351,4.62,0.7645,10.0,7.14,-1.0,3.931,1,6,0.8462410275783906
VND_BETA,MOTOR_X,2023-01-25,2023-01-25,565,493,1,1,14,0.95,0.5443,2.997,0.8955,8.49,4.94,-0.843,2.646,0,0,0.8725663716814159
VND_BETA,BLADE_X,2021-02-22,2021-02-22,1070,890,2,0,12,0.85,0.518,3.211,0.8846,7.47,5.81,-0.631,3.173,0,0,0.8317757009345794
VND_GAMMA,SCREW_M4,2023-11-13,2023-11-15,6063,6036,11,1,5,0.4,0.8784,0.563,0.9929,0.77,1.58,0.264,0.0,0,2,0.9955467590301831
VND_BETA,CABLE_R,2023-02-15,2023-02-19,7005,6591,2,0,8,0.7,0.4931,3.034,0.8892,7.47,5.81,-0.631,3.173,0,4,0.9408993576017131
VND_ZETA,MOTOR_X,2021-11-04,2021-11-04,3321,3321,11,1,14,0.95,0.8785,-0.081,0.9745,1.99,2.8,0.448,0.025,0,0,1.0
VND_ALPHA,BATTERY_A,2022-04-05,2022-04-05,4831,4519,4,0,10,0.9,0.9165,0.646,0.9565,3.44,0.0,-0.737,0.775,0,0,0.9354170979093356
VND_EPSILON,SWITCH_S,2021-09-06,2021-09-06,7143,6477,9,0,6,0.65,0.718,1.392,0.9708,4.38,3.89,-0.441,1.169,0,0,0.9067618647627047
VND_EPSILON,MOTOR_X,2023-08-26,2023-08-26,5600,4916,8,0,14,0.95,0.7084,1.974,0.9204,7.16,0.93,-0.254,0.955,0,0,0.8778571428571429
VND_GAMMA,BEARING_01,2022-07-06,2022-07-05,1797,1792,7,0,11,0.8,0.9377,0.779,1.0,2.34,0.0,0.441,0.0,0,-1,0.9972175848636616
VND_BETA,BLADE_X,2022-11-05,2022-11-09,2191,1524,11,1,12,0.85,0.6114,2.455,0.8565,7.62,7.21,-0.911,3.187,1,4,0.6955727978092195
VND_BETA,CABLE_R,2023-07-23,2023-07-26,2778,2198,7,0,8,0.7,0.6084,3.479,0.8665,8.11,6.76,-1.0,3.129,0,3,0.7912167026637869
VND_ZETA,BATTERY_A,2022-05-09,2022-05-07,3845,3811,5,0,10,0.9,0.9256,0.467,0.9574,3.15,0.0,0.105,0.83,0,-2,0.9911573472041613
VND_GAMMA,SWITCH_S,2021-06-13,2021-06-12,3083,2941,6,0,6,0.65,0.9745,0.332,1.0,1.52,0.0,0.363,0.701,0,-1,0.9539409665909828
VND_GAMMA,BATTERY_A,2023-09-19,2023-09-19,5157,4800,9,0,10,0.9,1.0,0.7,0.9989,1.65,0.0,-0.445,0.427,0,0,0.9307737056428156
VND_DELTA,SCREW_M4,2023-05-08,2023-05-11,2082,1666,5,0,5,0.4,0.3914,3.772,0.8041,9.38,7.59,-0.912,3.272,1,3,0.8001921229586936
VND_EPSILON,CASING_B,2022-05-17,2022-05-17,6560,5650,5,0,7,0.6,0.6699,1.475,0.948,5.37,6.65,-0.289,2.054,1,0,0.8612804878048781
VND_ZETA,SWITCH_S,2021-10-10,2021-10-10,5160,5160,10,0,6,0.65,0.9094,-0.016,0.9998,2.08,0.04,-0.007,0.366,0,0,1.0
VND_GAMMA,BLADE_X,2022-12-01,2022-12-02,2771,2713,12,1,12,0.85,1.0,0.121,1.0,1.78,3.21,-0.462,0.474,0,1,0.9790689281847709
VND_ALPHA,BATTERY_A,2023-04-17,2023-04-17,3649,3291,4,0,10,0.9,0.8713,0.532,0.9905,3.44,0.0,-0.737,0.775,0,0,0.9018909290216498
VND_EPSILON,CASING_B,2023-10-10,2023-10-14,5382,4533,10,0,7,0.6,0.6762,1.881,0.9123,4.13,3.48,-0.679,1.687,0,4,0.8422519509476031
VND_BETA,SCREW_M4,2023-07-19,2023-07-21,327,322,7,0,5,0.4,0.5392,3.824,0.8619,8.11,6.76,-1.0,3.129,0,2,0.9847094801223242
VND_ALPHA,CASING_B,2023-05-08,2023-05-11,2357,2042,5,0,7,0.6,0.807,1.158,0.9561,2.19,1.91,-0.492,0.435,0,3,0.8663555366991939
VND_ZETA,BEARING_01,2021-07-26,2021-07-26,1235,1235,7,0,11,0.8,0.889,0.282,1.0,1.63,0.0,0.462,0.0,0,0,1.0
VND_DELTA,MOTOR_X,2021-02-19,2021-02-21,5852,4509,2,0,14,0.95,0.4142,4.407,0.7941,10.0,7.1,-1.0,3.739,1,2,0.7705058099794941
VND_ALPHA,CASING_B,2021-09-29,2021-09-29,4418,4269,9,0,7,0.6,0.7967,0.874,0.995,3.19,0.54,0.027,0.512,0,0,0.9662743322770484
VND_DELTA,SWITCH_S,2022-12-27,2023-01-02,1244,977,12,1,6,0.65,0.4048,4.175,0.8205,9.5,6.79,-1.0,3.943,1,6,0.7853697749196141
VND_ZETA,SWITCH_S,2022-05-10,2022-05-10,6032,6014,5,0,6,0.65,0.8885,1.719,0.9366,3.15,0.0,0.105,0.83,0,0,0.9970159151193634
VND_ALPHA,BLADE_X,2022-11-21,2022-11-22,7551,7551,11,1,12,0.85,0.86,-0.165,0.9793,3.94,3.27,-0.255,0.88,0,1,1.0
VND_EPSILON,CABLE_R,2021-08-09,2021-08-10,6116,5822,8,0,8,0.7,0.6592,2.084,0.9698,7.16,0.93,-0.254,0.955,0,1,0.9519293655984303
VND_ALPHA,MOTOR_X,2022-12-28,2022-12-28,7981,6357,12,1,14,0.95,0.8463,0.901,0.9188,1.72,2.38,-0.358,1.423,1,0,0.7965167272271645
VND_DELTA,BEARING_01,2023-07-11,2023-07-15,6267,4811,7,0,11,0.8,0.3743,4.427,0.7903,10.0,6.05,-1.0,3.274,1,4,0.7676719323440242
VND_GAMMA,SWITCH_S,2023-09-05,2023-09-05,5935,4867,9,0,6,0.65,0.9443,-0.238,1.0,1.65,0.0,-0.445,0.427,0,0,0.8200505475989891
VND_ZETA,CASING_B,2022-01-11,2022-01-10,6128,6128,1,1,7,0.6,0.9608,0.5,0.9558,1.09,2.03,0.123,0.866,0,-1,1.0
VND_BETA,BATTERY_A,2021-01-16,2021-01-17,5062,4206,1,1,10,0.9,0.5662,2.345,0.8421,8.49,4.94,-0.843,2.646,0,1,0.8308968787040696
VND_ZETA,CABLE_R,2023-07-18,2023-07-18,3307,2987,7,0,8,0.7,0.9232,0.487,0.9506,1.63,0.0,0.462,0.0,1,0,0.9032355609313577
VND_DELTA,CABLE_R,2021-12-28,2022-01-04,4367,3400,12,1,8,0.7,0.2997,3.801,0.8278,9.5,6.79,-1.0,3.943,1,7,0.7785665216395695
VND_ALPHA,BLADE_X,2022-04-21,2022-04-22,2635,2635,4,0,12,0.85,0.706,0.396,0.9817,3.44,0.0,-0.737,0.775,0,1,1.0
VND_GAMMA,BEARING_01,2021-04-09,2021-04-11,4821,4703,4,0,11,0.8,0.9798,0.642,0.9761,1.81,0.33,-0.556,0.389,0,2,0.9755237502592823
VND_GAMMA,SWITCH_S,2022-10-24,2022-10-25,3346,3169,10,0,6,0.65,0.8742,0.465,1.0,0.49,0.87,-0.256,1.02,0,1,0.947101016138673
VND_BETA,CABLE_R,2021-10-21,2021-10-25,543,403,10,0,8,0.7,0.5266,2.67,0.8551,7.34,4.7,-0.665,2.932,0,4,0.7421731123388582
VND_DELTA,SCREW_M4,2023-11-30,2023-12-07,2479,2149,11,1,5,0.4,0.4011,4.645,0.7561,10.0,9.01,-1.0,3.571,1,7,0.8668818071803146
VND_ALPHA,CABLE_R,2022-12-13,2022-12-15,2533,2533,12,1,8,0.7,0.7849,1.728,0.9878,1.72,2.38,-0.358,1.423,0,2,1.0
VND_ALPHA,CASING_B,2022-08-13,2022-08-15,2443,2293,8,0,7,0.6,0.8762,1.064,0.9294,2.6,1.31,-0.401,1.741,0,2,0.9386000818665575
VND_DELTA,BEARING_01,2022-04-04,2022-04-07,7452,5711,4,0,11,0.8,0.4282,4.317,0.7624,10.0,7.27,-1.0,3.863,1,3,0.7663714439076758
VND_GAMMA,CASING_B,2022-06-16,2022-06-16,5165,5022,6,0,7,0.6,0.8759,0.573,0.9855,1.52,0.0,0.363,0.701,0,0,0.9723136495643756
VND_BETA,BATTERY_A,2022-07-25,2022-07-29,1355,1245,7,0,10,0.9,0.5262,2.816,0.8478,8.11,6.76,-1.0,3.129,0,4,0.9188191881918819
VND_BETA,BATTERY_A,2023-11-08,2023-11-11,6383,5636,11,1,10,0.9,0.5094,2.991,0.8806,7.62,7.21,-0.911,3.187,1,3,0.8829703900986997
VND_ALPHA,CASING_B,2021-03-23,2021-03-23,7496,6667,3,0,7,0.6,0.8345,0.79,0.9871,2.73,2.14,-0.359,0.814,0,0,0.8894076840981857
VND_ALPHA,SCREW_M4,2023-09-28,2023-10-01,7019,7019,9,0,5,0.4,0.8705,1.035,0.9742,3.19,0.54,0.027,0.512,0,3,1.0
VND_GAMMA,MOTOR_X,2022-02-21,2022-02-20,2508,2390,2,0,14,0.95,0.9884,0.712,0.976,0.13,0.0,-0.083,0.079,0,-1,0.9529505582137161
VND_ZETA,SWITCH_S,2023-07-01,2023-07-01,4467,4319,7,0,6,0.65,0.9391,-0.113,0.9527,1.63,0.0,0.462,0.0,0,0,0.9668681441683457
VND_DELTA,CASING_B,2022-08-28,2022-09-03,7720,6212,8,0,7,0.6,0.4024,4.118,0.7341,10.0,7.14,-1.0,3.931,1,6,0.8046632124352332
VND_ZETA,BATTERY_A,2021-09-03,2021-09-03,3840,3840,9,0,10,0.9,0.9665,1.187,0.9669,3.04,0.65,-0.322,0.705,0,0,1.0
VND_DELTA,SWITCH_S,2022-06-23,2022-07-01,911,838,6,0,6,0.65,0.337,4.737,0.757,10.0,7.21,-1.0,4.359,1,8,0.9198682766190999
VND_GAMMA,CASING_B,2021-08-27,2021-08-26,3097,2899,8,0,7,0.6,1.0,0.101,0.9697,2.14,2.59,-0.277,0.173,0,-1,0.9360671617694543
VND_ZETA,BATTERY_A,2022-04-01,2022-04-01,6158,6158,4,0,10,0.9,0.9033,1.064,1.0,4.0,1.67,-0.484,0.326,0,0,1.0
VND_GAMMA,BATTERY_A,2021-11-17,2021-11-17,4353,4353,11,1,10,0.9,1.0,-0.013,0.951,0.77,1.58,0.264,0.0,0,0,1.0
VND_GAMMA,CABLE_R,2023-07-18,2023-07-18,5366,5022,7,0,8,0.7,0.8949,-0.32,0.9439,2.34,0.0,0.441,0.0,0,0,0.935892657472978
VND_ZETA,BATTERY_A,2022-10-07,2022-10-08,7509,6204,10,0,10,0.9,0.8862,0.441,0.9518,2.08,0.04,-0.007,0.366,0,1,0.8262085497403117
VND_DELTA,MOTOR_X,2021-07-25,2021-07-25,7837,6815,7,0,14,0.95,0.3551,4.462,0.7701,10.0,6.05,-1.0,3.274,1,0,0.8695929564884523
VND_BETA,CABLE_R,2021-03-14,2021-03-17,7975,7774,3,0,8,0.7,0.5548,3.096,0.9102,7.31,4.89,-0.841,3.19,1,3,0.9747962382445141
VND_BETA,MOTOR_X,2021-10-08,2021-10-13,5003,4713,10,0,14,0.95,0.5873,2.869,0.8519,7.34,4.7,-0.665,2.932,0,5,0.9420347791325205
VND_BETA,SWITCH_S,2022-02-05,2022-02-05,2373,2283,2,0,6,0.65,0.5346,2.981,0.8728,7.47,5.81,-0.631,3.173,0,0,0.9620733249051833
VND_BETA,BEARING_01,2023-09-20,2023-09-29,6867,6636,9,0,11,0.8,0.5032,2.493,0.9484,7.93,5.56,-0.497,2.593,1,9,0.9663608562691132
VND_ZETA,CASING_B,2023-10-15,2023-10-15,2515,2515,10,0,7,0.6,0.9566,0.061,1.0,2.08,0.04,-0.007,0.366,0,0,1.0
VND_BETA,CASING_B,2021-07-01,2021-07-04,7989,7061,7,0,7,0.6,0.5833,3.019,0.8721,8.11,6.76,-1.0,3.129,1,3,0.8838402803855301
VND_ALPHA,SCREW_M4,2023-06-09,2023-06-09,751,728,6,0,5,0.4,0.8187,1.059,0.9319,4.67,1.37,-0.2,0.43,0,0,0.9693741677762983
VND_EPSILON,BEARING_01,2022-03-04,2022-03-04,6016,5928,3,0,11,0.8,0.7152,1.163,0.9195,5.21,3.36,-0.135,2.022,0,0,0.9853723404255319
VND_ALPHA,CASING_B,2023-05-07,2023-05-08,5835,5835,5,0,7,0.6,0.8466,0.627,0.9719,2.19,1.91,-0.492,0.435,0,1,1.0
VND_EPSILON,BLADE_X,2023-02-18,2023-02-18,5369,4518,2,0,12,0.85,0.7979,2.295,0.9495,3.97,2.95,-0.443,1.143,0,0,0.8414974855652821
VND_ZETA,SCREW_M4,2022-12-16,2022-12-17,4166,4052,12,1,5,0.4,0.8628,0.649,0.94,4.01,0.19,-0.074,0.755,0,1,0.9726356216994719
VND_GAMMA,CASING_B,2022-04-20,2022-04-20,7368,7368,4,0,7,0.6,0.9867,0.414,0.982,1.81,0.33,-0.556,0.389,1,0,1.0
VND_ZETA,BLADE_X,2023-09-21,2023-09-23,4215,3763,9,0,12,0.85,0.9255,-0.346,0.9946,3.04,0.65,-0.322,0.705,0,2,0.8927639383155397
VND_EPSILON,SWITCH_S,2023-01-02,2023-01-01,4651,4468,1,1,6,0.65,0.7927,1.639,0.9084,5.06,3.05,-0.408,1.754,0,-1,0.9606536228768007
VND_GAMMA,BEARING_01,2021-07-17,2021-07-16,1993,1993,7,0,11,0.8,0.9824,0.256,0.9937,2.34,0.0,0.441,0.0,0,-1,1.0
VND_GAMMA,BATTERY_A,2023-05-10,2023-05-10,3863,3835,5,0,10,0.9,0.9653,0.252,0.9709,1.61,2.86,-0.038,0.521,0,0,0.9927517473466217
VND_BETA,CABLE_R,2023-05-21,2023-05-21,1148,1148,5,0,8,0.7,0.5063,2.829,0.8897,8.96,6.56,-0.962,3.201,0,0,1.0
VND_DELTA,CASING_B,2022-10-16,2022-10-21,5611,3958,10,0,7,0.6,0.4199,4.452,0.8172,10.0,5.94,-1.0,3.793,1,5,0.7054001069328105
VND_GAMMA,BATTERY_A,2023-03-27,2023-03-27,5973,5536,3,0,10,0.9,0.8943,-0.126,0.9646,1.39,0.8,0.586,0.47,0,0,0.9268374351247279
VND_DELTA,CASING_B,2023-09-29,2023-10-03,5123,3623,9,0,7,0.6,0.2257,4.93,0.7195,10.0,8.25,-1.0,4.688,1,4,0.7072028108530158
VND_ZETA,SWITCH_S,2022-04-26,2022-04-27,437,347,4,0,6,0.65,0.9312,0.619,1.0,4.0,1.67,-0.484,0.326,0,1,0.7940503432494279
VND_GAMMA,BLADE_X,2023-11-06,2023-11-05,1962,1962,11,1,12,0.85,0.9448,0.163,1.0,0.77,1.58,0.264,0.0,0,-1,1.0
VND_ALPHA,SWITCH_S,2022-10-24,2022-10-25,2343,2279,10,0,6,0.65,0.7951,1.001,0.9759,3.41,0.0,-0.618,1.079,0,1,0.9726845924029023
VND_DELTA,CABLE_R,2023-03-13,2023-03-14,6827,4787,3,0,8,0.7,0.3666,4.452,0.7711,9.67,7.03,-1.0,3.314,1,1,0.701186465504614
VND_DELTA,BEARING_01,2023-03-28,2023-04-04,2335,1990,3,0,11,0.8,0.3884,4.92,0.7724,9.67,7.03,-1.0,3.314,1,7,0.8522483940042827
VND_GAMMA,MOTOR_X,2023-09-22,2023-09-22,6165,6165,9,0,14,0.95,0.9241,-0.367,1.0,1.65,0.0,-0.445,0.427,0,0,1.0
VND_GAMMA,SCREW_M4,2021-04-04,2021-04-04,2727,2727,4,0,5,0.4,0.8792,0.68,1.0,1.81,0.33,-0.556,0.389,0,0,1.0
VND_DELTA,BEARING_01,2022-03-30,2022-04-04,4889,4366,3,0,11,0.8,0.37,3.917,0.796,9.67,7.03,-1.0,3.314,0,5,0.8930251585191246
VND_EPSILON,CASING_B,2022-02-27,2022-03-01,6586,6479,2,0,7,0.6,0.8257,0.829,0.8994,3.97,2.95,-0.443,1.143,0,2,0.983753416337686
VND_EPSILON,BATTERY_A,2022-11-07,2022-11-13,1258,1258,11,1,10,0.9,0.6589,1.41,0.9249,4.9,3.65,0.183,1.854,0,6,1.0
VND_ZETA,MOTOR_X,2021-02-13,2021-02-13,6773,6773,2,0,14,0.95,0.9115,0.579,0.9302,0.68,0.31,-0.17,0.259,0,0,1.0
VND_ALPHA,SWITCH_S,2022-11-14,2022-11-16,7672,7217,11,1,6,0.65,0.8221,1.465,0.9389,3.94,3.27,-0.255,0.88,1,2,0.9406934306569343
VND_EPSILON,CABLE_R,2021-05-10,2021-05-10,5565,5453,5,0,8,0.7,0.7081,0.925,0.8917,5.37,6.65,-0.289,2.054,0,0,0.979874213836478
VND_EPSILON,MOTOR_X,2022-03-08,2022-03-11,3166,3166,3,0,14,0.95,0.7921,1.654,0.9287,5.21,3.36,-0.135,2.022,0,3,1.0
VND_BETA,SCREW_M4,2023-03-22,2023-03-27,7242,7242,3,0,5,0.4,0.607,2.681,0.9041,7.31,4.89,-0.841,3.19,1,5,1.0
VND_GAMMA,SCREW_M4,2021-11-27,2021-11-26,7660,7438,11,1,5,0.4,0.987,0.299,1.0,0.77,1.58,0.264,0.0,0,-1,0.971018276762402
VND_GAMMA,CABLE_R,2023-04-27,2023-04-27,1966,1966,4,0,8,0.7,0.9838,0.336,0.9806,1.81,0.33,-0.556,0.389,1,0,1.0
VND_ALPHA,SCREW_M4,2021-03-15,2021-03-16,7126,6358,3,0,5,0.4,0.8027,1.903,0.9969,2.73,2.14,-0.359,0.814,0,1,0.8922256525399944
VND_EPSILON,MOTOR_X,2021-07-29,2021-07-28,4308,4021,7,0,14,0.95,0.652,0.903,0.9014,4.08,2.56,-0.606,1.633,1,-1,0.9333797585886723
VND_DELTA,SWITCH_S,2021-03-28,2021-04-05,1485,1151,3,0,6,0.65,0.3735,4.802,0.754,9.67,7.03,-1.0,3.314,1,8,0.775084175084175
VND_GAMMA,BLADE_X,2021-02-19,2021-02-19,2084,2079,2,0,12,0.85,0.9756,-0.003,0.9998,0.13,0.0,-0.083,0.079,0,0,0.9976007677543186
VND_ALPHA,SCREW_M4,2022-07-12,2022-07-14,6343,6061,7,0,5,0.4,0.855,0.871,0.9685,2.66,1.71,-0.565,1.15,0,2,0.9555415418571653
VND_DELTA,BATTERY_A,2023-04-01,2023-04-02,1274,917,4,0,10,0.9,0.3549,4.516,0.7537,10.0,7.27,-1.0,3.863,1,1,0.7197802197802198
VND_ALPHA,BLADE_X,2021-06-06,2021-06-08,805,777,6,0,12,0.85,0.7822,1.362,0.9663,4.67,1.37,-0.2,0.43,0,2,0.9652173913043478
VND_ALPHA,SWITCH_S,2021-01-31,2021-02-02,6283,5530,1,1,6,0.65,0.8862,1.137,0.942,3.7,2.96,-0.026,1.609,1,2,0.8801527932516314
VND_ALPHA,CASING_B,2023-03-13,2023-03-13,1791,1791,3,0,7,0.6,0.772,0.665,0.9565,2.73,2.14,-0.359,0.814,0,0,1.0
VND_GAMMA,BLADE_X,2023-05-21,2023-05-21,4397,4298,5,0,12,0.85,1.0,0.599,1.0,1.61,2.86,-0.038,0.521,0,0,0.9774846486240618
VND_GAMMA,MOTOR_X,2022-07-16,2022-07-16,3959,3959,7,0,14,0.95,0.9716,-0.641,1.0,2.34,0.0,0.441,0.0,0,0,1.0
VND_ALPHA,SCREW_M4,2022-06-26,2022-06-28,5574,5574,6,0,5,0.4,0.8259,1.234,0.9295,4.67,1.37,-0.2,0.43,0,2,1.0
VND_DELTA,BEARING_01,2022-08-20,2022-08-24,3718,2850,8,0,11,0.8,0.4021,4.728,0.67,10.0,7.14,-1.0,3.931,1,4,0.7665411511565358
VND_BETA,BATTERY_A,2023-04-13,2023-04-14,4795,4278,4,0,10,0.9,0.4897,2.794,0.8713,7.67,5.01,-1.0,2.322,1,1,0.8921793534932221
VND_DELTA,BLADE_X,2022-08-06,2022-08-14,7635,6825,8,0,12,0.85,0.4088,3.966,0.8078,10.0,7.14,-1.0,3.931,1,8,0.8939096267190569
VND_DELTA,SCREW_M4,2021-02-05,2021-02-12,4271,3543,2,0,5,0.4,0.3794,4.445,0.7795,10.0,7.1,-1.0,3.739,1,7,0.8295481151955045
VND_GAMMA,SWITCH_S,2021-08-10,2021-08-10,3904,3888,8,0,6,0.65,1.0,0.25,0.9895,2.14,2.59,-0.277,0.173,0,0,0.9959016393442623
VND_EPSILON,SCREW_M4,2021-02-20,2021-02-24,3455,3041,2,0,5,0.4,0.7157,1.756,0.9268,3.97,2.95,-0.443,1.143,0,4,0.8801736613603474
VND_DELTA,SCREW_M4,2023-01-28,2023-02-07,4105,3693,1,1,5,0.4,0.3682,4.105,0.7604,10.0,9.08,-1.0,3.072,1,10,0.8996345919610231
VND_ZETA,BATTERY_A,2022-09-29,2022-09-28,2923,2698,9,0,10,0.9,0.876,-0.216,0.987,3.04,0.65,-0.322,0.705,0,-1,0.9230242901128977
VND_ZETA,CASING_B,2021-06-21,2021-06-23,981,865,6,0,7,0.6,0.9391,0.349,1.0,0.95,0.58,-1.0,0.11,0,2,0.8817533129459735
VND_BETA,CASING_B,2023-10-01,2023-10-05,5061,4756,10,0,7,0.6,0.647,2.39,0.8532,7.34,4.7,-0.665,2.932,1,4,0.9397352301916617
VND_ALPHA,SCREW_M4,2021-10-17,2021-10-16,3502,3439,10,0,5,0.4,0.8336,0.604,0.9428,3.41,0.0,-0.618,1.079,0,-1,0.9820102798400914
VND_EPSILON,BEARING_01,2022-04-22,2022-04-20,682,608,4,0,11,0.8,0.8157,1.46,0.9395,3.47,1.86,-0.305,1.806,1,-2,0.8914956011730205
VND_GAMMA,BEARING_01,2023-04-24,2023-04-24,2751,2312,4,0,11,0.8,0.8725,0.539,0.9364,1.81,0.33,-0.556,0.389,0,0,0.8404216648491457
VND_BETA,CABLE_R,2021-03-16,2021-03-18,2833,2665,3,0,8,0.7,0.5106,2.498,0.908,7.31,4.89,-0.841,3.19,1,2,0.940698905753618
VND_ALPHA,SWITCH_S,2022-07-04,2022-07-05,5855,5855,7,0,6,0.65,0.7935,0.679,0.9443,2.66,1.71,-0.565,1.15,0,1,1.0
VND_EPSILON,SCREW_M4,2023-09-28,2023-09-30,4669,4635,9,0,5,0.4,0.8068,1.873,0.9273,4.38,3.89,-0.441,1.169,0,2,0.9927179267509103
VND_GAMMA,BEARING_01,2022-04-28,2022-04-28,2836,2836,4,0,11,0.8,0.9884,0.42,1.0,1.81,0.33,-0.556,0.389,0,0,1.0
VND_ZETA,BEARING_01,2023-09-17,2023-09-17,4414,4414,9,0,11,0.8,0.9006,0.457,1.0,3.04,0.65,-0.322,0.705,0,0,1.0
VND_ALPHA,BATTERY_A,2023-05-22,2023-05-22,5928,5387,5,0,10,0.9,0.8213,0.615,0.9259,2.19,1.91,-0.492,0.435,0,0,0.9087381916329285
VND_DELTA,BATTERY_A,2021-09-18,2021-09-16,6400,4852,9,0,10,0.9,0.3824,4.286,0.7673,10.0,8.25,-1.0,4.688,1,-2,0.758125
VND_BETA,MOTOR_X,2023-12-01,2023-11-29,6328,5162,12,1,14,0.95,0.5786,3.177,0.8993,7.45,6.37,-1.0,2.215,1,-2,0.815739570164349
VND_BETA,BATTERY_A,2022-02-09,2022-02-12,3784,3174,2,0,10,0.9,0.5979,2.6,0.9011,7.47,5.81,-0.631,3.173,1,3,0.8387949260042283
VND_ALPHA,BATTERY_A,2023-05-19,2023-05-19,4256,4256,5,0,10,0.9,0.7903,0.587,0.9814,2.19,1.91,-0.492,0.435,0,0,1.0
VND_ZETA,CASING_B,2023-12-11,2023-12-11,4191,4169,12,1,7,0.6,0.981,-0.37,0.9982,4.01,0.19,-0.074,0.755,0,0,0.994750656167979
VND_ZETA,CASING_B,2023-05-07,2023-05-10,3471,3275,5,0,7,0.6,0.9793,0.213,1.0,3.15,0.0,0.105,0.83,1,3,0.9435321233074042
VND_GAMMA,MOTOR_X,2021-08-29,2021-08-30,3767,3767,8,0,14,0.95,0.8957,0.398,1.0,2.14,2.59,-0.277,0.173,0,1,1.0
VND_ZETA,BLADE_X,2022-07-10,2022-07-12,4480,3751,7,0,12,0.85,0.9439,0.513,0.9519,1.63,0.0,0.462,0.0,0,2,0.8372767857142858
VND_EPSILON,CABLE_R,2023-02-01,2023-02-03,4818,4358,2,0,8,0.7,0.7705,1.671,0.8808,3.97,2.95,-0.443,1.143,0,2,0.904524699045247
VND_BETA,CASING_B,2022-08-18,2022-08-20,4486,4486,8,0,7,0.6,0.5821,2.979,0.8624,8.24,4.9,-0.912,2.005,1,2,1.0
VND_EPSILON,SCREW_M4,2023-01-31,2023-01-31,4454,4099,1,1,5,0.4,0.745,2.115,0.8943,5.06,3.05,-0.408,1.754,0,0,0.9202963628199371
VND_DELTA,BLADE_X,2023-08-06,2023-08-18,1925,1516,8,0,12,0.85,0.386,4.365,0.742,10.0,7.14,-1.0,3.931,1,12,0.7875324675324675
VND_ZETA,CABLE_R,2021-10-05,2021-10-07,1545,1494,10,0,8,0.7,0.9626,0.3,0.9825,2.08,0.04,-0.007,0.366,0,2,0.9669902912621359
VND_ALPHA,BEARING_01,2022-10-13,2022-10-13,3610,3610,10,0,11,0.8,0.7675,1.187,0.9818,3.41,0.0,-0.618,1.079,0,0,1.0
VND_BETA,CASING_B,2023-08-22,2023-08-24,749,648,8,0,7,0.6,0.531,2.256,0.9304,8.24,4.9,-0.912,2.005,1,2,0.8651535380507344
VND_GAMMA,MOTOR_X,2022-01-20,2022-01-18,1832,1638,1,1,14,0.95,0.9175,0.679,0.9688,1.85,2.16,0.022,0.306,0,-2,0.8941048034934498
VND_EPSILON,BATTERY_A,2023-07-29,2023-07-29,2911,2529,7,0,10,0.9,0.8266,1.04,0.8852,4.08,2.56,-0.606,1.633,0,0,0.8687736173136379
VND_ALPHA,BATTERY_A,2023-08-18,2023-08-20,5069,5069,8,0,10,0.9,0.8516,1.444,0.9972,2.6,1.31,-0.401,1.741,0,2,1.0
VND_ALPHA,CASING_B,2022-12-19,2022-12-17,5412,5412,12,1,7,0.6,0.8529,0.879,0.9226,1.72,2.38,-0.358,1.423,0,-2,1.0
VND_GAMMA,SCREW_M4,2021-01-29,2021-01-30,7801,7801,1,1,5,0.4,0.9555,-0.052,1.0,1.85,2.16,0.022,0.306,0,1,1.0
VND_GAMMA,SCREW_M4,2022-08-06,2022-08-07,6923,6923,8,0,5,0.4,0.9533,0.005,0.9364,2.14,2.59,-0.277,0.173,0,1,1.0
VND_EPSILON,SWITCH_S,2022-09-19,2022-09-20,3208,2937,9,0,6,0.65,0.741,1.268,0.8432,4.38,3.89,-0.441,1.169,0,1,0.9155236907730673
VND_GAMMA,SWITCH_S,2022-02-19,2022-02-20,834,791,2,0,6,0.65,1.0,-0.002,0.9862,0.13,0.0,-0.083,0.079,0,1,0.9484412470023981
VND_ALPHA,CASING_B,2022-03-20,2022-03-19,2493,2493,3,0,7,0.6,0.844,1.424,0.931,2.73,2.14,-0.359,0.814,1,-1,1.0
VND_GAMMA,CASING_B,2021-07-29,2021-07-31,1237,1237,7,0,7,0.6,0.885,0.735,0.9645,2.34,0.0,0.441,0.0,0,2,1.0
VND_GAMMA,SWITCH_S,2022-07-22,2022-07-21,6813,6271,7,0,6,0.65,1.0,0.633,0.9736,2.34,0.0,0.441,0.0,1,-1,0.9204462057830618
VND_BETA,BEARING_01,2021-12-11,2021-12-13,221,160,12,1,11,0.8,0.6068,2.847,0.9224,7.45,6.37,-1.0,2.215,1,2,0.7239819004524887
VND_BETA,SCREW_M4,2021-07-07,2021-07-08,7814,5981,7,0,5,0.4,0.5619,2.715,0.8892,8.11,6.76,-1.0,3.129,1,1,0.7654210391604812
VND_BETA,CASING_B,2021-12-04,2021-12-05,4095,3029,12,1,7,0.6,0.6077,2.874,0.8533,7.45,6.37,-1.0,2.215,1,1,0.7396825396825397
VND_GAMMA,MOTOR_X,2021-06-09,2021-06-10,7539,7539,6,0,14,0.95,1.0,0.317,1.0,1.52,0.0,0.363,0.701,0,1,1.0
VND_BETA,MOTOR_X,2023-11-14,2023-11-20,6812,5314,11,1,14,0.95,0.5615,2.527,0.8553,7.62,7.21,-0.911,3.187,0,6,0.780093951849677
VND_DELTA,BEARING_01,2023-08-25,2023-08-30,2879,2612,8,0,11,0.8,0.3609,4.378,0.7752,10.0,7.14,-1.0,3.931,1,5,0.9072594650920458
VND_EPSILON,BLADE_X,2021-08-29,2021-08-30,2172,2172,8,0,12,0.85,0.6958,2.025,0.9461,7.16,0.93,-0.254,0.955,0,1,1.0
VND_DELTA,SWITCH_S,2023-03-01,2023-03-01,5985,3997,3,0,6,0.65,0.3812,3.67,0.7567,9.67,7.03,-1.0,3.314,1,0,0.6678362573099416
VND_GAMMA,BEARING_01,2022-10-01,2022-09-30,7070,7070,10,0,11,0.8,1.0,-0.159,1.0,0.49,0.87,-0.256,1.02,0,-1,1.0
VND_EPSILON,CABLE_R,2021-06-10,2021-06-11,7435,6846,6,0,8,0.7,0.7438,1.189,0.9524,5.8,3.45,-0.555,1.904,0,1,0.9207800941492938
VND_BETA,SCREW_M4,2022-07-23,2022-07-26,6027,4986,7,0,5,0.4,0.5392,3.122,0.8746,8.11,6.76,-1.0,3.129,0,3,0.8272772523643603
VND_DELTA,CASING_B,2023-06-24,2023-06-29,4214,3899,6,0,7,0.6,0.3747,4.902,0.7769,10.0,7.21,-1.0,4.359,1,5,0.925249169435216
VND_ZETA,BLADE_X,2021-09-04,2021-09-04,4770,4770,9,0,12,0.85,0.9921,0.754,0.952,3.04,0.65,-0.322,0.705,0,0,1.0
VND_ZETA,SWITCH_S,2022-12-15,2022-12-15,1658,1658,12,1,6,0.65,0.9585,0.715,0.9542,4.01,0.19,-0.074,0.755,0,0,1.0
VND_GAMMA,MOTOR_X,2023-08-13,2023-08-12,6513,5886,8,0,14,0.95,0.9474,0.258,0.9581,2.14,2.59,-0.277,0.173,0,-1,0.9037309995393827
VND_ZETA,CABLE_R,2023-05-19,2023-05-19,1951,1951,5,0,8,0.7,0.8362,0.195,0.9684,3.15,0.0,0.105,0.83,0,0,1.0
VND_DELTA,SCREW_M4,2023-02-06,2023-02-09,1666,1496,2,0,5,0.4,0.373,4.131,0.7884,10.0,7.1,-1.0,3.739,1,3,0.8979591836734694
VND_BETA,MOTOR_X,2023-06-25,2023-06-23,3157,2353,6,0,14,0.95,0.5644,2.813,0.8737,8.51,4.55,-0.832,3.415,1,-2,0.7453278428888185
VND_ALPHA,SCREW_M4,2022-09-28,2022-09-28,2890,2777,9,0,5,0.4,0.9097,1.092,0.9534,3.19,0.54,0.027,0.512,0,0,0.9608996539792387
VND_GAMMA,BATTERY_A,2022-06-04,2022-06-06,4318,4183,6,0,10,0.9,0.982,0.446,0.9902,1.52,0.0,0.363,0.701,0,2,0.9687355257063456
VND_EPSILON,MOTOR_X,2022-07-14,2022-07-15,474,420,7,0,14,0.95,0.6925,1.151,0.9462,4.08,2.56,-0.606,1.633,0,1,0.8860759493670886
VND_ZETA,BLADE_X,2023-09-08,2023-09-08,3462,2418,9,0,12,0.85,0.9102,0.415,0.9759,3.04,0.65,-0.322,0.705,0,0,0.6984402079722704
VND_ZETA,MOTOR_X,2022-06-03,2022-06-06,2446,2276,6,0,14,0.95,0.9563,0.432,0.9746,0.95,0.58,-1.0,0.11,1,3,0.9304987735077678
VND_EPSILON,MOTOR_X,2021-03-04,2021-03-03,7271,6528,3,0,14,0.95,0.7105,1.186,0.906,5.21,3.36,-0.135,2.022,1,-1,0.8978132306422776
VND_EPSILON,BEARING_01,2023-07-20,2023-07-18,4216,4216,7,0,11,0.8,0.7158,1.716,0.9299,4.08,2.56,-0.606,1.633,0,-2,1.0
VND_DELTA,CASING_B,2021-08-01,2021-08-02,512,366,8,0,7,0.6,0.3942,5.257,0.8129,10.0,7.14,-1.0,3.931,1,1,0.71484375
VND_ALPHA,CABLE_R,2021-11-10,2021-11-12,5980,4512,11,1,8,0.7,0.8482,1.91,0.9828,3.94,3.27,-0.255,0.88,0,2,0.7545150501672241
VND_BETA,CASING_B,2021-06-19,2021-06-18,3637,2913,6,0,7,0.6,0.522,2.698,0.8714,8.51,4.55,-0.832,3.415,1,-1,0.8009348364036294
VND_ALPHA,BATTERY_A,2023-06-28,2023-06-28,5422,5132,6,0,10,0.9,0.8282,0.312,0.937,4.67,1.37,-0.2,0.43,0,0,0.9465142014016968
VND_GAMMA,MOTOR_X,2021-07-19,2021-07-18,7227,7227,7,0,14,0.95,0.9193,0.09,0.9978,2.34,0.0,0.441,0.0,0,-1,1.0
VND_BETA,BLADE_X,2021-02-04,2021-02-05,2925,2199,2,0,12,0.85,0.5953,2.147,0.8909,7.47,5.81,-0.631,3.173,1,1,0.7517948717948718
VND_ZETA,CABLE_R,2021-12-13,2021-12-13,7619,7619,12,1,8,0.7,0.9714,0.538,0.9732,4.01,0.19,-0.074,0.755,0,0,1.0
VND_EPSILON,CABLE_R,2021-01-30,2021-01-30,7904,6729,1,1,8,0.7,0.7353,1.785,0.9328,5.06,3.05,-0.408,1.754,0,0,0.8513410931174089
VND_DELTA,SWITCH_S,2021-05-06,2021-05-11,732,612,5,0,6,0.65,0.3334,4.305,0.7819,9.38,7.59,-0.912,3.272,1,5,0.8360655737704918
VND_EPSILON,SCREW_M4,2021-10-30,2021-11-02,6171,6171,10,0,5,0.4,0.7213,1.236,0.9222,4.13,3.48,-0.679,1.687,1,3,1.0
VND_ALPHA,BLADE_X,2021-12-20,2021-12-19,3832,3281,12,1,12,0.85,0.8262,0.954,0.9778,1.72,2.38,-0.358,1.423,1,-1,0.8562108559498957
VND_GAMMA,MOTOR_X,2022-02-11,2022-02-10,5841,5841,2,0,14,0.95,0.9103,0.885,0.9614,0.13,0.0,-0.083,0.079,0,-1,1.0
VND_BETA,SWITCH_S,2021-01-07,2021-01-09,2749,2142,1,1,6,0.65,0.5301,3.018,0.8798,8.49,4.94,-0.843,2.646,1,2,0.7791924336122227
VND_EPSILON,BLADE_X,2022-12-20,2022-12-24,1164,955,12,1,12,0.85,0.7809,2.011,0.9049,2.82,4.49,-0.659,1.941,0,4,0.820446735395189
VND_DELTA,CABLE_R,2021-06-26,2021-07-02,4838,3493,6,0,8,0.7,0.3796,5.062,0.8272,10.0,7.21,-1.0,4.359,1,6,0.7219925589086399
VND_ALPHA,BEARING_01,2021-08-27,2021-08-28,7720,7605,8,0,11,0.8,0.7765,1.137,0.9811,2.6,1.31,-0.401,1.741,1,1,0.9851036269430051
VND_BETA,BATTERY_A,2021-06-26,2021-06-26,1720,1379,6,0,10,0.9,0.5372,3.226,0.857,8.51,4.55,-0.832,3.415,0,0,0.8017441860465117
VND_EPSILON,CABLE_R,2021-02-11,2021-02-13,6480,5061,2,0,8,0.7,0.7443,2.272,0.9284,3.97,2.95,-0.443,1.143,0,2,0.7810185185185186
VND_ALPHA,CASING_B,2022-03-22,2022-03-24,5426,5426,3,0,7,0.6,0.8485,0.685,0.9275,2.73,2.14,-0.359,0.814,0,2,1.0
VND_DELTA,CABLE_R,2021-06-16,2021-06-17,7386,6017,6,0,8,0.7,0.3884,4.38,0.7388,10.0,7.21,-1.0,4.359,1,1,0.8146493365827241
VND_GAMMA,SCREW_M4,2022-01-27,2022-01-27,6322,6322,1,1,5,0.4,0.9094,0.772,0.9937,1.85,2.16,0.022,0.306,1,0,1.0
VND_GAMMA,CASING_B,2021-04-20,2021-04-21,3307,3282,4,0,7,0.6,0.9169,0.511,1.0,1.81,0.33,-0.556,0.389,0,1,0.9924402781977624
VND_BETA,BLADE_X,2022-07-26,2022-07-28,1350,991,7,0,12,0.85,0.6121,2.898,0.8451,8.11,6.76,-1.0,3.129,1,2,0.7340740740740741
VND_DELTA,CABLE_R,2022-04-08,2022-04-06,7042,5896,4,0,8,0.7,0.3722,4.44,0.805,10.0,7.27,-1.0,3.863,1,-2,0.8372621414370918
VND_GAMMA,SCREW_M4,2022-02-13,2022-02-13,1650,1567,2,0,5,0.4,0.9695,0.094,1.0,0.13,0.0,-0.083,0.079,0,0,0.9496969696969697
VND_GAMMA,BLADE_X,2023-06-20,2023-06-20,2367,2367,6,0,12,0.85,0.9495,0.519,1.0,1.52,0.0,0.363,0.701,0,0,1.0
VND_DELTA,BATTERY_A,2022-12-29,2023-01-01,4940,4327,12,1,10,0.9,0.4739,4.763,0.8148,9.5,6.79,-1.0,3.943,1,3,0.875910931174089
VND_GAMMA,CABLE_R,2023-12-08,2023-12-09,3883,3818,12,1,8,0.7,0.92,-0.202,1.0,1.78,3.21,-0.462,0.474,0,1,0.9832603656966263
VND_ALPHA,CASING_B,2023-03-01,2023-03-01,1475,1285,3,0,7,0.6,0.887,1.087,0.9892,2.73,2.14,-0.359,0.814,0,0,0.8711864406779661
VND_ZETA,SCREW_M4,2023-06-08,2023-06-08,3041,2864,6,0,5,0.4,0.8955,0.782,0.9673,0.95,0.58,-1.0,0.11,0,0,0.9417954620190727
VND_BETA,BLADE_X,2022-12-02,2022-12-03,5931,5400,12,1,12,0.85,0.5708,3.041,0.8353,7.45,6.37,-1.0,2.215,1,1,0.9104704097116844
VND_ALPHA,BLADE_X,2023-11-18,2023-11-19,6535,6059,11,1,12,0.85,0.8035,1.087,0.9873,3.94,3.27,-0.255,0.88,0,1,0.9271614384085692
VND_GAMMA,SCREW_M4,2022-03-23,2022-03-24,4031,3932,3,0,5,0.4,0.9373,0.216,0.9672,1.39,0.8,0.586,0.47,0,1,0.9754403373852643
VND_ALPHA,BLADE_X,2021-08-25,2021-08-26,4435,4435,8,0,12,0.85,0.731,0.619,0.9503,2.6,1.31,-0.401,1.741,0,1,1.0
VND_DELTA,CASING_B,2021-10-14,2021-10-18,4027,3726,10,0,7,0.6,0.406,3.952,0.7318,10.0,5.94,-1.0,3.793,1,4,0.9252545319096102
VND_GAMMA,CABLE_R,2023-02-13,2023-02-13,5592,5592,2,0,8,0.7,0.9483,0.485,1.0,0.13,0.0,-0.083,0.079,0,0,1.0
VND_GAMMA,MOTOR_X,2021-08-03,2021-08-03,5356,5356,8,0,14,0.95,0.9474,0.035,1.0,2.14,2.59,-0.277,0.173,0,0,1.0
VND_ALPHA,CABLE_R,2021-11-22,2021-11-26,3652,3094,11,1,8,0.7,0.7751,0.671,0.9225,3.94,3.27,-0.255,0.88,0,4,0.8472070098576122
VND_GAMMA,BEARING_01,2022-11-21,2022-11-21,5507,5507,11,1,11,0.8,0.8781,-0.092,0.9924,0.77,1.58,0.264,0.0,0,0,1.0
VND_BETA,BATTERY_A,2023-01-04,2023-01-07,2709,2358,1,1,10,0.9,0.5739,2.567,0.9054,8.49,4.94,-0.843,2.646,1,3,0.8704318936877077
VND_DELTA,CASING_B,2022-01-17,2022-01-25,6360,4913,1,1,7,0.6,0.4053,4.745,0.7094,10.0,9.08,-1.0,3.072,1,8,0.7724842767295598
VND_DELTA,MOTOR_X,2023-07-24,2023-07-24,5062,3519,7,0,14,0.95,0.4212,4.089,0.715,10.0,6.05,-1.0,3.274,1,0,0.6951797708415646
VND_ZETA,SWITCH_S,2023-03-29,2023-03-29,4079,3744,3,0,6,0.65,0.9336,0.481,1.0,3.65,1.04,-0.406,0.887,0,0,0.9178720274577102
VND_GAMMA,SCREW_M4,2023-02-04,2023-02-05,5122,5051,2,0,5,0.4,0.8923,-0.179,0.9368,0.13,0.0,-0.083,0.079,0,1,0.9861382272549786
VND_DELTA,CABLE_R,2023-04-02,2023-04-10,2659,1975,4,0,8,0.7,0.387,4.045,0.737,10.0,7.27,-1.0,3.863,1,8,0.7427604362542309
VND_BETA,MOTOR_X,2023-11-05,2023-11-10,1083,955,11,1,14,0.95,0.5853,2.956,0.8486,7.62,7.21,-0.911,3.187,1,5,0.8818097876269622
VND_DELTA,SWITCH_S,2022-07-06,2022-07-09,4930,3075,7,0,6,0.65,0.4136,4.39,0.7983,10.0,6.05,-1.0,3.274,1,3,0.6237322515212982
VND_EPSILON,SWITCH_S,2021-02-28,2021-03-02,1543,1424,2,0,6,0.65,0.6949,1.31,0.945,3.97,2.95,-0.443,1.143,0,2,0.9228775113415425
VND_GAMMA,CASING_B,2023-12-10,2023-12-10,1825,1551,12,1,7,0.6,0.9191,0.136,1.0,1.78,3.21,-0.462,0.474,0,0,0.8498630136986302
VND_BETA,CASING_B,2022-11-14,2022-11-14,6659,6211,11,1,7,0.6,0.6377,2.158,0.8894,7.62,7.21,-0.911,3.187,1,0,0.9327226310256795
VND_ALPHA,MOTOR_X,2022-09-26,2022-09-26,6695,6199,9,0,14,0.95,0.769,1.116,0.9353,3.19,0.54,0.027,0.512,0,0,0.925914861837192
VND_GAMMA,CASING_B,2023-07-29,2023-07-29,3443,3235,7,0,7,0.6,0.8656,0.814,1.0,2.34,0.0,0.441,0.0,0,0,0.9395875689805402
VND_DELTA,CASING_B,2021-01-02,2021-01-09,5595,4519,1,1,7,0.6,0.4153,4.607,0.7767,10.0,9.08,-1.0,3.072,1,7,0.8076854334226988
VND_BETA,CASING_B,2021-12-19,2021-12-22,2668,2439,12,1,7,0.6,0.548,3.364,0.8587,7.45,6.37,-1.0,2.215,1,3,0.914167916041979
VND_ALPHA,BLADE_X,2022-01-14,2022-01-16,2134,2082,1,1,12,0.85,0.8107,0.977,0.9434,3.7,2.96,-0.026,1.609,0,2,0.9756326148078726
VND_DELTA,SCREW_M4,2021-07-04,2021-07-09,6132,5009,7,0,5,0.4,0.401,4.354,0.7491,10.0,6.05,-1.0,3.274,1,5,0.8168623613829094
VND_BETA,SCREW_M4,2023-02-06,2023-02-10,240,211,2,0,5,0.4,0.6308,2.713,0.9009,7.47,5.81,-0.631,3.173,1,4,0.8791666666666667
VND_BETA,BEARING_01,2022-12-07,2022-12-10,1018,831,12,1,11,0.8,0.5052,2.797,0.9154,7.45,6.37,-1.0,2.215,1,3,0.8163064833005894
VND_EPSILON,BEARING_01,2023-03-19,2023-03-19,5924,5578,3,0,11,0.8,0.792,1.808,0.9761,5.21,3.36,-0.135,2.022,0,0,0.9415935178933154
VND_DELTA,SCREW_M4,2023-02-10,2023-02-12,7010,4510,2,0,5,0.4,0.3698,4.87,0.7301,10.0,7.1,-1.0,3.739,1,2,0.6433666191155493
VND_ZETA,BEARING_01,2022-05-13,2022-05-11,6450,6450,5,0,11,0.8,0.9798,0.6,0.9466,3.15,0.0,0.105,0.83,0,-2,1.0
VND_DELTA,BATTERY_A,2021-09-21,2021-09-20,2807,2064,9,0,10,0.9,0.3685,5.387,0.7705,10.0,8.25,-1.0,4.688,1,-1,0.7353045956537229
VND_DELTA,CASING_B,2022-11-01,2022-11-06,7556,5890,11,1,7,0.6,0.3196,4.334,0.7853,10.0,9.01,-1.0,3.571,1,5,0.7795129698253044
VND_ZETA,BLADE_X,2023-05-20,2023-05-20,5090,4880,5,0,12,0.85,0.9142,0.277,0.9594,3.15,0.0,0.105,0.83,0,0,0.9587426326129665
VND_EPSILON,SWITCH_S,2021-05-27,2021-05-28,3041,2921,5,0,6,0.65,0.7072,1.308,0.9165,5.37,6.65,-0.289,2.054,1,1,0.960539296284117
VND_ZETA,BEARING_01,2021-02-25,2021-02-25,2016,2016,2,0,11,0.8,0.9854,0.952,0.949,0.68,0.31,-0.17,0.259,0,0,1.0
VND_BETA,CASING_B,2023-01-26,2023-01-26,3167,2545,1,1,7,0.6,0.5419,2.965,0.8215,8.49,4.94,-0.843,2.646,1,0,0.8035996210925166
VND_EPSILON,CABLE_R,2021-01-04,2021-01-04,5201,4610,1,1,8,0.7,0.71,1.181,0.9796,5.06,3.05,-0.408,1.754,1,0,0.886368006152663
VND_ALPHA,SWITCH_S,2022-04-17,2022-04-17,1331,1331,4,0,6,0.65,0.8843,1.167,0.9978,3.44,0.0,-0.737,0.775,0,0,1.0
VND_BETA,BEARING_01,2021-04-01,2021-04-07,1930,1698,4,0,11,0.8,0.5499,3.008,0.8308,7.67,5.01,-1.0,2.322,1,6,0.8797927461139896
VND_DELTA,BLADE_X,2021-07-10,2021-07-14,2981,2621,7,0,12,0.85,0.4269,4.728,0.779,10.0,6.05,-1.0,3.274,1,4,0.8792351559879236
VND_ZETA,SWITCH_S,2022-01-04,2022-01-05,3687,3687,1,1,6,0.65,0.9709,0.688,0.9856,1.09,2.03,0.123,0.866,0,1,1.0
VND_GAMMA,CASING_B,2022-09-30,2022-09-30,3368,2856,9,0,7,0.6,0.9365,0.94,0.9675,1.65,0.0,-0.445,0.427,0,0,0.8479809976247031
VND_ALPHA,BEARING_01,2022-06-19,2022-06-23,3654,3366,6,0,11,0.8,0.8377,1.399,0.9803,4.67,1.37,-0.2,0.43,0,4,0.9211822660098522
VND_BETA,CASING_B,2023-03-27,2023-03-28,5789,5634,3,0,7,0.6,0.4949,2.321,0.937,7.31,4.89,-0.841,3.19,0,1,0.973225082052168
VND_DELTA,BATTERY_A,2021-06-19,2021-06-23,3036,2770,6,0,10,0.9,0.3373,4.113,0.8016,10.0,7.21,-1.0,4.359,1,4,0.9123847167325428
VND_ZETA,BATTERY_A,2023-04-09,2023-04-09,6782,6782,4,0,10,0.9,0.9097,0.468,0.988,4.0,1.67,-0.484,0.326,0,0,1.0
VND_BETA,MOTOR_X,2022-10-16,2022-10-22,1254,1052,10,0,14,0.95,0.5794,2.623,0.8832,7.34,4.7,-0.665,2.932,0,6,0.8389154704944178
VND_ZETA,SWITCH_S,2023-07-21,2023-07-21,294,264,7,0,6,0.65,0.9527,0.769,0.983,1.63,0.0,0.462,0.0,1,0,0.8979591836734694
VND_ZETA,BEARING_01,2023-04-03,2023-04-03,3660,3207,4,0,11,0.8,0.9566,0.447,0.9789,4.0,1.67,-0.484,0.326,0,0,0.8762295081967213
VND_GAMMA,MOTOR_X,2023-05-21,2023-05-19,2318,2318,5,0,14,0.95,0.9699,0.445,1.0,1.61,2.86,-0.038,0.521,0,-2,1.0
VND_EPSILON,BATTERY_A,2023-07-12,2023-07-11,4312,3643,7,0,10,0.9,0.6925,1.022,0.934,4.08,2.56,-0.606,1.633,1,-1,0.8448515769944341
VND_DELTA,CABLE_R,2022-11-18,2022-11-21,7115,5269,11,1,8,0.7,0.2823,4.263,0.7489,10.0,9.01,-1.0,3.571,1,3,0.740548137737175
VND_ALPHA,CABLE_R,2022-01-02,2022-01-04,3673,3341,1,1,8,0.7,0.7245,0.342,0.9424,3.7,2.96,-0.026,1.609,1,2,0.9096106724748162
VND_ZETA,SWITCH_S,2021-06-13,2021-06-14,1431,1175,6,0,6,0.65,0.9592,0.144,0.9579,0.95,0.58,-1.0,0.11,0,1,0.8211041229909154
VND_GAMMA,MOTOR_X,2022-06-13,2022-06-14,1818,1818,6,0,14,0.95,1.0,0.86,1.0,1.52,0.0,0.363,0.701,0,1,1.0
VND_DELTA,BEARING_01,2021-04-10,2021-04-13,4007,3800,4,0,11,0.8,0.4242,4.424,0.7963,10.0,7.27,-1.0,3.863,1,3,0.9483404042924881
VND_ALPHA,BLADE_X,2021-09-06,2021-09-05,7309,7141,9,0,12,0.85,0.8216,1.314,0.9459,3.19,0.54,0.027,0.512,1,-1,0.9770146394855658
VND_DELTA,BEARING_01,2023-01-22,2023-01-22,610,511,1,1,11,0.8,0.4163,4.683,0.7645,10.0,9.08,-1.0,3.072,1,0,0.8377049180327869
VND_GAMMA,CABLE_R,2023-05-22,2023-05-21,2964,2964,5,0,8,0.7,0.9329,-0.429,0.9634,1.61,2.86,-0.038,0.521,0,-1,1.0
VND_ALPHA,BLADE_X,2022-07-02,2022-07-02,1664,1491,7,0,12,0.85,0.7187,1.226,0.9526,2.66,1.71,-0.565,1.15,0,0,0.8960336538461539
VND_GAMMA,BLADE_X,2023-05-05,2023-05-05,343,343,5,0,12,0.85,0.9626,0.513,0.9476,1.61,2.86,-0.038,0.521,0,0,1.0
VND_GAMMA,BEARING_01,2022-09-02,2022-09-03,5409,5285,9,0,11,0.8,0.9467,0.345,0.9674,1.65,0.0,-0.445,0.427,0,1,0.9770752449621002
VND_EPSILON,MOTOR_X,2021-08-17,2021-08-17,3126,2940,8,0,14,0.95,0.7067,0.692,0.9656,7.16,0.93,-0.254,0.955,0,0,0.9404990403071017
VND_EPSILON,MOTOR_X,2023-03-23,2023-03-22,2236,1845,3,0,14,0.95,0.7354,0.377,0.9123,5.21,3.36,-0.135,2.022,0,-1,0.825134168157424
VND_ALPHA,CASING_B,2024-01-01,2024-01-04,974,961,1,1,7,0.6,0.8314,0.701,0.9277,3.7,2.96,-0.026,1.609,1,3,0.9866529774127311
VND_ZETA,CASING_B,2021-10-24,2021-10-24,5384,5008,10,0,7,0.6,0.8767,0.312,0.9711,2.08,0.04,-0.007,0.366,0,0,0.9301634472511144
VND_DELTA,BEARING_01,2022-07-17,2022-07-17,3029,2399,7,0,11,0.8,0.4439,4.073,0.7513,10.0,6.05,-1.0,3.274,1,0,0.7920105645427534
VND_ZETA,BEARING_01,2022-05-15,2022-05-14,7726,7384,5,0,11,0.8,0.9931,0.198,0.9473,3.15,0.0,0.105,0.83,0,-1,0.9557338855811546
VND_ALPHA,BEARING_01,2021-06-06,2021-06-08,2875,2875,6,0,11,0.8,0.8286,0.355,1.0,4.67,1.37,-0.2,0.43,0,2,1.0
VND_ALPHA,CABLE_R,2021-10-28,2021-10-26,5191,4948,10,0,8,0.7,0.8596,1.042,1.0,3.41,0.0,-0.618,1.079,0,-2,0.9531882103640917
VND_DELTA,BATTERY_A,2023-11-16,2023-11-24,6142,5279,11,1,10,0.9,0.4543,4.463,0.7576,10.0,9.01,-1.0,3.571,1,8,0.8594920221426245
VND_GAMMA,BATTERY_A,2022-09-11,2022-09-11,3661,3597,9,0,10,0.9,1.0,0.168,0.962,1.65,0.0,-0.445,0.427,0,0,0.9825184375853592
VND_ALPHA,SWITCH_S,2022-01-12,2022-01-12,7985,7985,1,1,6,0.65,0.8375,0.136,0.9344,3.7,2.96,-0.026,1.609,1,0,1.0
VND_ZETA,BLADE_X,2021-06-12,2021-06-12,7055,6274,6,0,12,0.85,0.8957,0.322,0.9881,0.95,0.58,-1.0,0.11,0,0,0.8892983699503898
VND_ALPHA,SWITCH_S,2022-01-28,2022-01-31,4876,4876,1,1,6,0.65,0.8414,1.221,0.9682,3.7,2.96,-0.026,1.609,0,3,1.0
VND_GAMMA,BLADE_X,2023-11-19,2023-11-20,4616,4167,11,1,12,0.85,0.904,0.507,0.9498,0.77,1.58,0.264,0.0,0,1,0.9027296360485269
VND_ZETA,SCREW_M4,2021-04-11,2021-04-11,3265,3265,4,0,5,0.4,0.9093,0.105,0.9867,4.0,1.67,-0.484,0.326,0,0,1.0
VND_BETA,BEARING_01,2023-06-14,2023-06-17,2451,1925,6,0,11,0.8,0.5431,2.797,0.8792,8.51,4.55,-0.832,3.415,1,3,0.7853937168502652
VND_GAMMA,CASING_B,2023-10-25,2023-10-25,5700,5364,10,0,7,0.6,0.9319,0.7,0.9824,0.49,0.87,-0.256,1.02,0,0,0.9410526315789474
VND_EPSILON,MOTOR_X,2023-03-28,2023-03-31,7652,6939,3,0,14,0.95,0.6976,1.798,0.9492,5.21,3.36,-0.135,2.022,0,3,0.9068217459487715
VND_ZETA,CASING_B,2022-08-07,2022-08-07,2433,2247,8,0,7,0.6,0.9423,0.617,0.9362,1.44,0.77,0.404,0.0,0,0,0.9235511713933415
VND_DELTA,MOTOR_X,2022-03-01,2022-03-05,353,287,3,0,14,0.95,0.4537,4.344,0.6999,9.67,7.03,-1.0,3.314,1,4,0.8130311614730878
VND_ZETA,SWITCH_S,2021-09-23,2021-09-24,2450,2450,9,0,6,0.65,0.9406,0.011,1.0,3.04,0.65,-0.322,0.705,0,1,1.0
VND_DELTA,BLADE_X,2022-10-14,2022-10-23,995,702,10,0,12,0.85,0.3827,3.45,0.7255,10.0,5.94,-1.0,3.793,1,9,0.7055276381909548
VND_BETA,SCREW_M4,2021-02-07,2021-02-10,6008,5179,2,0,5,0.4,0.5525,2.164,0.9007,7.47,5.81,-0.631,3.173,0,3,0.862017310252996
VND_BETA,CABLE_R,2021-05-11,2021-05-14,5208,4283,5,0,8,0.7,0.5589,2.828,0.8724,8.96,6.56,-0.962,3.201,1,3,0.8223886328725039
VND_ZETA,BLADE_X,2023-08-02,2023-08-03,5016,5016,8,0,12,0.85,0.9963,0.726,0.985,1.44,0.77,0.404,0.0,0,1,1.0
VND_ZETA,SWITCH_S,2022-11-05,2022-11-05,4635,4111,11,1,6,0.65,0.9284,0.163,1.0,1.99,2.8,0.448,0.025,0,0,0.8869471413160733
VND_DELTA,SWITCH_S,2021-01-26,2021-02-03,3009,2255,1,1,6,0.65,0.3482,4.953,0.7452,10.0,9.08,-1.0,3.072,1,8,0.7494184114323695
VND_GAMMA,CABLE_R,2022-12-11,2022-12-11,6938,6938,12,1,8,0.7,0.8314,0.831,0.9853,1.78,3.21,-0.462,0.474,0,0,1.0
VND_BETA,BEARING_01,2023-08-05,2023-08-08,7198,6089,8,0,11,0.8,0.5478,2.869,0.8673,8.24,4.9,-0.912,2.005,1,3,0.8459294248402334
VND_BETA,BEARING_01,2023-12-27,2023-12-31,5915,5529,12,1,11,0.8,0.5368,2.277,0.9079,7.45,6.37,-1.0,2.215,1,4,0.934742180896027
VND_ZETA,CASING_B,2023-03-10,2023-03-10,2294,2294,3,0,7,0.6,0.9548,0.412,0.9003,3.65,1.04,-0.406,0.887,0,0,1.0
VND_ALPHA,SWITCH_S,2021-06-10,2021-06-10,5372,5372,6,0,6,0.65,0.8098,1.24,0.9522,4.67,1.37,-0.2,0.43,0,0,1.0
VND_EPSILON,BEARING_01,2022-12-09,2022-12-14,880,781,12,1,11,0.8,0.7012,1.919,0.8971,2.82,4.49,-0.659,1.941,1,5,0.8875
VND_ZETA,SCREW_M4,2023-12-21,2023-12-21,3224,3199,12,1,5,0.4,0.9659,0.772,0.8993,4.01,0.19,-0.074,0.755,1,0,0.9922456575682382
VND_GAMMA,BLADE_X,2022-10-08,2022-10-08,3898,3898,10,0,12,0.85,0.9428,0.511,0.9886,0.49,0.87,-0.256,1.02,0,0,1.0
VND_ALPHA,BEARING_01,2021-11-16,2021-11-16,5318,5226,11,1,11,0.8,0.856,0.41,1.0,3.94,3.27,-0.255,0.88,0,0,0.9827002632568634
VND_EPSILON,CASING_B,2022-12-22,2022-12-26,4827,4827,12,1,7,0.6,0.7302,1.981,0.9383,2.82,4.49,-0.659,1.941,0,4,1.0
VND_DELTA,SWITCH_S,2021-02-17,2021-02-17,6355,4662,2,0,6,0.65,0.3951,4.777,0.7474,10.0,7.1,-1.0,3.739,1,0,0.7335955940204564
VND_EPSILON,BLADE_X,2023-10-03,2023-10-03,2122,2058,10,0,12,0.85,0.7368,1.555,0.9417,4.13,3.48,-0.679,1.687,0,0,0.9698397737983034
VND_EPSILON,SWITCH_S,2021-09-27,2021-09-28,3300,2419,9,0,6,0.65,0.8304,1.492,0.9206,4.38,3.89,-0.441,1.169,1,1,0.733030303030303
VND_ALPHA,BATTERY_A,2023-03-22,2023-03-22,1988,1811,3,0,10,0.9,0.852,1.356,0.9958,2.73,2.14,-0.359,0.814,0,0,0.9109657947686117
VND_ALPHA,SCREW_M4,2022-08-16,2022-08-17,1663,1571,8,0,5,0.4,0.7823,1.202,0.9909,2.6,1.31,-0.401,1.741,1,1,0.9446782922429344
VND_ZETA,CASING_B,2023-04-02,2023-04-03,4706,4706,4,0,7,0.6,0.8861,0.026,1.0,4.0,1.67,-0.484,0.326,0,1,1.0
VND_GAMMA,SWITCH_S,2022-03-22,2022-03-22,3625,3625,3,0,6,0.65,0.9064,0.296,0.9821,1.39,0.8,0.586,0.47,0,0,1.0
VND_GAMMA,BLADE_X,2023-01-14,2023-01-14,5363,4934,1,1,12,0.85,0.9407,-0.373,1.0,1.85,2.16,0.022,0.306,0,0,0.9200074585120268
VND_ZETA,BATTERY_A,2022-10-13,2022-10-15,4314,4314,10,0,10,0.9,0.9856,0.337,0.9651,2.08,0.04,-0.007,0.366,0,2,1.0
VND_BETA,SWITCH_S,2023-04-08,2023-04-11,4253,3142,4,0,6,0.65,0.5351,2.943,0.8548,7.67,5.01,-1.0,2.322,1,3,0.7387726310839408
VND_GAMMA,BEARING_01,2023-07-10,2023-07-10,1485,1429,7,0,11,0.8,0.9056,-0.164,1.0,2.34,0.0,0.441,0.0,0,0,0.9622895622895623
VND_DELTA,CASING_B,2022-08-14,2022-08-16,227,175,8,0,7,0.6,0.4092,3.908,0.7658,10.0,7.14,-1.0,3.931,1,2,0.7709251101321586
VND_DELTA,CABLE_R,2021-12-19,2021-12-24,5798,3878,12,1,8,0.7,0.453,4.137,0.7543,9.5,6.79,-1.0,3.943,1,5,0.6688513280441531
VND_DELTA,BATTERY_A,2023-05-07,2023-05-08,3626,1891,5,0,10,0.9,0.424,4.804,0.8171,9.38,7.59,-0.912,3.272,0,1,0.5215113072255929
VND_BETA,SWITCH_S,2021-03-01,2021-03-01,5269,5269,3,0,6,0.65,0.6045,2.876,0.9275,7.31,4.89,-0.841,3.19,0,0,1.0
VND_BETA,SCREW_M4,2023-10-28,2023-11-02,859,643,10,0,5,0.4,0.6087,3.228,0.9185,7.34,4.7,-0.665,2.932,1,5,0.7485448195576252
VND_ALPHA,SWITCH_S,2022-10-28,2022-11-01,5195,4884,10,0,6,0.65,0.881,0.998,0.9701,3.41,0.0,-0.618,1.079,0,4,0.9401347449470645
VND_BETA,SCREW_M4,2023-08-25,2023-08-27,5806,5034,8,0,5,0.4,0.5157,1.969,0.8972,8.24,4.9,-0.912,2.005,1,2,0.8670341026524285
VND_GAMMA,BATTERY_A,2021-02-16,2021-02-16,6286,6286,2,0,10,0.9,1.0,0.537,0.9709,0.13,0.0,-0.083,0.079,0,0,1.0
VND_EPSILON,SWITCH_S,2023-11-14,2023-11-18,7273,7273,11,1,6,0.65,0.7242,1.364,0.9548,4.9,3.65,0.183,1.854,0,4,1.0
VND_BETA,SCREW_M4,2023-07-27,2023-07-28,3223,2531,7,0,5,0.4,0.627,3.116,0.9165,8.11,6.76,-1.0,3.129,0,1,0.7852932050884269
VND_BETA,SCREW_M4,2023-08-26,2023-08-26,7877,6248,8,0,5,0.4,0.5676,3.288,0.9495,8.24,4.9,-0.912,2.005,0,0,0.7931953789513775
VND_GAMMA,SCREW_M4,2021-09-29,2021-09-29,2600,2149,9,0,5,0.4,0.9743,1.28,0.9595,1.65,0.0,-0.445,0.427,0,0,0.8265384615384616
VND_ALPHA,BATTERY_A,2022-02-28,2022-03-01,4931,4320,2,0,10,0.9,0.838,1.445,0.9286,2.97,1.37,0.254,1.307,0,1,0.8760900425877104
VND_DELTA,BEARING_01,2022-05-17,2022-05-22,5800,4036,5,0,11,0.8,0.3623,4.248,0.7407,9.38,7.59,-0.912,3.272,0,5,0.6958620689655173
VND_BETA,BEARING_01,2021-12-29,2022-01-01,3979,3666,12,1,11,0.8,0.5276,3.21,0.8741,7.45,6.37,-1.0,2.215,0,3,0.9213370193515958
VND_EPSILON,BATTERY_A,2022-11-10,2022-11-11,7344,5991,11,1,10,0.9,0.7364,1.267,0.8896,4.9,3.65,0.183,1.854,1,1,0.8157679738562091
VND_BETA,CASING_B,2023-08-05,2023-08-08,6115,5398,8,0,7,0.6,0.5461,2.74,0.8724,8.24,4.9,-0.912,2.005,0,3,0.8827473426001635
VND_ALPHA,BATTERY_A,2021-03-08,2021-03-09,5787,4633,3,0,10,0.9,0.8813,0.456,0.9446,2.73,2.14,-0.359,0.814,0,1,0.8005875237601521
VND_EPSILON,SWITCH_S,2023-08-21,2023-08-25,7262,7262,8,0,6,0.65,0.7156,1.223,0.9517,7.16,0.93,-0.254,0.955,0,4,1.0
VND_ALPHA,SWITCH_S,2023-05-05,2023-05-05,2330,2194,5,0,6,0.65,0.7443,0.927,1.0,2.19,1.91,-0.492,0.435,0,0,0.9416309012875537
VND_ZETA,BATTERY_A,2023-12-30,2023-12-30,6055,6055,12,1,10,0.9,0.9056,-0.15,1.0,4.01,0.19,-0.074,0.755,0,0,1.0
VND_DELTA,MOTOR_X,2023-09-12,2023-09-18,6980,6255,9,0,14,0.95,0.4004,4.691,0.7559,10.0,8.25,-1.0,4.688,1,6,0.8961318051575932
VND_GAMMA,MOTOR_X,2023-03-27,2023-03-27,6985,6666,3,0,14,0.95,0.9971,0.452,0.9508,1.39,0.8,0.586,0.47,0,0,0.9543307086614173
VND_GAMMA,MOTOR_X,2023-03-30,2023-03-30,6070,5713,3,0,14,0.95,0.9975,0.965,1.0,1.39,0.8,0.586,0.47,0,0,0.9411861614497529
VND_DELTA,BEARING_01,2021-09-12,2021-09-21,1048,862,9,0,11,0.8,0.3262,4.031,0.7923,10.0,8.25,-1.0,4.688,1,9,0.8225190839694656
VND_GAMMA,CASING_B,2021-08-17,2021-08-16,6114,6114,8,0,7,0.6,0.9852,0.268,1.0,2.14,2.59,-0.277,0.173,0,-1,1.0
VND_GAMMA,CASING_B,2023-04-26,2023-04-26,5578,5207,4,0,7,0.6,0.9977,0.598,0.9654,1.81,0.33,-0.556,0.389,0,0,0.9334887056292578
VND_BETA,CABLE_R,2022-05-13,2022-05-14,6717,4996,5,0,8,0.7,0.5857,2.096,0.8479,8.96,6.56,-0.962,3.201,0,1,0.7437844275718327
VND_BETA,BEARING_01,2022-06-26,2022-06-25,995,893,6,0,11,0.8,0.5928,3.114,0.9401,8.51,4.55,-0.832,3.415,0,-1,0.8974874371859296
VND_ZETA,CABLE_R,2021-06-01,2021-06-01,3953,3918,6,0,8,0.7,0.9537,0.682,0.9658,0.95,0.58,-1.0,0.11,0,0,0.9911459650898052
VND_BETA,BEARING_01,2022-06-17,2022-06-21,3005,2664,6,0,11,0.8,0.4744,2.677,0.8505,8.51,4.55,-0.832,3.415,1,4,0.886522462562396
VND_ZETA,BLADE_X,2023-06-30,2023-07-01,2908,2586,6,0,12,0.85,0.9098,0.429,0.9874,0.95,0.58,-1.0,0.11,0,1,0.8892709766162311
VND_ZETA,BEARING_01,2022-06-13,2022-06-13,4854,4709,6,0,11,0.8,0.9842,0.324,0.9861,0.95,0.58,-1.0,0.11,0,0,0.9701277297074578
VND_EPSILON,BLADE_X,2021-03-15,2021-03-17,6436,5771,3,0,12,0.85,0.7072,1.321,0.9095,5.21,3.36,-0.135,2.022,0,2,0.896674953387197
VND_BETA,CASING_B,2023-12-05,2023-12-09,2562,2382,12,1,7,0.6,0.6217,2.536,0.8585,7.45,6.37,-1.0,2.215,1,4,0.9297423887587822
VND_BETA,MOTOR_X,2023-01-30,2023-02-07,4816,4245,1,1,14,0.95,0.4875,2.688,0.8819,8.49,4.94,-0.843,2.646,1,8,0.8814368770764119
VND_ZETA,CABLE_R,2022-08-20,2022-08-21,2712,2251,8,0,8,0.7,0.8926,0.315,0.9881,1.44,0.77,0.404,0.0,0,1,0.8300147492625368
VND_EPSILON,CASING_B,2022-09-17,2022-09-17,4093,4044,9,0,7,0.6,0.7959,1.802,0.9692,4.38,3.89,-0.441,1.169,1,0,0.9880283410701197
VND_ZETA,BEARING_01,2022-08-27,2022-08-28,1465,1423,8,0,11,0.8,0.9411,0.361,0.9786,1.44,0.77,0.404,0.0,0,1,0.9713310580204778
VND_BETA,CASING_B,2022-08-22,2022-08-24,7238,6412,8,0,7,0.6,0.5785,2.969,0.8751,8.24,4.9,-0.912,2.005,0,2,0.8858800773694391
VND_GAMMA,SWITCH_S,2022-04-12,2022-04-12,429,396,4,0,6,0.65,1.0,0.203,0.9285,1.81,0.33,-0.556,0.389,0,0,0.9230769230769231
VND_EPSILON,SCREW_M4,2022-09-13,2022-09-13,1415,1283,9,0,5,0.4,0.7195,1.723,0.8968,4.38,3.89,-0.441,1.169,1,0,0.9067137809187279
VND_GAMMA,MOTOR_X,2023-01-16,2023-01-16,6107,6107,1,1,14,0.95,0.9551,-0.089,1.0,1.85,2.16,0.022,0.306,0,0,1.0
VND_DELTA,SWITCH_S,2021-12-15,2021-12-29,3019,2244,12,1,6,0.65,0.3726,4.771,0.8179,9.5,6.79,-1.0,3.943,1,14,0.7432924809539583
VND_EPSILON,CASING_B,2023-10-24,2023-10-24,2774,2774,10,0,7,0.6,0.7426,1.434,0.9106,4.13,3.48,-0.679,1.687,1,0,1.0
VND_DELTA,CABLE_R,2023-09-21,2023-09-25,5511,3769,9,0,8,0.7,0.3221,4.383,0.7419,10.0,8.25,-1.0,4.688,1,4,0.6839049174378515
VND_EPSILON,CASING_B,2023-09-15,2023-09-15,1636,1636,9,0,7,0.6,0.7665,2.044,0.9142,4.38,3.89,-0.441,1.169,1,0,1.0
VND_DELTA,BEARING_01,2021-01-30,2021-02-02,5678,4436,1,1,11,0.8,0.3517,4.431,0.7599,10.0,9.08,-1.0,3.072,1,3,0.7812610073969708
VND_GAMMA,BATTERY_A,2022-04-06,2022-04-05,2733,2483,4,0,10,0.9,0.8556,-0.048,1.0,1.81,0.33,-0.556,0.389,0,-1,0.9085254299304794
VND_BETA,SCREW_M4,2021-11-04,2021-11-05,2479,1886,11,1,5,0.4,0.5419,3.769,0.8938,7.62,7.21,-0.911,3.187,1,1,0.7607906413876563
VND_ZETA,BATTERY_A,2022-02-08,2022-02-10,3120,2931,2,0,10,0.9,0.8137,-0.046,1.0,0.68,0.31,-0.17,0.259,0,2,0.9394230769230769
VND_DELTA,BEARING_01,2021-01-25,2021-01-29,7081,5503,1,1,11,0.8,0.4612,3.982,0.7718,10.0,9.08,-1.0,3.072,1,4,0.7771501200395424
VND_ZETA,SCREW_M4,2022-02-19,2022-02-17,3178,3178,2,0,5,0.4,0.9009,0.256,0.9633,0.68,0.31,-0.17,0.259,1,-2,1.0
VND_DELTA,MOTOR_X,2021-07-22,2021-07-28,7999,6573,7,0,14,0.95,0.3959,4.732,0.7714,10.0,6.05,-1.0,3.274,1,6,0.8217277159644956
VND_EPSILON,CABLE_R,2021-05-18,2021-05-18,2423,2423,5,0,8,0.7,0.7097,1.218,0.9283,5.37,6.65,-0.289,2.054,0,0,1.0
VND_ALPHA,BATTERY_A,2023-07-04,2023-07-05,4842,4533,7,0,10,0.9,0.8524,1.792,1.0,2.66,1.71,-0.565,1.15,0,1,0.936183395291202
VND_BETA,SCREW_M4,2022-06-09,2022-06-12,6731,6337,6,0,5,0.4,0.5535,3.002,0.8859,8.51,4.55,-0.832,3.415,1,3,0.9414648640618036
VND_ZETA,CASING_B,2022-05-17,2022-05-16,2070,1971,5,0,7,0.6,0.9762,0.113,0.9762,3.15,0.0,0.105,0.83,0,-1,0.9521739130434783
VND_BETA,BEARING_01,2021-03-24,2021-03-23,5190,4861,3,0,11,0.8,0.5562,3.251,0.8991,7.31,4.89,-0.841,3.19,1,-1,0.9366088631984586
VND_EPSILON,BLADE_X,2022-07-23,2022-07-23,948,942,7,0,12,0.85,0.7731,1.986,0.8622,4.08,2.56,-0.606,1.633,0,0,0.9936708860759493
VND_ZETA,SCREW_M4,2021-05-11,2021-05-11,7623,7388,5,0,5,0.4,0.8888,1.163,0.9134,3.15,0.0,0.105,0.83,0,0,0.9691722418995147
VND_EPSILON,CASING_B,2022-09-13,2022-09-14,698,671,9,0,7,0.6,0.7359,1.899,0.911,4.38,3.89,-0.441,1.169,0,1,0.9613180515759312
VND_BETA,SCREW_M4,2022-05-15,2022-05-18,4997,3589,5,0,5,0.4,0.6062,2.881,0.9222,8.96,6.56,-0.962,3.201,0,3,0.7182309385631379
VND_DELTA,BEARING_01,2021-07-21,2021-07-31,4598,3119,7,0,11,0.8,0.3366,4.138,0.774,10.0,6.05,-1.0,3.274,1,10,0.6783384080034798
VND_GAMMA,MOTOR_X,2021-05-30,2021-06-01,1809,1466,5,0,14,0.95,1.0,-0.278,0.9904,1.61,2.86,-0.038,0.521,0,2,0.810392482034273
VND_ALPHA,BEARING_01,2023-06-25,2023-06-27,883,883,6,0,11,0.8,0.8184,1.034,0.9622,4.67,1.37,-0.2,0.43,0,2,1.0
VND_BETA,BEARING_01,2021-07-24,2021-07-24,4643,4045,7,0,11,0.8,0.5837,2.679,0.8981,8.11,6.76,-1.0,3.129,1,0,0.871203962954986
VND_EPSILON,SCREW_M4,2023-09-25,2023-09-23,2657,2657,9,0,5,0.4,0.7117,1.635,0.9835,4.38,3.89,-0.441,1.169,0,-2,1.0
VND_EPSILON,MOTOR_X,2023-05-31,2023-05-31,7254,6834,5,0,14,0.95,0.7181,1.379,0.9301,5.37,6.65,-0.289,2.054,0,0,0.9421009098428453
VND_ZETA,BATTERY_A,2023-06-26,2023-06-28,6568,6568,6,0,10,0.9,0.988,0.329,0.989,0.95,0.58,-1.0,0.11,0,2,1.0
VND_EPSILON,SCREW_M4,2023-07-24,2023-07-24,204,193,7,0,5,0.4,0.647,2.443,0.9297,4.08,2.56,-0.606,1.633,0,0,0.946078431372549
VND_DELTA,BLADE_X,2022-07-09,2022-07-11,4235,3179,7,0,12,0.85,0.3758,4.227,0.741,10.0,6.05,-1.0,3.274,0,2,0.7506493506493507
VND_GAMMA,CASING_B,2023-11-05,2023-11-04,4159,4084,11,1,7,0.6,0.8499,0.209,0.9577,0.77,1.58,0.264,0.0,0,-1,0.9819668189468622
VND_ZETA,BLADE_X,2022-09-06,2022-09-06,2364,2283,9,0,12,0.85,0.8592,0.804,0.9513,3.04,0.65,-0.322,0.705,0,0,0.9657360406091371
VND_GAMMA,SCREW_M4,2022-07-18,2022-07-18,5752,4851,7,0,5,0.4,0.9998,0.435,0.9544,2.34,0.0,0.441,0.0,0,0,0.8433588317107094
VND_ZETA,BLADE_X,2023-06-21,2023-06-22,1113,987,6,0,12,0.85,0.9148,0.333,0.9543,0.95,0.58,-1.0,0.11,1,1,0.8867924528301887
VND_DELTA,CASING_B,2021-01-14,2021-01-14,2814,2471,1,1,7,0.6,0.3635,4.272,0.7705,10.0,9.08,-1.0,3.072,1,0,0.8781094527363185
VND_DELTA,BEARING_01,2021-12-01,2021-12-07,1664,1169,12,1,11,0.8,0.4311,4.585,0.7989,9.5,6.79,-1.0,3.943,1,6,0.7025240384615384
VND_DELTA,BATTERY_A,2022-09-16,2022-09-16,974,817,9,0,10,0.9,0.3979,4.672,0.774,10.0,8.25,-1.0,4.688,1,0,0.8388090349075975
VND_GAMMA,BEARING_01,2022-01-10,2022-01-10,1785,1785,1,1,11,0.8,0.9905,0.041,0.9553,1.85,2.16,0.022,0.306,0,0,1.0
VND_BETA,BATTERY_A,2022-03-13,2022-03-15,2716,2693,3,0,10,0.9,0.5088,2.8,0.824,7.31,4.89,-0.841,3.19,0,2,0.9915316642120766
VND_GAMMA,BLADE_X,2023-12-23,2023-12-23,4065,3749,12,1,12,0.85,0.9283,0.137,1.0,1.78,3.21,-0.462,0.474,0,0,0.9222632226322264
VND_ZETA,BATTERY_A,2022-09-07,2022-09-07,7798,7602,9,0,10,0.9,0.8752,0.479,1.0,3.04,0.65,-0.322,0.705,0,0,0.9748653500897666
VND_EPSILON,SCREW_M4,2021-11-13,2021-11-13,2852,2513,11,1,5,0.4,0.739,0.834,0.9401,4.9,3.65,0.183,1.854,1,0,0.8811360448807855
VND_BETA,CASING_B,2023-03-23,2023-03-22,6637,5411,3,0,7,0.6,0.5705,3.12,0.9148,7.31,4.89,-0.841,3.19,1,-1,0.8152779870423384
VND_BETA,CASING_B,2021-11-18,2021-11-22,2867,2393,11,1,7,0.6,0.5088,2.665,0.9009,7.62,7.21,-0.911,3.187,1,4,0.8346703871642832
VND_ZETA,BEARING_01,2023-05-04,2023-05-04,6587,5905,5,0,11,0.8,0.9694,-0.031,0.9881,3.15,0.0,0.105,0.83,0,0,0.8964627296189465
VND_BETA,BLADE_X,2022-06-23,2022-06-25,4066,3330,6,0,12,0.85,0.5349,3.224,0.8943,8.51,4.55,-0.832,3.415,1,2,0.8189867191342843
VND_GAMMA,BLADE_X,2021-10-24,2021-10-25,2708,2708,10,0,12,0.85,0.947,0.356,0.9801,0.49,0.87,-0.256,1.02,0,1,1.0
VND_ZETA,CABLE_R,2022-12-26,2022-12-25,6993,6636,12,1,8,0.7,0.9714,0.323,0.9527,4.01,0.19,-0.074,0.755,0,-1,0.948948948948949
VND_DELTA,CABLE_R,2022-09-23,2022-09-23,3684,2783,9,0,8,0.7,0.397,4.828,0.7642,10.0,8.25,-1.0,4.688,1,0,0.75542888165038
VND_DELTA,SWITCH_S,2021-01-12,2021-01-13,6444,5108,1,1,6,0.65,0.4138,4.499,0.7217,10.0,9.08,-1.0,3.072,1,1,0.792675356921167
VND_ALPHA,SWITCH_S,2023-04-18,2023-04-19,3096,3096,4,0,6,0.65,0.7459,1.046,0.9456,3.44,0.0,-0.737,0.775,0,1,1.0
VND_DELTA,CASING_B,2022-07-16,2022-07-20,359,324,7,0,7,0.6,0.3943,4.46,0.7745,10.0,6.05,-1.0,3.274,1,4,0.9025069637883009
VND_BETA,SCREW_M4,2022-06-09,2022-06-09,2614,2614,6,0,5,0.4,0.6044,2.904,0.8602,8.51,4.55,-0.832,3.415,1,0,1.0
VND_ALPHA,CABLE_R,2022-10-22,2022-10-22,3702,3604,10,0,8,0.7,0.8594,0.468,0.9721,3.41,0.0,-0.618,1.079,0,0,0.9735278227984873
VND_GAMMA,SWITCH_S,2022-02-13,2022-02-13,6732,6732,2,0,6,0.65,0.9323,0.558,1.0,0.13,0.0,-0.083,0.079,0,0,1.0
VND_EPSILON,SCREW_M4,2023-10-28,2023-10-29,3805,3805,10,0,5,0.4,0.669,2.178,0.9213,4.13,3.48,-0.679,1.687,0,1,1.0
VND_ALPHA,BLADE_X,2021-06-02,2021-06-04,2191,2071,6,0,12,0.85,0.8148,1.379,0.9442,4.67,1.37,-0.2,0.43,0,2,0.9452304883614788
VND_GAMMA,CASING_B,2023-09-10,2023-09-10,7912,7455,9,0,7,0.6,1.0,0.779,1.0,1.65,0.0,-0.445,0.427,0,0,0.9422396359959555
VND_ALPHA,BEARING_01,2023-03-10,2023-03-10,5834,5456,3,0,11,0.8,0.797,1.374,0.9984,2.73,2.14,-0.359,0.814,0,0,0.9352074048680151
VND_BETA,BEARING_01,2022-07-28,2022-07-31,5170,4199,7,0,11,0.8,0.5064,3.375,0.8907,8.11,6.76,-1.0,3.129,1,3,0.8121856866537718
VND_ALPHA,SWITCH_S,2021-07-27,2021-07-26,659,594,7,0,6,0.65,0.8855,1.244,0.9378,2.66,1.71,-0.565,1.15,1,-1,0.9013657056145675
VND_GAMMA,CABLE_R,2023-01-27,2023-01-28,3789,3254,1,1,8,0.7,0.959,0.87,1.0,1.85,2.16,0.022,0.306,0,1,0.858801794668778
VND_ALPHA,BLADE_X,2023-08-25,2023-08-26,1300,1288,8,0,12,0.85,0.9167,0.874,0.9736,2.6,1.31,-0.401,1.741,0,1,0.9907692307692307
VND_GAMMA,BATTERY_A,2023-04-28,2023-04-28,6952,6753,4,0,10,0.9,0.8793,-0.11,0.9804,1.81,0.33,-0.556,0.389,0,0,0.9713751438434983
VND_BETA,CASING_B,2022-09-05,2022-09-09,4902,4403,9,0,7,0.6,0.4516,2.837,0.8508,7.93,5.56,-0.497,2.593,0,4,0.8982048143614851
VND_EPSILON,SCREW_M4,2021-06-30,2021-06-29,3790,3107,6,0,5,0.4,0.7536,1.41,0.9278,5.8,3.45,-0.555,1.904,0,-1,0.8197889182058048
VND_GAMMA,SCREW_M4,2022-06-18,2022-06-18,4760,4004,6,0,5,0.4,0.8858,0.208,0.9994,1.52,0.0,0.363,0.701,0,0,0.8411764705882353
VND_ZETA,BLADE_X,2021-02-14,2021-02-16,1350,1350,2,0,12,0.85,0.8536,0.079,0.9943,0.68,0.31,-0.17,0.259,1,2,1.0
VND_ZETA,BATTERY_A,2022-10-05,2022-10-04,7191,7191,10,0,10,0.9,0.9176,-0.091,0.9342,2.08,0.04,-0.007,0.366,0,-1,1.0
VND_DELTA,CABLE_R,2022-03-16,2022-03-23,1708,1461,3,0,8,0.7,0.4801,3.617,0.7925,9.67,7.03,-1.0,3.314,1,7,0.8553864168618267
VND_DELTA,CABLE_R,2022-04-12,2022-04-10,3974,3417,4,0,8,0.7,0.4195,4.802,0.7478,10.0,7.27,-1.0,3.863,1,-2,0.8598389531957725
VND_GAMMA,CABLE_R,2022-02-12,2022-02-12,5751,5751,2,0,8,0.7,0.9582,0.998,1.0,0.13,0.0,-0.083,0.079,0,0,1.0
VND_GAMMA,BLADE_X,2021-02-17,2021-02-17,1349,1349,2,0,12,0.85,0.8973,0.156,1.0,0.13,0.0,-0.083,0.079,0,0,1.0
VND_ZETA,BATTERY_A,2023-04-22,2023-04-25,3700,3700,4,0,10,0.9,0.97,0.315,0.9638,4.0,1.67,-0.484,0.326,0,3,1.0
VND_DELTA,SWITCH_S,2021-04-09,2021-04-13,7013,6534,4,0,6,0.65,0.3616,4.641,0.711,10.0,7.27,-1.0,3.863,1,4,0.9316982746328247
VND_EPSILON,MOTOR_X,2023-02-04,2023-02-05,332,317,2,0,14,0.95,0.7759,1.061,0.9471,3.97,2.95,-0.443,1.143,1,1,0.9548192771084337
VND_ALPHA,SWITCH_S,2023-10-30,2023-11-01,7352,6690,10,0,6,0.65,0.7831,1.542,0.9838,3.41,0.0,-0.618,1.079,0,2,0.9099564744287268
VND_EPSILON,CABLE_R,2023-10-05,2023-10-06,2515,2445,10,0,8,0.7,0.7612,1.09,0.985,4.13,3.48,-0.679,1.687,0,1,0.9721669980119284
VND_ZETA,CABLE_R,2021-05-18,2021-05-19,6216,6216,5,0,8,0.7,0.952,0.331,1.0,3.15,0.0,0.105,0.83,0,1,1.0
VND_EPSILON,BATTERY_A,2021-07-08,2021-07-08,4773,4152,7,0,10,0.9,0.7098,1.052,0.9687,4.08,2.56,-0.606,1.633,0,0,0.8698931489629164
VND_EPSILON,BATTERY_A,2021-11-21,2021-11-25,6742,6601,11,1,10,0.9,0.6618,1.184,0.8775,4.9,3.65,0.183,1.854,1,4,0.9790863245327796
VND_EPSILON,BATTERY_A,2023-08-18,2023-08-19,5197,5031,8,0,10,0.9,0.799,1.58,0.9359,7.16,0.93,-0.254,0.955,0,1,0.9680584952857417
VND_ALPHA,SCREW_M4,2023-06-02,2023-06-03,6899,6899,6,0,5,0.4,0.7938,0.735,0.9494,4.67,1.37,-0.2,0.43,0,1,1.0
VND_DELTA,BLADE_X,2023-07-14,2023-07-16,7485,5672,7,0,12,0.85,0.4481,4.44,0.7464,10.0,6.05,-1.0,3.274,1,2,0.7577822311289245
VND_ZETA,CASING_B,2022-11-08,2022-11-08,798,762,11,1,7,0.6,0.9351,0.334,0.9631,1.99,2.8,0.448,0.025,0,0,0.9548872180451128
VND_ZETA,CASING_B,2022-11-27,2022-11-27,3919,3919,11,1,7,0.6,0.9703,-0.018,0.9515,1.99,2.8,0.448,0.025,0,0,1.0
VND_ALPHA,SWITCH_S,2023-04-03,2023-04-03,4908,4508,4,0,6,0.65,0.826,0.653,0.9397,3.44,0.0,-0.737,0.775,0,0,0.9185004074979625
VND_ALPHA,BLADE_X,2023-03-10,2023-03-12,354,354,3,0,12,0.85,0.8561,1.535,0.9508,2.73,2.14,-0.359,0.814,0,2,1.0
VND_BETA,MOTOR_X,2022-10-23,2022-10-23,3699,2813,10,0,14,0.95,0.5349,2.812,0.8443,7.34,4.7,-0.665,2.932,0,0,0.7604758042714247
VND_GAMMA,CASING_B,2022-04-02,2022-04-02,4987,4886,4,0,7,0.6,0.9084,0.71,0.9664,1.81,0.33,-0.556,0.389,0,0,0.9797473430920393
VND_EPSILON,CABLE_R,2023-07-27,2023-07-27,5554,5332,7,0,8,0.7,0.7796,1.027,0.8968,4.08,2.56,-0.606,1.633,0,0,0.9600288080662586
VND_EPSILON,SCREW_M4,2022-12-28,2022-12-30,7517,7378,12,1,5,0.4,0.7478,1.48,0.9173,2.82,4.49,-0.659,1.941,1,2,0.9815085805507516
VND_BETA,CASING_B,2021-10-31,2021-11-03,1888,1434,10,0,7,0.6,0.5475,2.976,0.9352,7.34,4.7,-0.665,2.932,1,3,0.7595338983050848
VND_BETA,BLADE_X,2021-07-26,2021-08-01,414,414,7,0,12,0.85,0.5342,2.427,0.8482,8.11,6.76,-1.0,3.129,0,6,1.0
VND_BETA,MOTOR_X,2022-12-15,2022-12-19,767,680,12,1,14,0.95,0.5092,2.257,0.9308,7.45,6.37,-1.0,2.215,1,4,0.8865710560625815
VND_GAMMA,CABLE_R,2022-04-17,2022-04-17,5591,5130,4,0,8,0.7,0.9345,0.448,1.0,1.81,0.33,-0.556,0.389,0,0,0.9175460561616884
VND_BETA,SCREW_M4,2022-09-13,2022-09-18,1537,1064,9,0,5,0.4,0.6214,3.199,0.8855,7.93,5.56,-0.497,2.593,0,5,0.6922576447625244
VND_GAMMA,SWITCH_S,2022-04-23,2022-04-23,7870,7614,4,0,6,0.65,0.9535,0.75,0.9875,1.81,0.33,-0.556,0.389,0,0,0.9674714104193138
VND_GAMMA,SCREW_M4,2021-02-25,2021-02-25,1324,1324,2,0,5,0.4,0.9446,-0.405,0.9597,0.13,0.0,-0.083,0.079,0,0,1.0
VND_ALPHA,BEARING_01,2023-02-08,2023-02-10,408,408,2,0,11,0.8,0.7639,0.563,0.9683,2.97,1.37,0.254,1.307,0,2,1.0
VND_ZETA,BEARING_01,2022-03-04,2022-03-07,3316,3254,3,0,11,0.8,0.982,-0.038,0.9688,3.65,1.04,-0.406,0.887,0,3,0.9813027744270205
VND_DELTA,MOTOR_X,2023-06-18,2023-06-19,3470,2720,6,0,14,0.95,0.3423,5.249,0.8155,10.0,7.21,-1.0,4.359,1,1,0.7838616714697406
VND_BETA,SCREW_M4,2023-02-19,2023-02-23,5035,5035,2,0,5,0.4,0.5648,3.835,0.8773,7.47,5.81,-0.631,3.173,0,4,1.0
VND_ALPHA,BATTERY_A,2021-12-25,2021-12-27,4350,4350,12,1,10,0.9,0.8359,1.392,0.9755,1.72,2.38,-0.358,1.423,0,2,1.0
VND_BETA,BATTERY_A,2022-03-06,2022-03-10,1185,972,3,0,10,0.9,0.572,2.576,0.8381,7.31,4.89,-0.841,3.19,1,4,0.8202531645569621
VND_ZETA,BEARING_01,2023-01-04,2023-01-04,6341,5931,1,1,11,0.8,0.9925,0.337,0.9873,1.09,2.03,0.123,0.866,0,0,0.9353414287967198
VND_DELTA,CABLE_R,2022-01-27,2022-02-02,1923,1323,1,1,8,0.7,0.4203,4.562,0.7582,10.0,9.08,-1.0,3.072,1,6,0.6879875195007801
VND_EPSILON,BATTERY_A,2023-01-07,2023-01-09,4115,4115,1,1,10,0.9,0.7371,1.431,0.9654,5.06,3.05,-0.408,1.754,1,2,1.0
VND_EPSILON,BLADE_X,2021-08-18,2021-08-20,7940,7075,8,0,12,0.85,0.7216,1.399,0.882,7.16,0.93,-0.254,0.955,1,2,0.8910579345088161
VND_ALPHA,BEARING_01,2021-01-15,2021-01-17,3313,3313,1,1,11,0.8,0.7887,1.154,1.0,3.7,2.96,-0.026,1.609,0,2,1.0
VND_DELTA,SWITCH_S,2021-07-24,2021-07-25,3105,2518,7,0,6,0.65,0.349,4.864,0.811,10.0,6.05,-1.0,3.274,1,1,0.8109500805152979
VND_GAMMA,CABLE_R,2021-05-14,2021-05-15,3756,3756,5,0,8,0.7,0.976,0.694,0.9601,1.61,2.86,-0.038,0.521,0,1,1.0
VND_BETA,BLADE_X,2021-06-22,2021-06-25,5528,5101,6,0,12,0.85,0.5706,2.362,0.9415,8.51,4.55,-0.832,3.415,1,3,0.9227568740955138
VND_DELTA,SWITCH_S,2021-02-02,2021-02-03,7993,4897,2,0,6,0.65,0.4112,4.49,0.7714,10.0,7.1,-1.0,3.739,1,1,0.6126610784436382
VND_ZETA,BLADE_X,2022-10-25,2022-10-25,571,495,10,0,12,0.85,0.9322,-0.198,0.9892,2.08,0.04,-0.007,0.366,0,0,0.8669001751313485
VND_BETA,CASING_B,2021-12-30,2021-12-31,4825,3800,12,1,7,0.6,0.543,2.659,0.88,7.45,6.37,-1.0,2.215,1,1,0.7875647668393783
VND_BETA,MOTOR_X,2023-11-29,2023-11-30,1475,1133,11,1,14,0.95,0.5116,2.69,0.8562,7.62,7.21,-0.911,3.187,1,1,0.768135593220339
VND_ZETA,CASING_B,2023-08-21,2023-08-22,6444,6444,8,0,7,0.6,0.9954,0.28,0.9692,1.44,0.77,0.404,0.0,0,1,1.0
VND_ALPHA,MOTOR_X,2022-03-06,2022-03-06,7297,7297,3,0,14,0.95,0.7456,1.481,0.9031,2.73,2.14,-0.359,0.814,0,0,1.0
VND_GAMMA,BLADE_X,2023-04-30,2023-04-30,6944,6944,4,0,12,0.85,1.0,0.604,0.9724,1.81,0.33,-0.556,0.389,0,0,1.0
VND_DELTA,CASING_B,2021-12-20,2021-12-27,1630,1375,12,1,7,0.6,0.3981,4.62,0.7683,9.5,6.79,-1.0,3.943,1,7,0.843558282208589
VND_ZETA,CASING_B,2022-01-07,2022-01-05,3190,2775,1,1,7,0.6,0.9229,0.541,0.9393,1.09,2.03,0.123,0.866,0,-2,0.8699059561128527
VND_BETA,BATTERY_A,2021-03-03,2021-03-05,4275,3598,3,0,10,0.9,0.5817,2.825,0.8768,7.31,4.89,-0.841,3.19,1,2,0.8416374269005849
VND_GAMMA,SCREW_M4,2023-04-07,2023-04-07,5322,4713,4,0,5,0.4,0.918,0.926,0.9623,1.81,0.33,-0.556,0.389,0,0,0.8855693348365277
VND_GAMMA,CABLE_R,2022-10-20,2022-10-21,433,427,10,0,8,0.7,0.9463,1.123,1.0,0.49,0.87,-0.256,1.02,0,1,0.9861431870669746
VND_GAMMA,MOTOR_X,2021-02-28,2021-02-28,7481,7481,2,0,14,0.95,0.8858,0.526,0.9487,0.13,0.0,-0.083,0.079,0,0,1.0
VND_ALPHA,BEARING_01,2021-10-23,2021-10-23,7684,7182,10,0,11,0.8,0.8182,0.988,0.9458,3.41,0.0,-0.618,1.079,0,0,0.9346694429984383
VND_ALPHA,SWITCH_S,2023-02-12,2023-02-10,6446,6446,2,0,6,0.65,0.8361,1.055,1.0,2.97,1.37,0.254,1.307,0,-2,1.0
VND_BETA,CASING_B,2021-07-25,2021-07-28,322,238,7,0,7,0.6,0.5133,2.854,0.8944,8.11,6.76,-1.0,3.129,1,3,0.7391304347826086
VND_BETA,CABLE_R,2021-07-08,2021-07-09,3639,3518,7,0,8,0.7,0.557,2.283,0.9176,8.11,6.76,-1.0,3.129,1,1,0.9667491068974993
VND_ALPHA,BATTERY_A,2023-09-02,2023-09-03,4004,3642,9,0,10,0.9,0.8582,0.448,0.9707,3.19,0.54,0.027,0.512,0,1,0.9095904095904096
VND_EPSILON,SWITCH_S,2023-06-21,2023-06-21,1301,1263,6,0,6,0.65,0.7058,1.846,0.9043,5.8,3.45,-0.555,1.904,1,0,0.9707916986933128
VND_GAMMA,MOTOR_X,2023-09-03,2023-09-04,4046,3644,9,0,14,0.95,1.0,-0.684,0.9708,1.65,0.0,-0.445,0.427,0,1,0.9006426099851705
VND_BETA,BLADE_X,2022-10-24,2022-10-24,5577,4634,10,0,12,0.85,0.6074,2.345,0.894,7.34,4.7,-0.665,2.932,0,0,0.8309126770665233
VND_EPSILON,CABLE_R,2021-07-17,2021-07-18,4114,3688,7,0,8,0.7,0.6584,1.622,0.9355,4.08,2.56,-0.606,1.633,0,1,0.8964511424404472
VND_ZETA,BEARING_01,2022-02-06,2022-02-07,1230,1191,2,0,11,0.8,0.9178,-0.487,0.9567,0.68,0.31,-0.17,0.259,0,1,0.9682926829268292
VND_EPSILON,SCREW_M4,2021-09-23,2021-09-23,6798,6269,9,0,5,0.4,0.7919,2.134,0.8905,4.38,3.89,-0.441,1.169,0,0,0.922182994998529
VND_BETA,CASING_B,2021-06-18,2021-06-22,6288,5517,6,0,7,0.6,0.6146,2.528,0.8539,8.51,4.55,-0.832,3.415,1,4,0.8773854961832062
VND_ZETA,BATTERY_A,2023-04-08,2023-04-08,2512,2260,4,0,10,0.9,0.962,-0.255,0.9751,4.0,1.67,-0.484,0.326,0,0,0.8996815286624203
VND_BETA,BATTERY_A,2022-04-09,2022-04-09,2253,2223,4,0,10,0.9,0.5972,2.95,0.8883,7.67,5.01,-1.0,2.322,1,0,0.9866844207723036
VND_ZETA,CASING_B,2022-09-09,2022-09-09,2892,2866,9,0,7,0.6,0.8884,0.651,0.964,3.04,0.65,-0.322,0.705,0,0,0.9910096818810512
VND_ZETA,BEARING_01,2023-12-01,2023-12-01,4434,3981,12,1,11,0.8,0.9927,0.643,1.0,4.01,0.19,-0.074,0.755,1,0,0.8978349120433018
VND_BETA,BLADE_X,2022-11-03,2022-11-05,3657,3657,11,1,12,0.85,0.5498,2.493,0.8813,7.62,7.21,-0.911,3.187,1,2,1.0
VND_ZETA,CABLE_R,2021-10-25,2021-10-26,4946,4296,10,0,8,0.7,0.967,-0.12,0.9992,2.08,0.04,-0.007,0.366,0,1,0.8685806712494946
VND_ZETA,MOTOR_X,2023-02-28,2023-02-28,5376,5043,2,0,14,0.95,0.9378,0.573,0.9695,0.68,0.31,-0.17,0.259,0,0,0.9380580357142857
VND_BETA,MOTOR_X,2022-01-09,2022-01-13,317,245,1,1,14,0.95,0.5141,2.509,0.8231,8.49,4.94,-0.843,2.646,1,4,0.7728706624605678
VND_ZETA,CASING_B,2021-03-11,2021-03-12,7043,5479,3,0,7,0.6,0.9583,0.204,0.9887,3.65,1.04,-0.406,0.887,0,1,0.7779355388328837
VND_BETA,SCREW_M4,2023-03-24,2023-03-22,2842,2159,3,0,5,0.4,0.5321,3.159,0.8904,7.31,4.89,-0.841,3.19,1,-2,0.7596762843068262
VND_EPSILON,MOTOR_X,2023-09-12,2023-09-13,4163,3319,9,0,14,0.95,0.7033,1.576,0.9436,4.38,3.89,-0.441,1.169,1,1,0.7972615901993755
VND_BETA,CABLE_R,2023-04-11,2023-04-16,3903,3349,4,0,8,0.7,0.5099,3.196,0.839,7.67,5.01,-1.0,2.322,1,5,0.8580579041762747
VND_DELTA,SCREW_M4,2022-06-23,2022-07-04,4671,3492,6,0,5,0.4,0.3883,3.657,0.7738,10.0,7.21,-1.0,4.359,1,11,0.7475915221579962
VND_ALPHA,BEARING_01,2022-07-27,2022-07-28,5569,5343,7,0,11,0.8,0.7706,0.857,0.919,2.66,1.71,-0.565,1.15,0,1,0.959418207936793
VND_GAMMA,CABLE_R,2022-01-17,2022-01-18,2291,1895,1,1,8,0.7,0.8806,0.518,0.9719,1.85,2.16,0.022,0.306,0,1,0.8271497162811
VND_DELTA,CABLE_R,2023-07-24,2023-07-29,5633,4730,7,0,8,0.7,0.3606,3.756,0.7997,10.0,6.05,-1.0,3.274,1,5,0.8396946564885496
VND_ZETA,BATTERY_A,2022-12-03,2022-12-03,6452,5800,12,1,10,0.9,0.9616,0.399,0.9459,4.01,0.19,-0.074,0.755,0,0,0.8989460632362059
VND_ALPHA,BLADE_X,2023-01-19,2023-01-19,3694,3234,1,1,12,0.85,0.81,1.095,0.9745,3.7,2.96,-0.026,1.609,1,0,0.8754737412019491
VND_EPSILON,MOTOR_X,2021-09-16,2021-09-17,974,890,9,0,14,0.95,0.7128,1.873,0.9439,4.38,3.89,-0.441,1.169,0,1,0.9137577002053389
VND_DELTA,SCREW_M4,2021-08-16,2021-08-23,1185,892,8,0,5,0.4,0.3636,3.971,0.7858,10.0,7.14,-1.0,3.931,1,7,0.7527426160337553
VND_BETA,BLADE_X,2022-12-13,2022-12-19,2715,2186,12,1,12,0.85,0.5577,2.898,0.8797,7.45,6.37,-1.0,2.215,1,6,0.8051565377532228
VND_DELTA,BEARING_01,2021-06-19,2021-06-17,7302,5736,6,0,11,0.8,0.474,5.008,0.8035,10.0,7.21,-1.0,4.359,1,-2,0.7855382087099425
VND_DELTA,CASING_B,2023-11-13,2023-11-19,1796,1336,11,1,7,0.6,0.3804,4.228,0.7946,10.0,9.01,-1.0,3.571,1,6,0.7438752783964365
VND_ZETA,CASING_B,2022-03-31,2022-03-31,6556,6238,3,0,7,0.6,0.9157,0.113,0.9804,3.65,1.04,-0.406,0.887,0,0,0.9514948139109213
VND_BETA,MOTOR_X,2022-12-26,2022-12-28,4505,3510,12,1,14,0.95,0.5525,3.576,0.8383,7.45,6.37,-1.0,2.215,1,2,0.779134295227525
VND_EPSILON,CASING_B,2023-12-23,2023-12-22,4501,3860,12,1,7,0.6,0.7528,0.935,0.9833,2.82,4.49,-0.659,1.941,0,-1,0.8575872028438125
VND_EPSILON,MOTOR_X,2023-01-13,2023-01-17,4619,3922,1,1,14,0.95,0.7029,0.68,0.994,5.06,3.05,-0.408,1.754,0,4,0.8491015371292487
VND_ZETA,SCREW_M4,2023-12-24,2023-12-24,1566,1547,12,1,5,0.4,0.9054,0.91,0.9351,4.01,0.19,-0.074,0.755,1,0,0.98786717752235
VND_BETA,CABLE_R,2021-07-25,2021-07-25,5773,5387,7,0,8,0.7,0.6384,2.686,0.8711,8.11,6.76,-1.0,3.129,0,0,0.9331370171487962
VND_ZETA,CASING_B,2022-04-09,2022-04-08,7107,6881,4,0,7,0.6,0.902,0.055,0.9169,4.0,1.67,-0.484,0.326,0,-1,0.9682003658364993
VND_EPSILON,CASING_B,2023-05-19,2023-05-20,7231,6411,5,0,7,0.6,0.6921,1.751,0.9079,5.37,6.65,-0.289,2.054,0,1,0.8865993638500899
VND_GAMMA,SCREW_M4,2021-04-11,2021-04-10,7973,7734,4,0,5,0.4,0.9834,0.491,0.9608,1.81,0.33,-0.556,0.389,0,-1,0.9700238304276935
VND_GAMMA,SWITCH_S,2023-03-10,2023-03-10,7580,7580,3,0,6,0.65,0.9041,0.393,0.9665,1.39,0.8,0.586,0.47,0,0,1.0
VND_DELTA,SWITCH_S,2023-08-17,2023-08-22,2837,1981,8,0,6,0.65,0.3216,4.39,0.7664,10.0,7.14,-1.0,3.931,1,5,0.6982728234050053
VND_ZETA,CASING_B,2022-09-07,2022-09-05,202,199,9,0,7,0.6,0.9424,0.765,0.9299,3.04,0.65,-0.322,0.705,0,-2,0.9851485148514851
VND_GAMMA,BATTERY_A,2022-10-01,2022-10-02,1910,1910,10,0,10,0.9,0.8874,0.426,0.9699,0.49,0.87,-0.256,1.02,0,1,1.0
VND_ALPHA,BATTERY_A,2023-04-21,2023-04-20,1349,1349,4,0,10,0.9,0.7754,0.802,0.9893,3.44,0.0,-0.737,0.775,0,-1,1.0
VND_DELTA,CASING_B,2021-11-25,2021-11-29,6463,4935,11,1,7,0.6,0.4203,4.776,0.7715,10.0,9.01,-1.0,3.571,1,4,0.763577286090051
VND_DELTA,SCREW_M4,2021-11-23,2021-11-27,5492,4895,11,1,5,0.4,0.3532,5.227,0.7478,10.0,9.01,-1.0,3.571,1,4,0.8912964311726147
VND_DELTA,SWITCH_S,2022-02-01,2022-02-07,2236,1439,2,0,6,0.65,0.3554,4.432,0.7438,10.0,7.1,-1.0,3.739,1,6,0.6435599284436494
VND_ALPHA,CABLE_R,2022-04-09,2022-04-09,7974,7657,4,0,8,0.7,0.8618,0.901,0.9538,3.44,0.0,-0.737,0.775,0,0,0.9602457988462503
VND_BETA,BLADE_X,2023-04-03,2023-04-10,1211,1072,4,0,12,0.85,0.5173,2.148,0.8818,7.67,5.01,-1.0,2.322,1,7,0.8852188274153592
VND_BETA,CASING_B,2023-06-28,2023-06-30,1366,1228,6,0,7,0.6,0.5764,2.2,0.8607,8.51,4.55,-0.832,3.415,0,2,0.8989751098096632
VND_GAMMA,BLADE_X,2021-01-23,2021-01-23,5416,5416,1,1,12,0.85,0.8928,0.363,0.9765,1.85,2.16,0.022,0.306,0,0,1.0
VND_EPSILON,BATTERY_A,2022-09-30,2022-10-02,4494,4010,9,0,10,0.9,0.7146,1.548,0.9458,4.38,3.89,-0.441,1.169,0,2,0.8923008455718736
VND_ZETA,BATTERY_A,2023-08-23,2023-08-21,2102,2102,8,0,10,0.9,0.9271,0.117,0.9498,1.44,0.77,0.404,0.0,0,-2,1.0
VND_GAMMA,BEARING_01,2021-09-13,2021-09-13,4633,4103,9,0,11,0.8,0.8959,0.349,1.0,1.65,0.0,-0.445,0.427,1,0,0.8856032808115691
VND_BETA,BEARING_01,2021-05-25,2021-05-29,7410,6477,5,0,11,0.8,0.4977,2.998,0.8499,8.96,6.56,-0.962,3.201,1,4,0.874089068825911
VND_GAMMA,CABLE_R,2021-03-25,2021-03-26,3325,3075,3,0,8,0.7,0.9184,0.096,0.9825,1.39,0.8,0.586,0.47,0,1,0.924812030075188
VND_ALPHA,BLADE_X,2023-08-14,2023-08-15,3689,3547,8,0,12,0.85,0.8954,0.265,0.9288,2.6,1.31,-0.401,1.741,0,1,0.9615071835185687
VND_ZETA,CASING_B,2023-09-25,2023-09-24,6413,6413,9,0,7,0.6,0.92,0.581,0.9926,3.04,0.65,-0.322,0.705,0,-1,1.0
VND_BETA,BLADE_X,2023-12-07,2023-12-09,1044,760,12,1,12,0.85,0.5181,2.615,0.8993,7.45,6.37,-1.0,2.215,1,2,0.7279693486590039
VND_ZETA,BATTERY_A,2023-01-13,2023-01-12,2176,1862,1,1,10,0.9,0.8795,1.262,0.9657,1.09,2.03,0.123,0.866,0,-1,0.8556985294117647
VND_ZETA,BEARING_01,2023-06-05,2023-06-06,3654,3020,6,0,11,0.8,0.9905,0.091,0.9647,0.95,0.58,-1.0,0.11,0,1,0.8264915161466886
VND_ZETA,MOTOR_X,2021-08-04,2021-08-04,7287,7255,8,0,14,0.95,0.9679,-0.539,0.9453,1.44,0.77,0.404,0.0,0,0,0.9956086180870043
VND_ZETA,BLADE_X,2022-07-19,2022-07-19,7611,7611,7,0,12,0.85,0.9762,0.955,0.9759,1.63,0.0,0.462,0.0,0,0,1.0
VND_ZETA,BLADE_X,2023-11-07,2023-11-08,2893,2830,11,1,12,0.85,0.963,0.094,1.0,1.99,2.8,0.448,0.025,0,1,0.9782232976149325
VND_ZETA,SWITCH_S,2022-05-30,2022-05-29,3121,3121,5,0,6,0.65,0.9726,0.352,0.9314,3.15,0.0,0.105,0.83,0,-1,1.0
VND_ALPHA,BATTERY_A,2021-07-27,2021-07-29,6041,5378,7,0,10,0.9,0.8128,0.851,0.9174,2.66,1.71,-0.565,1.15,1,2,0.8902499586161231
VND_BETA,BEARING_01,2023-10-11,2023-10-18,2013,1782,10,0,11,0.8,0.5914,3.115,0.8412,7.34,4.7,-0.665,2.932,1,7,0.8852459016393442
VND_ZETA,SWITCH_S,2022-06-29,2022-06-29,1051,1051,6,0,6,0.65,0.9946,0.798,0.9571,0.95,0.58,-1.0,0.11,0,0,1.0
VND_EPSILON,BEARING_01,2023-02-09,2023-02-10,5169,4203,2,0,11,0.8,0.6695,2.383,0.9233,3.97,2.95,-0.443,1.143,1,1,0.8131166569936158
VND_ALPHA,SWITCH_S,2021-08-09,2021-08-10,5036,4723,8,0,6,0.65,0.7841,0.664,0.9821,2.6,1.31,-0.401,1.741,0,1,0.937847498014297
VND_EPSILON,BATTERY_A,2021-07-14,2021-07-19,1162,1108,7,0,10,0.9,0.7135,1.381,0.9147,4.08,2.56,-0.606,1.633,0,5,0.9535283993115319
VND_GAMMA,SCREW_M4,2023-05-14,2023-05-14,6878,6796,5,0,5,0.4,1.0,0.512,0.9861,1.61,2.86,-0.038,0.521,0,0,0.9880779296307066
VND_ZETA,SWITCH_S,2021-03-23,2021-03-23,3045,2777,3,0,6,0.65,0.9297,-0.245,0.9843,3.65,1.04,-0.406,0.887,0,0,0.9119868637110017
VND_DELTA,BEARING_01,2023-12-07,2023-12-07,505,421,12,1,11,0.8,0.4184,4.385,0.7634,9.5,6.79,-1.0,3.943,1,0,0.8336633663366336
VND_ZETA,SWITCH_S,2023-06-04,2023-06-02,5681,5681,6,0,6,0.65,0.8982,0.838,0.9804,0.95,0.58,-1.0,0.11,0,-2,1.0
VND_BETA,MOTOR_X,2022-01-06,2022-01-07,397,348,1,1,14,0.95,0.6276,1.887,0.8714,8.49,4.94,-0.843,2.646,1,1,0.8765743073047859
VND_ALPHA,CABLE_R,2022-08-22,2022-08-22,7742,7673,8,0,8,0.7,0.8305,1.431,0.9791,2.6,1.31,-0.401,1.741,1,0,0.9910875742702144
VND_ALPHA,SWITCH_S,2023-07-25,2023-07-27,7158,6060,7,0,6,0.65,0.8281,1.095,0.9263,2.66,1.71,-0.565,1.15,0,2,0.8466051969823973
VND_GAMMA,BLADE_X,2022-12-06,2022-12-06,3086,3086,12,1,12,0.85,0.9338,0.335,1.0,1.78,3.21,-0.462,0.474,0,0,1.0
VND_GAMMA,SCREW_M4,2023-07-03,2023-07-02,6620,6620,7,0,5,0.4,0.8968,0.192,0.9627,2.34,0.0,0.441,0.0,0,-1,1.0
VND_GAMMA,MOTOR_X,2023-07-28,2023-07-28,5927,5927,7,0,14,0.95,0.969,0.098,1.0,2.34,0.0,0.441,0.0,0,0,1.0
VND_BETA,BLADE_X,2022-03-05,2022-03-06,4775,4025,3,0,12,0.85,0.5453,2.958,0.8719,7.31,4.89,-0.841,3.19,0,1,0.8429319371727748
VND_ZETA,CABLE_R,2023-04-02,2023-04-01,6371,6371,4,0,8,0.7,0.9104,1.253,0.9389,4.0,1.67,-0.484,0.326,0,-1,1.0
VND_BETA,CABLE_R,2023-10-21,2023-10-26,7217,5697,10,0,8,0.7,0.5989,2.78,0.9185,7.34,4.7,-0.665,2.932,1,5,0.7893861715394208
VND_GAMMA,BATTERY_A,2022-12-22,2022-12-22,5249,4978,12,1,10,0.9,0.9611,0.432,0.9627,1.78,3.21,-0.462,0.474,0,0,0.9483711183082492
VND_GAMMA,SCREW_M4,2022-09-19,2022-09-19,1029,1029,9,0,5,0.4,0.9338,0.469,1.0,1.65,0.0,-0.445,0.427,0,0,1.0
VND_ZETA,BATTERY_A,2023-04-12,2023-04-14,2763,2754,4,0,10,0.9,0.9511,0.281,0.9776,4.0,1.67,-0.484,0.326,0,2,0.996742671009772
VND_ZETA,BEARING_01,2022-01-17,2022-01-17,6397,6106,1,1,11,0.8,0.977,0.46,1.0,1.09,2.03,0.123,0.866,0,0,0.95450992652806
VND_BETA,SWITCH_S,2022-06-27,2022-06-28,7212,7179,6,0,6,0.65,0.6062,3.178,0.8741,8.51,4.55,-0.832,3.415,1,1,0.9954242928452579
VND_GAMMA,BEARING_01,2022-11-22,2022-11-22,6801,5542,11,1,11,0.8,0.9047,0.5,1.0,0.77,1.58,0.264,0.0,0,0,0.8148801646816645
VND_GAMMA,BEARING_01,2021-11-23,2021-11-24,1580,1580,11,1,11,0.8,0.934,0.726,0.9761,0.77,1.58,0.264,0.0,0,1,1.0
VND_ALPHA,CABLE_R,2021-08-17,2021-08-20,1754,1754,8,0,8,0.7,0.8273,1.064,0.9374,2.6,1.31,-0.401,1.741,0,3,1.0
VND_EPSILON,BLADE_X,2022-08-30,2022-09-03,6399,6399,8,0,12,0.85,0.7536,1.297,0.9389,7.16,0.93,-0.254,0.955,1,4,1.0
VND_DELTA,CASING_B,2021-06-05,2021-06-06,1827,1409,6,0,7,0.6,0.4374,4.172,0.7204,10.0,7.21,-1.0,4.359,0,1,0.7712096332785988
VND_ALPHA,BATTERY_A,2023-04-09,2023-04-10,7181,6045,4,0,10,0.9,0.789,1.414,0.96,3.44,0.0,-0.737,0.775,0,1,0.8418047625678875
VND_BETA,BLADE_X,2022-11-28,2022-12-02,4564,4077,11,1,12,0.85,0.4984,2.223,0.8265,7.62,7.21,-0.911,3.187,1,4,0.8932953549517967
VND_DELTA,CABLE_R,2021-09-30,2021-10-01,7746,6264,9,0,8,0.7,0.439,4.499,0.7331,10.0,8.25,-1.0,4.688,1,1,0.8086754453911696
VND_ALPHA,SWITCH_S,2022-08-25,2022-08-25,5225,4840,8,0,6,0.65,0.8083,1.295,0.8938,2.6,1.31,-0.401,1.741,0,0,0.9263157894736842
VND_GAMMA,BATTERY_A,2022-04-06,2022-04-06,3825,3307,4,0,10,0.9,0.9659,0.147,1.0,1.81,0.33,-0.556,0.389,0,0,0.8645751633986928
VND_BETA,MOTOR_X,2021-11-14,2021-11-19,5668,5346,11,1,14,0.95,0.5148,3.346,0.8445,7.62,7.21,-0.911,3.187,1,5,0.9431898376852506
VND_ALPHA,BLADE_X,2023-10-10,2023-10-10,2038,1774,10,0,12,0.85,0.856,0.754,0.909,3.41,0.0,-0.618,1.079,0,0,0.8704612365063789
VND_BETA,SCREW_M4,2022-04-08,2022-04-06,3807,2884,4,0,5,0.4,0.4978,3.109,0.9012,7.67,5.01,-1.0,2.322,1,-2,0.757551878119254
VND_BETA,SCREW_M4,2021-01-26,2021-01-28,2631,2207,1,1,5,0.4,0.4967,2.42,0.9094,8.49,4.94,-0.843,2.646,1,2,0.8388445458000761
VND_ALPHA,SCREW_M4,2023-09-17,2023-09-18,7064,5537,9,0,5,0.4,0.8581,1.952,0.9634,3.19,0.54,0.027,0.512,1,1,0.7838335220838052
VND_DELTA,BEARING_01,2022-01-29,2022-01-30,3577,3263,1,1,11,0.8,0.3082,4.712,0.7867,10.0,9.08,-1.0,3.072,1,1,0.912216941571149
VND_EPSILON,CASING_B,2023-03-30,2023-03-30,5338,3347,3,0,7,0.6,0.6833,2.065,0.9233,5.21,3.36,-0.135,2.022,0,0,0.6270138628699887
VND_ZETA,SWITCH_S,2022-06-20,2022-06-20,5989,5918,6,0,6,0.65,0.8894,0.188,0.9521,0.95,0.58,-1.0,0.11,0,0,0.9881449323760227
VND_GAMMA,CABLE_R,2023-06-03,2023-06-02,3232,3118,6,0,8,0.7,0.9292,0.178,0.9753,1.52,0.0,0.363,0.701,0,-1,0.9647277227722773
VND_BETA,CABLE_R,2022-10-18,2022-10-18,4626,4300,10,0,8,0.7,0.5606,2.931,0.8988,7.34,4.7,-0.665,2.932,1,0,0.9295287505404237
VND_ALPHA,CABLE_R,2021-10-03,2021-10-04,2835,2135,10,0,8,0.7,0.8211,1.123,0.9156,3.41,0.0,-0.618,1.079,1,1,0.7530864197530864
VND_EPSILON,SCREW_M4,2021-09-21,2021-09-24,991,936,9,0,5,0.4,0.785,1.097,0.9703,4.38,3.89,-0.441,1.169,0,3,0.9445005045408678
VND_EPSILON,BEARING_01,2022-10-05,2022-10-08,1058,937,10,0,11,0.8,0.7144,0.511,0.898,4.13,3.48,-0.679,1.687,0,3,0.8856332703213611
VND_ZETA,SCREW_M4,2022-12-15,2022-12-16,6078,6078,12,1,5,0.4,0.9216,0.727,1.0,4.01,0.19,-0.074,0.755,1,1,1.0
VND_DELTA,SCREW_M4,2022-07-06,2022-07-11,4904,3928,7,0,5,0.4,0.3935,4.157,0.7988,10.0,6.05,-1.0,3.274,1,5,0.800978792822186
VND_DELTA,MOTOR_X,2023-06-16,2023-06-18,4272,2575,6,0,14,0.95,0.4099,4.415,0.7829,10.0,7.21,-1.0,4.359,1,2,0.6027621722846442
VND_ALPHA,SWITCH_S,2021-12-17,2021-12-16,381,381,12,1,6,0.65,0.8961,1.281,0.9379,1.72,2.38,-0.358,1.423,0,-1,1.0
VND_EPSILON,BEARING_01,2021-04-28,2021-04-29,7538,6168,4,0,11,0.8,0.7146,1.551,0.9569,3.47,1.86,-0.305,1.806,0,1,0.8182541788272751
VND_DELTA,CABLE_R,2021-10-30,2021-11-01,722,481,10,0,8,0.7,0.4016,4.707,0.7987,10.0,5.94,-1.0,3.793,1,2,0.6662049861495845
VND_ALPHA,CABLE_R,2022-07-20,2022-07-20,4867,4867,7,0,8,0.7,0.8488,0.528,0.9046,2.66,1.71,-0.565,1.15,0,0,1.0
VND_ZETA,BLADE_X,2021-02-26,2021-02-27,6045,5086,2,0,12,0.85,0.8993,0.779,1.0,0.68,0.31,-0.17,0.259,0,1,0.8413564929693962
VND_DELTA,BEARING_01,2021-10-01,2021-09-30,3446,2272,10,0,11,0.8,0.3616,4.404,0.7432,10.0,5.94,-1.0,3.793,1,-1,0.6593151479976784
VND_ZETA,SCREW_M4,2023-07-15,2023-07-14,2738,2557,7,0,5,0.4,0.9847,0.962,1.0,1.63,0.0,0.462,0.0,0,-1,0.9338933528122717
VND_GAMMA,BLADE_X,2022-04-22,2022-04-23,4868,4868,4,0,12,0.85,1.0,0.328,1.0,1.81,0.33,-0.556,0.389,0,1,1.0
VND_BETA,SWITCH_S,2022-10-07,2022-10-05,7267,6808,10,0,6,0.65,0.5649,2.976,0.8957,7.34,4.7,-0.665,2.932,1,-2,0.936837759735792
VND_EPSILON,MOTOR_X,2021-04-19,2021-04-20,6033,5844,4,0,14,0.95,0.7239,1.579,0.9776,3.47,1.86,-0.305,1.806,0,1,0.9686723023371457
VND_EPSILON,CABLE_R,2021-09-03,2021-09-03,6545,6545,9,0,8,0.7,0.6972,0.81,0.9413,4.38,3.89,-0.441,1.169,0,0,1.0
VND_EPSILON,BATTERY_A,2021-05-11,2021-05-13,4539,3828,5,0,10,0.9,0.7303,1.47,0.8815,5.37,6.65,-0.289,2.054,0,2,0.8433575677461996
VND_ZETA,SWITCH_S,2021-11-27,2021-11-27,6201,6201,11,1,6,0.65,0.9338,0.609,1.0,1.99,2.8,0.448,0.025,0,0,1.0
VND_BETA,SCREW_M4,2022-01-03,2022-01-05,7046,6143,1,1,5,0.4,0.5896,2.64,0.8576,8.49,4.94,-0.843,2.646,1,2,0.8718421799602611
VND_ALPHA,CASING_B,2023-10-11,2023-10-09,6169,5807,10,0,7,0.6,0.8156,0.609,1.0,3.41,0.0,-0.618,1.079,0,-2,0.9413195007294537
VND_GAMMA,BATTERY_A,2021-07-02,2021-07-03,971,971,7,0,10,0.9,0.9823,0.598,0.9235,2.34,0.0,0.441,0.0,0,1,1.0
VND_EPSILON,SWITCH_S,2023-03-05,2023-03-06,6793,6793,3,0,6,0.65,0.6779,1.207,1.0,5.21,3.36,-0.135,2.022,0,1,1.0
VND_DELTA,SWITCH_S,2023-08-30,2023-08-30,1334,1035,8,0,6,0.65,0.367,4.258,0.7907,10.0,7.14,-1.0,3.931,1,0,0.7758620689655172
VND_BETA,CABLE_R,2021-07-16,2021-07-22,2749,2749,7,0,8,0.7,0.6299,2.557,0.8713,8.11,6.76,-1.0,3.129,0,6,1.0
VND_BETA,CABLE_R,2023-06-01,2023-06-07,7401,7042,6,0,8,0.7,0.6143,2.71,0.8617,8.51,4.55,-0.832,3.415,0,6,0.951493041480881
VND_DELTA,BLADE_X,2021-07-05,2021-07-09,1711,1200,7,0,12,0.85,0.3632,4.598,0.7562,10.0,6.05,-1.0,3.274,1,4,0.701344243132671
VND_DELTA,BLADE_X,2022-02-15,2022-02-21,2056,1627,2,0,12,0.85,0.4118,3.715,0.7763,10.0,7.1,-1.0,3.739,1,6,0.7913424124513618
VND_ZETA,CABLE_R,2021-06-17,2021-06-17,2982,2982,6,0,8,0.7,0.9818,1.072,1.0,0.95,0.58,-1.0,0.11,0,0,1.0
VND_ALPHA,BEARING_01,2023-12-09,2023-12-09,2311,2207,12,1,11,0.8,0.8452,1.221,0.9746,1.72,2.38,-0.358,1.423,0,0,0.9549978364344439
VND_EPSILON,MOTOR_X,2021-05-05,2021-05-06,4763,4584,5,0,14,0.95,0.7023,1.026,0.9538,5.37,6.65,-0.289,2.054,1,1,0.9624186437119463
VND_ZETA,MOTOR_X,2023-02-04,2023-02-03,982,915,2,0,14,0.95,1.0,0.513,1.0,0.68,0.31,-0.17,0.259,0,-1,0.9317718940936863
VND_ALPHA,CASING_B,2023-12-20,2023-12-21,303,303,12,1,7,0.6,0.7886,1.131,0.921,1.72,2.38,-0.358,1.423,0,1,1.0
VND_GAMMA,MOTOR_X,2023-02-27,2023-02-27,2708,2596,2,0,14,0.95,0.9192,0.75,1.0,0.13,0.0,-0.083,0.079,0,0,0.9586410635155096
VND_EPSILON,MOTOR_X,2023-02-07,2023-02-07,7239,7141,2,0,14,0.95,0.7146,1.07,0.9694,3.97,2.95,-0.443,1.143,0,0,0.9864622185384722
VND_BETA,BATTERY_A,2022-01-22,2022-01-23,5414,5091,1,1,10,0.9,0.6344,2.628,0.9483,8.49,4.94,-0.843,2.646,1,1,0.9403398596231991
VND_BETA,BEARING_01,2022-03-24,2022-03-28,3028,2560,3,0,11,0.8,0.4977,3.402,0.8852,7.31,4.89,-0.841,3.19,0,4,0.845442536327609
VND_ZETA,BATTERY_A,2021-11-13,2021-11-14,5112,4981,11,1,10,0.9,0.9231,0.307,0.9447,1.99,2.8,0.448,0.025,0,1,0.9743740219092332
VND_EPSILON,CABLE_R,2021-12-29,2021-12-29,7502,7502,12,1,8,0.7,0.6839,1.601,0.9395,2.82,4.49,-0.659,1.941,0,0,1.0
VND_ZETA,BEARING_01,2021-12-30,2021-12-30,4356,4293,12,1,11,0.8,0.969,0.159,0.9448,4.01,0.19,-0.074,0.755,0,0,0.9855371900826446
VND_DELTA,CASING_B,2021-03-04,2021-03-07,5296,3870,3,0,7,0.6,0.3297,3.627,0.7647,9.67,7.03,-1.0,3.314,0,3,0.7307401812688822
VND_EPSILON,MOTOR_X,2021-09-04,2021-09-07,6812,6464,9,0,14,0.95,0.7594,1.976,0.926,4.38,3.89,-0.441,1.169,0,3,0.9489136817381092
VND_GAMMA,BLADE_X,2021-08-09,2021-08-09,3059,2801,8,0,12,0.85,0.9373,0.963,0.9783,2.14,2.59,-0.277,0.173,1,0,0.9156587119973848
VND_EPSILON,CASING_B,2023-11-28,2023-12-01,1571,1159,11,1,7,0.6,0.7128,1.863,0.9169,4.9,3.65,0.183,1.854,1,3,0.7377466581795035
VND_DELTA,BATTERY_A,2022-01-31,2022-02-03,5143,3748,1,1,10,0.9,0.3427,4.977,0.7664,10.0,9.08,-1.0,3.072,1,3,0.7287575345129302
VND_EPSILON,CASING_B,2022-11-22,2022-11-25,7882,7245,11,1,7,0.6,0.7191,1.393,0.9304,4.9,3.65,0.183,1.854,0,3,0.9191829484902309
VND_ZETA,BEARING_01,2023-03-08,2023-03-09,6623,6623,3,0,11,0.8,0.9274,0.488,0.9859,3.65,1.04,-0.406,0.887,0,1,1.0
VND_ALPHA,BEARING_01,2021-05-15,2021-05-16,2971,2971,5,0,11,0.8,0.8763,1.233,0.9376,2.19,1.91,-0.492,0.435,0,1,1.0
VND_GAMMA,SCREW_M4,2021-10-17,2021-10-17,2161,1913,10,0,5,0.4,0.9692,0.117,0.9667,0.49,0.87,-0.256,1.02,0,0,0.8852383155946321
VND_BETA,BEARING_01,2023-04-08,2023-04-08,540,516,4,0,11,0.8,0.5651,2.516,0.8982,7.67,5.01,-1.0,2.322,1,0,0.9555555555555556
VND_ALPHA,CABLE_R,2023-09-11,2023-09-11,6842,6166,9,0,8,0.7,0.7937,1.061,0.9646,3.19,0.54,0.027,0.512,0,0,0.9011984799766151
VND_EPSILON,BATTERY_A,2021-07-06,2021-07-06,5635,5510,7,0,10,0.9,0.7933,0.996,0.9407,4.08,2.56,-0.606,1.633,1,0,0.9778172138420586
VND_EPSILON,CABLE_R,2023-12-26,2023-12-29,4473,4473,12,1,8,0.7,0.7213,1.517,0.9537,2.82,4.49,-0.659,1.941,1,3,1.0
VND_EPSILON,SWITCH_S,2022-02-16,2022-02-17,2514,2514,2,0,6,0.65,0.7637,0.492,0.9299,3.97,2.95,-0.443,1.143,0,1,1.0
VND_BETA,CABLE_R,2023-07-07,2023-07-08,6454,6049,7,0,8,0.7,0.5476,2.918,0.8976,8.11,6.76,-1.0,3.129,1,1,0.937248218159281
VND_GAMMA,SCREW_M4,2023-05-24,2023-05-24,3511,3044,5,0,5,0.4,0.9508,0.289,1.0,1.61,2.86,-0.038,0.521,0,0,0.8669894616918257
VND_DELTA,SWITCH_S,2021-06-18,2021-06-18,4217,4134,6,0,6,0.65,0.318,4.266,0.7884,10.0,7.21,-1.0,4.359,1,0,0.9803177614417833
VND_DELTA,MOTOR_X,2021-08-02,2021-08-02,2833,2284,8,0,14,0.95,0.3357,4.542,0.8313,10.0,7.14,-1.0,3.931,1,0,0.8062124955877162
VND_EPSILON,BEARING_01,2023-03-08,2023-03-08,2705,2603,3,0,11,0.8,0.6907,1.149,0.8589,5.21,3.36,-0.135,2.022,1,0,0.9622920517560074
VND_GAMMA,BEARING_01,2021-04-23,2021-04-23,4521,4306,4,0,11,0.8,0.9382,0.453,1.0,1.81,0.33,-0.556,0.389,0,0,0.9524441495244415
VND_BETA,MOTOR_X,2021-07-02,2021-07-02,2715,2261,7,0,14,0.95,0.5704,2.453,0.8697,8.11,6.76,-1.0,3.129,1,0,0.8327808471454881
VND_ZETA,CASING_B,2022-10-05,2022-10-06,6255,5511,10,0,7,0.6,0.9519,0.368,0.9632,2.08,0.04,-0.007,0.366,0,1,0.8810551558752998
VND_EPSILON,MOTOR_X,2021-02-27,2021-02-28,586,502,2,0,14,0.95,0.7459,1.381,0.926,3.97,2.95,-0.443,1.143,0,1,0.856655290102389
VND_DELTA,BLADE_X,2022-01-21,2022-01-21,3081,2086,1,1,12,0.85,0.4455,4.599,0.7764,10.0,9.08,-1.0,3.072,1,0,0.6770529049010061
VND_ZETA,MOTOR_X,2023-06-08,2023-06-08,6250,6250,6,0,14,0.95,0.8754,0.435,0.9964,0.95,0.58,-1.0,0.11,0,0,1.0
VND_EPSILON,CASING_B,2023-01-30,2023-01-28,5779,5584,1,1,7,0.6,0.6736,1.462,0.8942,5.06,3.05,-0.408,1.754,1,-2,0.9662571379131337
VND_BETA,MOTOR_X,2021-07-22,2021-07-24,3945,3212,7,0,14,0.95,0.5567,2.904,0.9061,8.11,6.76,-1.0,3.129,1,2,0.8141951837769328
VND_BETA,CASING_B,2022-10-18,2022-10-21,797,669,10,0,7,0.6,0.5804,2.706,0.9015,7.34,4.7,-0.665,2.932,0,3,0.8393977415307403
VND_DELTA,SCREW_M4,2022-02-28,2022-03-01,4878,3654,2,0,5,0.4,0.3655,4.474,0.7129,10.0,7.1,-1.0,3.739,1,1,0.7490774907749077
VND_ALPHA,MOTOR_X,2023-02-21,2023-02-19,1887,1778,2,0,14,0.95,0.8213,0.907,0.9701,2.97,1.37,0.254,1.307,0,-2,0.9422363540010599
VND_GAMMA,BATTERY_A,2021-01-10,2021-01-10,7608,7608,1,1,10,0.9,1.0,-0.277,1.0,1.85,2.16,0.022,0.306,0,0,1.0
VND_ZETA,SCREW_M4,2022-11-09,2022-11-10,1650,1444,11,1,5,0.4,0.9103,0.841,1.0,1.99,2.8,0.448,0.025,0,1,0.8751515151515151
VND_BETA,SWITCH_S,2023-02-01,2023-02-08,7716,7586,2,0,6,0.65,0.5682,2.421,0.9333,7.47,5.81,-0.631,3.173,1,7,0.9831518921721099
VND_ALPHA,SWITCH_S,2021-11-16,2021-11-16,1360,1339,11,1,6,0.65,0.7637,0.713,0.9564,3.94,3.27,-0.255,0.88,0,0,0.9845588235294118
VND_EPSILON,SCREW_M4,2022-06-13,2022-06-11,7424,5888,6,0,5,0.4,0.7425,1.894,0.9413,5.8,3.45,-0.555,1.904,0,-2,0.7931034482758621
VND_ZETA,SWITCH_S,2022-09-27,2022-09-30,1878,1859,9,0,6,0.65,0.8507,0.781,0.973,3.04,0.65,-0.322,0.705,0,3,0.9898828541001065
VND_DELTA,BLADE_X,2021-01-21,2021-01-27,3606,2650,1,1,12,0.85,0.3811,5.366,0.7732,10.0,9.08,-1.0,3.072,1,6,0.7348863006100943
VND_DELTA,SWITCH_S,2022-07-24,2022-07-23,7102,6257,7,0,6,0.65,0.398,3.881,0.7717,10.0,6.05,-1.0,3.274,1,-1,0.881019431146156
VND_DELTA,SCREW_M4,2022-06-04,2022-06-12,5116,3378,6,0,5,0.4,0.3166,4.901,0.7388,10.0,7.21,-1.0,4.359,1,8,0.6602814698983581
VND_ZETA,MOTOR_X,2023-03-21,2023-03-21,542,475,3,0,14,0.95,0.9478,0.664,1.0,3.65,1.04,-0.406,0.887,0,0,0.8763837638376384
VND_BETA,BEARING_01,2022-04-02,2022-04-04,777,755,4,0,11,0.8,0.6167,3.341,0.9118,7.67,5.01,-1.0,2.322,0,2,0.9716859716859717
VND_ALPHA,BATTERY_A,2021-11-22,2021-11-24,7590,6455,11,1,10,0.9,0.8453,1.046,0.9979,3.94,3.27,-0.255,0.88,0,2,0.8504611330698287
VND_ALPHA,BEARING_01,2022-01-11,2022-01-13,4598,4144,1,1,11,0.8,0.8243,0.648,0.9552,3.7,2.96,-0.026,1.609,1,2,0.9012614180078294
VND_BETA,CABLE_R,2022-06-10,2022-06-12,5777,5317,6,0,8,0.7,0.5327,2.849,0.8344,8.51,4.55,-0.832,3.415,1,2,0.9203738964860654
VND_GAMMA,SWITCH_S,2022-08-10,2022-08-10,2532,2307,8,0,6,0.65,0.964,0.46,1.0,2.14,2.59,-0.277,0.173,0,0,0.9111374407582938
VND_ALPHA,BLADE_X,2021-09-02,2021-09-02,3435,3435,9,0,12,0.85,0.8697,0.62,0.9824,3.19,0.54,0.027,0.512,0,0,1.0
VND_ALPHA,SCREW_M4,2023-10-17,2023-10-18,1844,1589,10,0,5,0.4,0.7741,0.092,0.9183,3.41,0.0,-0.618,1.079,0,1,0.8617136659436009
VND_EPSILON,CASING_B,2021-03-15,2021-03-17,4041,2837,3,0,7,0.6,0.7307,1.202,0.9721,5.21,3.36,-0.135,2.022,0,2,0.7020539470428112
VND_ALPHA,BEARING_01,2021-08-17,2021-08-23,2073,1976,8,0,11,0.8,0.8197,0.766,0.9538,2.6,1.31,-0.401,1.741,0,6,0.9532079112397491
VND_DELTA,MOTOR_X,2022-01-13,2022-01-25,884,810,1,1,14,0.95,0.4146,4.265,0.7903,10.0,9.08,-1.0,3.072,1,12,0.916289592760181
VND_BETA,BATTERY_A,2023-06-12,2023-06-15,5240,5240,6,0,10,0.9,0.6369,2.292,0.8709,8.51,4.55,-0.832,3.415,1,3,1.0
VND_DELTA,CABLE_R,2021-10-20,2021-10-21,3821,3048,10,0,8,0.7,0.31,4.816,0.7384,10.0,5.94,-1.0,3.793,1,1,0.7976969379743523
VND_ZETA,MOTOR_X,2023-10-29,2023-10-27,6481,6481,10,0,14,0.95,0.9584,0.621,0.9733,2.08,0.04,-0.007,0.366,1,-2,1.0
VND_BETA,SCREW_M4,2022-10-14,2022-10-21,558,415,10,0,5,0.4,0.5118,2.447,0.908,7.34,4.7,-0.665,2.932,1,7,0.7437275985663082
VND_BETA,MOTOR_X,2022-12-01,2022-12-08,7240,6589,12,1,14,0.95,0.5793,3.365,0.8483,7.45,6.37,-1.0,2.215,1,7,0.9100828729281768
VND_BETA,BLADE_X,2022-12-19,2022-12-19,3984,3463,12,1,12,0.85,0.5456,2.674,0.8915,7.45,6.37,-1.0,2.215,1,0,0.8692269076305221
VND_ZETA,SCREW_M4,2021-04-26,2021-04-25,3405,3314,4,0,5,0.4,0.8438,0.557,0.9911,4.0,1.67,-0.484,0.326,0,-1,0.9732745961820851
VND_BETA,SWITCH_S,2022-08-21,2022-08-25,4341,3455,8,0,6,0.65,0.5189,2.524,0.9379,8.24,4.9,-0.912,2.005,1,4,0.7958995623128311
VND_BETA,BATTERY_A,2022-01-12,2022-01-16,5338,4838,1,1,10,0.9,0.5913,3.263,0.8728,8.49,4.94,-0.843,2.646,1,4,0.9063319595354066
VND_GAMMA,SCREW_M4,2023-06-18,2023-06-17,407,407,6,0,5,0.4,0.9358,-0.229,0.9614,1.52,0.0,0.363,0.701,0,-1,1.0
VND_ALPHA,BEARING_01,2022-05-19,2022-05-18,5128,5120,5,0,11,0.8,0.8011,0.975,0.9249,2.19,1.91,-0.492,0.435,0,-1,0.9984399375975039
VND_EPSILON,BLADE_X,2021-11-26,2021-11-24,1374,1248,11,1,12,0.85,0.7777,1.466,0.9759,4.9,3.65,0.183,1.854,0,-2,0.9082969432314411
VND_ALPHA,CABLE_R,2021-08-17,2021-08-18,5809,5809,8,0,8,0.7,0.8017,1.597,1.0,2.6,1.31,-0.401,1.741,0,1,1.0
VND_DELTA,BATTERY_A,2023-11-27,2023-12-04,4576,3795,11,1,10,0.9,0.3733,3.915,0.7712,10.0,9.01,-1.0,3.571,1,7,0.8293269230769231
VND_EPSILON,MOTOR_X,2021-12-14,2021-12-16,6131,5997,12,1,14,0.95,0.7714,0.968,0.8993,2.82,4.49,-0.659,1.941,1,2,0.9781438590768227
VND_GAMMA,CABLE_R,2021-03-20,2021-03-21,1375,1323,3,0,8,0.7,0.9189,0.732,0.9885,1.39,0.8,0.586,0.47,0,1,0.9621818181818181
VND_ZETA,BATTERY_A,2022-04-24,2022-04-27,248,248,4,0,10,0.9,0.9221,-0.148,0.9528,4.0,1.67,-0.484,0.326,0,3,1.0
VND_ALPHA,SWITCH_S,2021-04-30,2021-05-01,6865,5706,4,0,6,0.65,0.8323,0.864,0.9748,3.44,0.0,-0.737,0.775,0,1,0.8311726147123089
VND_EPSILON,SWITCH_S,2021-09-03,2021-09-02,7220,6690,9,0,6,0.65,0.7458,1.715,0.9493,4.38,3.89,-0.441,1.169,1,-1,0.9265927977839336
VND_ZETA,SCREW_M4,2021-03-14,2021-03-13,4817,4817,3,0,5,0.4,0.873,-0.148,1.0,3.65,1.04,-0.406,0.887,0,-1,1.0
VND_ALPHA,BATTERY_A,2023-09-03,2023-09-06,7877,7792,9,0,10,0.9,0.8247,0.73,0.9641,3.19,0.54,0.027,0.512,0,3,0.9892090897549829
VND_GAMMA,SWITCH_S,2023-03-04,2023-03-04,3883,3883,3,0,6,0.65,0.9073,-0.138,1.0,1.39,0.8,0.586,0.47,0,0,1.0
VND_ZETA,SCREW_M4,2023-10-02,2023-10-02,5218,4875,10,0,5,0.4,0.9718,0.051,0.9693,2.08,0.04,-0.007,0.366,0,0,0.9342660022997317
VND_GAMMA,BLADE_X,2023-07-21,2023-07-21,4125,4125,7,0,12,0.85,0.9175,0.037,0.9714,2.34,0.0,0.441,0.0,0,0,1.0
VND_DELTA,CASING_B,2023-01-08,2023-01-13,2033,1519,1,1,7,0.6,0.4226,5.133,0.8075,10.0,9.08,-1.0,3.072,1,5,0.7471716674864732
VND_GAMMA,CASING_B,2021-12-24,2021-12-26,3382,3382,12,1,7,0.6,1.0,0.67,0.9506,1.78,3.21,-0.462,0.474,0,2,1.0
VND_BETA,BLADE_X,2023-01-24,2023-01-24,6262,4362,1,1,12,0.85,0.5791,1.874,0.9098,8.49,4.94,-0.843,2.646,1,0,0.6965825614819546
VND_DELTA,MOTOR_X,2022-09-07,2022-09-11,1379,971,9,0,14,0.95,0.3041,4.994,0.8101,10.0,8.25,-1.0,4.688,1,4,0.7041334300217549
VND_DELTA,MOTOR_X,2023-04-21,2023-04-24,6021,5273,4,0,14,0.95,0.4066,4.711,0.8408,10.0,7.27,-1.0,3.863,0,3,0.8757681448264408
VND_DELTA,SCREW_M4,2021-09-14,2021-09-15,7082,5154,9,0,5,0.4,0.4124,3.899,0.8032,10.0,8.25,-1.0,4.688,1,1,0.727760519627224
VND_BETA,CABLE_R,2023-04-12,2023-04-14,3649,3087,4,0,8,0.7,0.5435,2.773,0.829,7.67,5.01,-1.0,2.322,0,2,0.845985201425048
VND_DELTA,SWITCH_S,2023-07-16,2023-07-26,3836,2527,7,0,6,0.65,0.3569,4.463,0.7474,10.0,6.05,-1.0,3.274,0,10,0.6587591240875912
VND_DELTA,SWITCH_S,2023-01-15,2023-01-20,2967,2112,1,1,6,0.65,0.4348,4.17,0.7789,10.0,9.08,-1.0,3.072,1,5,0.7118301314459049
VND_ZETA,CABLE_R,2023-03-28,2023-03-29,1290,1290,3,0,8,0.7,0.8905,0.04,0.9953,3.65,1.04,-0.406,0.887,1,1,1.0
VND_BETA,SCREW_M4,2022-03-21,2022-03-23,6037,5962,3,0,5,0.4,0.5255,2.73,0.8893,7.31,4.89,-0.841,3.19,0,2,0.9875766108994534
VND_EPSILON,SCREW_M4,2022-02-03,2022-02-03,7966,6523,2,0,5,0.4,0.7313,0.931,0.933,3.97,2.95,-0.443,1.143,0,0,0.8188551343208637
VND_DELTA,CABLE_R,2023-04-17,2023-04-25,3270,2633,4,0,8,0.7,0.3166,5.162,0.8237,10.0,7.27,-1.0,3.863,1,8,0.8051987767584098
VND_BETA,BLADE_X,2023-03-16,2023-03-19,1357,1218,3,0,12,0.85,0.6226,2.835,0.8871,7.31,4.89,-0.841,3.19,0,3,0.8975681650700074
VND_ALPHA,BEARING_01,2023-07-16,2023-07-18,2660,2328,7,0,11,0.8,0.8555,1.461,0.9683,2.66,1.71,-0.565,1.15,0,2,0.8751879699248121
VND_ALPHA,SWITCH_S,2022-02-13,2022-02-14,1979,1979,2,0,6,0.65,0.8955,0.529,0.9941,2.97,1.37,0.254,1.307,0,1,1.0
VND_EPSILON,CABLE_R,2021-11-17,2021-11-18,5603,5222,11,1,8,0.7,0.7675,1.68,0.9099,4.9,3.65,0.183,1.854,0,1,0.9320007139032661
VND_EPSILON,SWITCH_S,2023-06-04,2023-06-06,1677,1677,6,0,6,0.65,0.7479,2.49,0.9267,5.8,3.45,-0.555,1.904,0,2,1.0
VND_ALPHA,BEARING_01,2022-02-27,2022-02-27,3361,3361,2,0,11,0.8,0.8446,1.062,0.9605,2.97,1.37,0.254,1.307,0,0,1.0
VND_GAMMA,CASING_B,2021-11-16,2021-11-16,5453,5218,11,1,7,0.6,0.9957,0.843,0.9877,0.77,1.58,0.264,0.0,0,0,0.9569044562626078
VND_EPSILON,SWITCH_S,2022-02-10,2022-02-10,1434,1434,2,0,6,0.65,0.7269,1.726,0.9588,3.97,2.95,-0.443,1.143,0,0,1.0
VND_GAMMA,SWITCH_S,2023-08-18,2023-08-17,2212,2113,8,0,6,0.65,0.9289,0.535,0.9948,2.14,2.59,-0.277,0.173,0,-1,0.955244122965642
VND_DELTA,CASING_B,2022-10-10,2022-10-17,5200,3661,10,0,7,0.6,0.3454,5.284,0.7552,10.0,5.94,-1.0,3.793,1,7,0.7040384615384615
VND_ZETA,MOTOR_X,2021-07-18,2021-07-18,6646,6646,7,0,14,0.95,0.9997,0.605,0.9581,1.63,0.0,0.462,0.0,0,0,1.0
VND_ALPHA,BATTERY_A,2021-02-13,2021-02-15,271,255,2,0,10,0.9,0.7934,1.968,0.9587,2.97,1.37,0.254,1.307,1,2,0.940959409594096
VND_GAMMA,MOTOR_X,2021-07-04,2021-07-05,2766,2555,7,0,14,0.95,0.8898,0.367,1.0,2.34,0.0,0.441,0.0,0,1,0.9237165582067968
VND_BETA,CABLE_R,2021-11-05,2021-11-08,1944,1597,11,1,8,0.7,0.5504,3.21,0.8344,7.62,7.21,-0.911,3.187,1,3,0.8215020576131687
VND_ALPHA,BLADE_X,2023-01-14,2023-01-14,5305,5305,1,1,12,0.85,0.8092,1.223,0.955,3.7,2.96,-0.026,1.609,1,0,1.0
VND_EPSILON,CABLE_R,2023-07-04,2023-07-08,4091,3820,7,0,8,0.7,0.7313,1.76,0.8969,4.08,2.56,-0.606,1.633,1,4,0.9337570276216084
VND_ZETA,CABLE_R,2021-12-25,2021-12-25,2573,2573,12,1,8,0.7,0.9649,0.225,0.9386,4.01,0.19,-0.074,0.755,0,0,1.0
VND_ALPHA,BLADE_X,2021-11-24,2021-11-24,7579,6776,11,1,12,0.85,0.871,0.61,0.9769,3.94,3.27,-0.255,0.88,0,0,0.8940493468795355
VND_BETA,CASING_B,2023-05-01,2023-05-01,1170,964,5,0,7,0.6,0.5647,3.109,0.8515,8.96,6.56,-0.962,3.201,1,0,0.8239316239316239
VND_BETA,SWITCH_S,2023-08-20,2023-08-20,5933,5414,8,0,6,0.65,0.4649,3.184,0.8481,8.24,4.9,-0.912,2.005,1,0,0.9125231754592955
VND_ZETA,BLADE_X,2022-05-26,2022-05-26,1128,1088,5,0,12,0.85,0.9044,-0.198,0.939,3.15,0.0,0.105,0.83,0,0,0.9645390070921985
VND_DELTA,CASING_B,2021-07-18,2021-07-20,6390,5348,7,0,7,0.6,0.3635,4.797,0.8029,10.0,6.05,-1.0,3.274,1,2,0.8369327073552426
VND_BETA,MOTOR_X,2023-02-20,2023-02-19,4073,3605,2,0,14,0.95,0.5413,2.58,0.8591,7.47,5.81,-0.631,3.173,1,-1,0.8850969801129389
VND_DELTA,SWITCH_S,2021-12-16,2021-12-21,6484,4556,12,1,6,0.65,0.3255,4.129,0.7622,9.5,6.79,-1.0,3.943,1,5,0.702652683528686
VND_EPSILON,MOTOR_X,2023-01-13,2023-01-14,7826,7203,1,1,14,0.95,0.7091,1.415,0.9044,5.06,3.05,-0.408,1.754,0,1,0.9203935599284436
VND_EPSILON,BEARING_01,2022-01-08,2022-01-12,3864,3481,1,1,11,0.8,0.7121,0.935,0.9503,5.06,3.05,-0.408,1.754,0,4,0.900879917184265
VND_DELTA,MOTOR_X,2022-12-06,2022-12-09,7454,6003,12,1,14,0.95,0.4622,4.15,0.7818,9.5,6.79,-1.0,3.943,1,3,0.8053394150791522
VND_ALPHA,CABLE_R,2023-01-28,2023-01-29,764,690,1,1,8,0.7,0.869,0.656,0.944,3.7,2.96,-0.026,1.609,0,1,0.9031413612565445
VND_BETA,CASING_B,2022-09-07,2022-09-08,5749,5619,9,0,7,0.6,0.5539,3.157,0.9241,7.93,5.56,-0.497,2.593,1,1,0.9773873717168203
VND_BETA,SWITCH_S,2021-08-16,2021-08-18,7859,6409,8,0,6,0.65,0.5812,3.083,0.8333,8.24,4.9,-0.912,2.005,0,2,0.8154981549815498
VND_ZETA,SCREW_M4,2022-10-19,2022-10-21,2594,2594,10,0,5,0.4,0.9008,0.736,0.9708,2.08,0.04,-0.007,0.366,0,2,1.0
VND_GAMMA,BATTERY_A,2023-10-11,2023-10-12,330,290,10,0,10,0.9,0.9204,-0.002,0.9618,0.49,0.87,-0.256,1.02,0,1,0.8787878787878788
VND_BETA,SWITCH_S,2023-01-18,2023-01-23,7173,7173,1,1,6,0.65,0.4968,3.305,0.8657,8.49,4.94,-0.843,2.646,1,5,1.0
VND_BETA,BLADE_X,2023-11-18,2023-11-22,2495,2243,11,1,12,0.85,0.4793,3.225,0.8607,7.62,7.21,-0.911,3.187,0,4,0.8989979959919839
VND_DELTA,MOTOR_X,2022-10-15,2022-10-16,7620,6235,10,0,14,0.95,0.3956,4.416,0.7902,10.0,5.94,-1.0,3.793,1,1,0.818241469816273
VND_ALPHA,CASING_B,2022-05-05,2022-05-05,5938,5938,5,0,7,0.6,0.8123,0.955,0.9642,2.19,1.91,-0.492,0.435,0,0,1.0
VND_GAMMA,BLADE_X,2023-07-09,2023-07-09,3746,3746,7,0,12,0.85,0.962,0.427,0.9887,2.34,0.0,0.441,0.0,0,0,1.0
VND_ALPHA,CABLE_R,2022-07-13,2022-07-15,6343,5463,7,0,8,0.7,0.7662,1.243,0.9839,2.66,1.71,-0.565,1.15,0,2,0.8612643859372536
VND_ZETA,BEARING_01,2021-06-14,2021-06-15,2927,2546,6,0,11,0.8,0.9311,0.319,0.9651,0.95,0.58,-1.0,0.11,0,1,0.869832593098736
VND_BETA,MOTOR_X,2021-01-22,2021-01-25,6218,5265,1,1,14,0.95,0.4936,2.607,0.9002,8.49,4.94,-0.843,2.646,0,3,0.8467352846574461
VND_GAMMA,MOTOR_X,2023-02-19,2023-02-18,1835,1562,2,0,14,0.95,0.9645,-0.004,1.0,0.13,0.0,-0.083,0.079,0,-1,0.8512261580381472
VND_DELTA,BEARING_01,2023-03-07,2023-03-07,494,425,3,0,11,0.8,0.3671,4.225,0.7843,9.67,7.03,-1.0,3.314,1,0,0.8603238866396761
VND_ZETA,BLADE_X,2023-02-08,2023-02-08,2949,2949,2,0,12,0.85,0.8625,0.304,1.0,0.68,0.31,-0.17,0.259,0,0,1.0
VND_EPSILON,CABLE_R,2023-05-20,2023-05-21,3535,3173,5,0,8,0.7,0.706,1.478,0.9219,5.37,6.65,-0.289,2.054,0,1,0.8975954738330976
VND_BETA,CABLE_R,2022-12-11,2022-12-13,6091,6091,12,1,8,0.7,0.6166,3.092,0.8697,7.45,6.37,-1.0,2.215,1,2,1.0
VND_EPSILON,BLADE_X,2022-01-31,2022-02-04,4204,3693,1,1,12,0.85,0.6586,1.171,0.973,5.06,3.05,-0.408,1.754,1,4,0.8784490960989534
VND_GAMMA,BLADE_X,2021-06-20,2021-06-19,7682,7682,6,0,12,0.85,0.9466,0.541,1.0,1.52,0.0,0.363,0.701,0,-1,1.0
VND_ZETA,BEARING_01,2021-06-23,2021-06-23,6798,5773,6,0,11,0.8,0.9249,0.114,1.0,0.95,0.58,-1.0,0.11,0,0,0.8492203589290968
VND_EPSILON,CABLE_R,2021-08-21,2021-08-21,388,368,8,0,8,0.7,0.7331,1.612,0.9048,7.16,0.93,-0.254,0.955,0,0,0.9484536082474226
VND_ALPHA,CASING_B,2022-05-13,2022-05-13,809,692,5,0,7,0.6,0.7701,0.58,0.9727,2.19,1.91,-0.492,0.435,0,0,0.8553770086526576
VND_GAMMA,CASING_B,2021-05-14,2021-05-15,1461,1461,5,0,7,0.6,0.9662,0.326,1.0,1.61,2.86,-0.038,0.521,0,1,1.0
VND_ALPHA,SCREW_M4,2021-06-04,2021-06-05,279,272,6,0,5,0.4,0.8042,1.329,0.9184,4.67,1.37,-0.2,0.43,1,1,0.974910394265233
VND_ZETA,MOTOR_X,2022-11-30,2022-12-02,7328,6913,11,1,14,0.95,0.8508,0.254,0.9312,1.99,2.8,0.448,0.025,0,2,0.943367903930131
VND_BETA,BATTERY_A,2023-08-02,2023-08-05,5369,5224,8,0,10,0.9,0.5267,2.83,0.8837,8.24,4.9,-0.912,2.005,1,3,0.9729931085863289
VND_ZETA,CABLE_R,2021-08-05,2021-08-04,5218,5119,8,0,8,0.7,0.9532,0.994,1.0,1.44,0.77,0.404,0.0,0,-1,0.9810272134917593
VND_ALPHA,BATTERY_A,2021-10-12,2021-10-14,1834,1834,10,0,10,0.9,0.8289,1.088,0.9726,3.41,0.0,-0.618,1.079,0,2,1.0
VND_BETA,BATTERY_A,2021-07-07,2021-07-10,6083,5807,7,0,10,0.9,0.5117,2.568,0.8559,8.11,6.76,-1.0,3.129,1,3,0.9546276508301825
VND_ALPHA,BATTERY_A,2023-06-06,2023-06-08,6684,6170,6,0,10,0.9,0.7212,1.23,0.93,4.67,1.37,-0.2,0.43,0,2,0.9230999401555955
VND_BETA,SCREW_M4,2021-04-13,2021-04-13,6073,5439,4,0,5,0.4,0.5324,2.3,0.8402,7.67,5.01,-1.0,2.322,0,0,0.8956034908611888
VND_DELTA,BATTERY_A,2022-10-19,2022-10-19,5323,4361,10,0,10,0.9,0.4067,4.87,0.7536,10.0,5.94,-1.0,3.793,1,0,0.8192748450122112
VND_DELTA,SCREW_M4,2022-02-09,2022-02-12,6001,4819,2,0,5,0.4,0.3714,4.657,0.7698,10.0,7.1,-1.0,3.739,0,3,0.803032827862023
VND_EPSILON,BEARING_01,2022-01-17,2022-01-20,4043,3712,1,1,11,0.8,0.7436,2.154,0.9118,5.06,3.05,-0.408,1.754,0,3,0.9181301014098442
VND_ZETA,BLADE_X,2021-05-06,2021-05-06,3825,3779,5,0,12,0.85,0.8879,0.426,0.9493,3.15,0.0,0.105,0.83,0,0,0.9879738562091503
VND_EPSILON,CASING_B,2021-01-13,2021-01-13,851,831,1,1,7,0.6,0.7089,1.498,0.9737,5.06,3.05,-0.408,1.754,0,0,0.9764982373678026
VND_BETA,CASING_B,2022-06-24,2022-06-26,1378,1026,6,0,7,0.6,0.5506,2.7,0.8953,8.51,4.55,-0.832,3.415,0,2,0.7445573294629898
VND_ZETA,SCREW_M4,2021-09-11,2021-09-11,5957,5957,9,0,5,0.4,0.9431,0.669,0.9701,3.04,0.65,-0.322,0.705,1,0,1.0
VND_BETA,BATTERY_A,2022-01-19,2022-01-18,7151,6252,1,1,10,0.9,0.4795,2.435,0.8957,8.49,4.94,-0.843,2.646,1,-1,0.8742833170185988
VND_BETA,CABLE_R,2021-11-29,2021-11-29,3433,2746,11,1,8,0.7,0.5466,2.589,0.8944,7.62,7.21,-0.911,3.187,1,0,0.7998834838333819
VND_EPSILON,BLADE_X,2023-04-25,2023-04-24,4350,4350,4,0,12,0.85,0.7231,1.29,0.947,3.47,1.86,-0.305,1.806,0,-1,1.0
VND_BETA,BLADE_X,2023-05-24,2023-05-30,2255,2083,5,0,12,0.85,0.5035,2.923,0.9044,8.96,6.56,-0.962,3.201,0,6,0.9237250554323725
VND_ZETA,CABLE_R,2022-05-09,2022-05-11,4546,4526,5,0,8,0.7,0.9389,0.529,0.9757,3.15,0.0,0.105,0.83,0,2,0.9956005279366476
VND_ZETA,MOTOR_X,2022-05-31,2022-06-01,2505,2505,5,0,14,0.95,0.9425,0.442,0.9708,3.15,0.0,0.105,0.83,0,1,1.0
VND_ALPHA,CASING_B,2021-05-07,2021-05-08,714,621,5,0,7,0.6,0.798,1.337,1.0,2.19,1.91,-0.492,0.435,0,1,0.8697478991596639
VND_GAMMA,BEARING_01,2021-05-04,2021-05-02,5277,5096,5,0,11,0.8,0.9315,0.628,0.9642,1.61,2.86,-0.038,0.521,0,-2,0.9657002084517718
VND_ALPHA,SWITCH_S,2023-07-03,2023-07-01,298,281,7,0,6,0.65,0.8385,1.312,0.9696,2.66,1.71,-0.565,1.15,1,-2,0.9429530201342282
VND_GAMMA,BATTERY_A,2023-01-11,2023-01-13,5918,5918,1,1,10,0.9,0.9722,0.359,0.9783,1.85,2.16,0.022,0.306,0,2,1.0
VND_EPSILON,BATTERY_A,2022-06-22,2022-06-23,6156,5918,6,0,10,0.9,0.7175,1.735,0.9419,5.8,3.45,-0.555,1.904,0,1,0.9613385315139701
VND_DELTA,CABLE_R,2023-01-04,2023-01-06,6280,4997,1,1,8,0.7,0.3536,4.936,0.7757,10.0,9.08,-1.0,3.072,1,2,0.7957006369426751
VND_GAMMA,BEARING_01,2023-10-21,2023-10-20,2659,2659,10,0,11,0.8,0.9742,0.28,0.9851,0.49,0.87,-0.256,1.02,0,-1,1.0
VND_GAMMA,BEARING_01,2022-01-25,2022-01-25,2068,1738,1,1,11,0.8,0.929,-0.087,0.9668,1.85,2.16,0.022,0.306,0,0,0.8404255319148937
VND_ALPHA,CASING_B,2022-12-24,2022-12-25,3556,3556,12,1,7,0.6,0.7956,0.451,0.9688,1.72,2.38,-0.358,1.423,0,1,1.0
VND_DELTA,BEARING_01,2022-10-27,2022-10-31,7764,5632,10,0,11,0.8,0.4079,3.862,0.797,10.0,5.94,-1.0,3.793,1,4,0.7253992787223081
VND_DELTA,SWITCH_S,2023-08-10,2023-08-12,3904,3251,8,0,6,0.65,0.414,4.312,0.809,10.0,7.14,-1.0,3.931,1,2,0.8327356557377049
VND_BETA,CASING_B,2023-03-01,2023-03-03,3637,2832,3,0,7,0.6,0.5359,2.783,0.8865,7.31,4.89,-0.841,3.19,0,2,0.7786637338465768
VND_BETA,MOTOR_X,2022-10-11,2022-10-11,3324,2264,10,0,14,0.95,0.5342,2.962,0.8591,7.34,4.7,-0.665,2.932,0,0,0.681107099879663
VND_DELTA,CASING_B,2023-01-19,2023-01-21,314,201,1,1,7,0.6,0.3275,4.767,0.729,10.0,9.08,-1.0,3.072,1,2,0.6401273885350318
VND_ZETA,SWITCH_S,2021-12-20,2021-12-20,1437,1326,12,1,6,0.65,0.9312,0.185,0.9542,4.01,0.19,-0.074,0.755,0,0,0.9227557411273486
VND_BETA,CASING_B,2021-07-14,2021-07-14,334,299,7,0,7,0.6,0.5658,2.874,0.8951,8.11,6.76,-1.0,3.129,1,0,0.8952095808383234
VND_DELTA,SWITCH_S,2021-11-03,2021-11-10,2419,1808,11,1,6,0.65,0.3607,4.174,0.7276,10.0,9.01,-1.0,3.571,1,7,0.7474162877221993
VND_BETA,CABLE_R,2021-02-14,2021-02-14,4274,4274,2,0,8,0.7,0.5179,2.591,0.873,7.47,5.81,-0.631,3.173,0,0,1.0
VND_BETA,SWITCH_S,2022-09-14,2022-09-22,6997,5142,9,0,6,0.65,0.589,2.755,0.9036,7.93,5.56,-0.497,2.593,1,8,0.7348863798770902
VND_BETA,BLADE_X,2022-01-25,2022-01-28,4185,3335,1,1,12,0.85,0.4958,3.837,0.9374,8.49,4.94,-0.843,2.646,1,3,0.7968936678614098
VND_DELTA,BEARING_01,2023-06-11,2023-06-17,7960,5312,6,0,11,0.8,0.4076,4.936,0.7776,10.0,7.21,-1.0,4.359,1,6,0.6673366834170854
VND_DELTA,CASING_B,2021-05-03,2021-05-07,3094,2569,5,0,7,0.6,0.3429,4.345,0.7379,9.38,7.59,-0.912,3.272,1,4,0.830316742081448
VND_ALPHA,BATTERY_A,2022-10-25,2022-10-27,5983,5373,10,0,10,0.9,0.846,1.221,0.9519,3.41,0.0,-0.618,1.079,1,2,0.8980444593013538
VND_EPSILON,BEARING_01,2022-08-16,2022-08-19,1358,976,8,0,11,0.8,0.8144,1.136,0.9509,7.16,0.93,-0.254,0.955,1,3,0.7187039764359352
VND_EPSILON,SCREW_M4,2023-10-10,2023-10-10,6783,6191,10,0,5,0.4,0.6755,1.125,0.9477,4.13,3.48,-0.679,1.687,0,0,0.9127229839304143
VND_DELTA,SCREW_M4,2023-10-02,2023-10-04,306,241,10,0,5,0.4,0.4026,4.551,0.798,10.0,5.94,-1.0,3.793,1,2,0.7875816993464052
VND_ZETA,BLADE_X,2021-11-21,2021-11-23,2973,2973,11,1,12,0.85,0.9425,0.866,1.0,1.99,2.8,0.448,0.025,1,2,1.0
VND_ZETA,BLADE_X,2023-05-29,2023-05-29,5210,5210,5,0,12,0.85,0.8742,-0.273,0.9984,3.15,0.0,0.105,0.83,0,0,1.0
VND_EPSILON,BATTERY_A,2021-09-23,2021-09-26,4538,4433,9,0,10,0.9,0.7571,1.859,0.9228,4.38,3.89,-0.441,1.169,0,3,0.9768620537681798
VND_GAMMA,BLADE_X,2023-02-04,2023-02-04,6811,6811,2,0,12,0.85,0.9666,0.495,0.9926,0.13,0.0,-0.083,0.079,0,0,1.0
VND_GAMMA,CASING_B,2023-08-28,2023-08-28,717,717,8,0,7,0.6,0.9583,0.186,1.0,2.14,2.59,-0.277,0.173,0,0,1.0
VND_DELTA,MOTOR_X,2023-01-28,2023-01-31,3616,3050,1,1,14,0.95,0.3219,4.066,0.7502,10.0,9.08,-1.0,3.072,1,3,0.8434734513274337
VND_BETA,SCREW_M4,2022-10-31,2022-10-31,5838,5838,10,0,5,0.4,0.5567,2.511,0.9131,7.34,4.7,-0.665,2.932,1,0,1.0
VND_GAMMA,SCREW_M4,2023-09-03,2023-09-03,6645,6553,9,0,5,0.4,0.9637,-0.092,0.9504,1.65,0.0,-0.445,0.427,0,0,0.9861550037622272
VND_EPSILON,BLADE_X,2022-11-29,2022-12-01,4928,4651,11,1,12,0.85,0.6827,1.608,0.9302,4.9,3.65,0.183,1.854,1,2,0.9437905844155844
VND_ZETA,CABLE_R,2022-02-03,2022-02-02,7588,6899,2,0,8,0.7,0.9594,0.305,0.9553,0.68,0.31,-0.17,0.259,0,-1,0.9091987348444913
VND_GAMMA,CASING_B,2022-04-14,2022-04-12,6000,6000,4,0,7,0.6,0.9175,0.144,1.0,1.81,0.33,-0.556,0.389,1,-2,1.0
VND_BETA,SCREW_M4,2023-09-28,2023-09-30,4814,3695,9,0,5,0.4,0.5502,3.242,0.9036,7.93,5.56,-0.497,2.593,1,2,0.7675529705027004
VND_ALPHA,BEARING_01,2022-10-04,2022-10-05,4385,4321,10,0,11,0.8,0.9235,0.53,0.9894,3.41,0.0,-0.618,1.079,0,1,0.9854047890535917
VND_DELTA,BATTERY_A,2021-10-31,2021-11-08,5308,3916,10,0,10,0.9,0.4425,5.107,0.7776,10.0,5.94,-1.0,3.793,1,8,0.7377543330821401
VND_ALPHA,CABLE_R,2023-12-20,2023-12-20,4221,4221,12,1,8,0.7,0.7595,0.555,0.9441,1.72,2.38,-0.358,1.423,0,0,1.0
VND_EPSILON,BEARING_01,2022-06-29,2022-07-01,748,748,6,0,11,0.8,0.6706,0.914,0.9529,5.8,3.45,-0.555,1.904,0,2,1.0
VND_DELTA,BEARING_01,2022-01-31,2022-01-30,6682,5285,1,1,11,0.8,0.4062,4.525,0.7679,10.0,9.08,-1.0,3.072,1,-1,0.7909308590242442
VND_ZETA,BLADE_X,2021-10-21,2021-10-21,3180,3068,10,0,12,0.85,1.0,-0.144,0.9486,2.08,0.04,-0.007,0.366,0,0,0.9647798742138365
VND_DELTA,MOTOR_X,2022-05-21,2022-05-21,2029,1630,5,0,14,0.95,0.3962,5.084,0.7703,9.38,7.59,-0.912,3.272,0,0,0.8033514046328241
VND_GAMMA,MOTOR_X,2022-12-31,2022-12-30,6957,6957,12,1,14,0.95,0.9191,0.647,0.9998,1.78,3.21,-0.462,0.474,0,-1,1.0
VND_EPSILON,BEARING_01,2021-10-27,2021-10-27,6619,6619,10,0,11,0.8,0.7438,1.417,0.9364,4.13,3.48,-0.679,1.687,0,0,1.0
VND_GAMMA,BLADE_X,2023-09-20,2023-09-20,2773,2773,9,0,12,0.85,0.949,0.087,1.0,1.65,0.0,-0.445,0.427,0,0,1.0
VND_ZETA,SCREW_M4,2022-01-21,2022-01-21,7767,7485,1,1,5,0.4,0.984,0.3,0.9622,1.09,2.03,0.123,0.866,1,0,0.9636925453843183
VND_GAMMA,BATTERY_A,2021-05-05,2021-05-04,6225,6208,5,0,10,0.9,0.933,0.64,1.0,1.61,2.86,-0.038,0.521,0,-1,0.9972690763052209
VND_EPSILON,SCREW_M4,2023-10-30,2023-10-31,2513,2355,10,0,5,0.4,0.7895,1.572,0.9476,4.13,3.48,-0.679,1.687,0,1,0.9371269399124552
VND_DELTA,SCREW_M4,2023-05-17,2023-05-24,5939,5427,5,0,5,0.4,0.3752,4.912,0.7868,9.38,7.59,-0.912,3.272,1,7,0.9137902003704327
VND_GAMMA,MOTOR_X,2022-06-19,2022-06-19,1873,1758,6,0,14,0.95,0.9812,0.07,0.9894,1.52,0.0,0.363,0.701,0,0,0.9386011745862253
VND_GAMMA,CASING_B,2021-02-21,2021-02-22,436,411,2,0,7,0.6,0.9869,0.29,0.9706,0.13,0.0,-0.083,0.079,0,1,0.9426605504587156
VND_ALPHA,SWITCH_S,2023-01-25,2023-01-25,4008,4008,1,1,6,0.65,0.8273,0.769,0.9744,3.7,2.96,-0.026,1.609,0,0,1.0
VND_DELTA,CASING_B,2023-02-22,2023-03-01,4748,3276,2,0,7,0.6,0.3505,4.967,0.8149,10.0,7.1,-1.0,3.739,1,7,0.6899747262005055
VND_EPSILON,CASING_B,2023-06-29,2023-06-29,6413,6117,6,0,7,0.6,0.7247,1.565,0.9795,5.8,3.45,-0.555,1.904,0,0,0.9538437548729144
VND_ALPHA,CABLE_R,2022-07-15,2022-07-21,3935,3935,7,0,8,0.7,0.8052,1.722,0.9449,2.66,1.71,-0.565,1.15,0,6,1.0
VND_BETA,BLADE_X,2023-07-18,2023-07-21,2532,2029,7,0,12,0.85,0.5871,2.847,0.873,8.11,6.76,-1.0,3.129,0,3,0.8013428120063191
VND_EPSILON,CASING_B,2021-09-21,2021-09-21,2844,2844,9,0,7,0.6,0.7778,1.226,0.9088,4.38,3.89,-0.441,1.169,0,0,1.0
VND_ALPHA,MOTOR_X,2021-04-18,2021-04-19,7308,6479,4,0,14,0.95,0.7569,0.687,0.9292,3.44,0.0,-0.737,0.775,0,1,0.8865626710454296
VND_EPSILON,CABLE_R,2023-09-05,2023-09-05,3221,3178,9,0,8,0.7,0.6914,1.701,0.9577,4.38,3.89,-0.441,1.169,1,0,0.9866501086619063
VND_GAMMA,CASING_B,2023-02-08,2023-02-08,4706,4550,2,0,7,0.6,0.9165,-0.025,1.0,0.13,0.0,-0.083,0.079,0,0,0.9668508287292817
VND_ZETA,MOTOR_X,2023-06-09,2023-06-07,5494,4715,6,0,14,0.95,0.9043,0.463,0.981,0.95,0.58,-1.0,0.11,0,-2,0.8582089552238806
VND_DELTA,CABLE_R,2021-12-31,2021-12-31,2875,1941,12,1,8,0.7,0.3763,4.706,0.7755,9.5,6.79,-1.0,3.943,1,0,0.6751304347826087
VND_ZETA,MOTOR_X,2022-08-03,2022-08-04,2854,2597,8,0,14,0.95,0.978,-0.037,0.9693,1.44,0.77,0.404,0.0,0,1,0.9099509460406447
VND_EPSILON,MOTOR_X,2021-04-25,2021-04-25,6120,6120,4,0,14,0.95,0.7376,1.273,0.9091,3.47,1.86,-0.305,1.806,1,0,1.0
VND_DELTA,CASING_B,2021-05-11,2021-05-17,7793,7271,5,0,7,0.6,0.4585,4.625,0.7689,9.38,7.59,-0.912,3.272,1,6,0.9330168099576543
VND_BETA,BATTERY_A,2021-11-07,2021-11-07,1037,960,11,1,10,0.9,0.6104,2.859,0.862,7.62,7.21,-0.911,3.187,0,0,0.9257473481195757
VND_ZETA,CASING_B,2022-04-27,2022-04-26,952,952,4,0,7,0.6,0.9902,0.246,0.9369,4.0,1.67,-0.484,0.326,0,-1,1.0
VND_GAMMA,CABLE_R,2022-11-24,2022-11-24,864,864,11,1,8,0.7,0.9226,0.41,0.9913,0.77,1.58,0.264,0.0,0,0,1.0
VND_GAMMA,SWITCH_S,2021-05-23,2021-05-23,4234,4234,5,0,6,0.65,0.9357,0.879,0.9897,1.61,2.86,-0.038,0.521,0,0,1.0
VND_EPSILON,SWITCH_S,2021-05-08,2021-05-08,4498,4498,5,0,6,0.65,0.7556,0.9,0.9462,5.37,6.65,-0.289,2.054,0,0,1.0
VND_ZETA,SWITCH_S,2023-03-22,2023-03-22,5890,5890,3,0,6,0.65,0.8781,0.215,0.9167,3.65,1.04,-0.406,0.887,0,0,1.0
VND_EPSILON,CASING_B,2021-07-03,2021-07-06,6871,6399,7,0,7,0.6,0.6958,1.481,0.8882,4.08,2.56,-0.606,1.633,0,3,0.9313054868287003
VND_DELTA,SCREW_M4,2021-11-22,2021-11-25,1144,750,11,1,5,0.4,0.3787,4.058,0.8136,10.0,9.01,-1.0,3.571,1,3,0.6555944055944056
VND_BETA,BLADE_X,2022-05-06,2022-05-14,662,467,5,0,12,0.85,0.5674,2.499,0.8695,8.96,6.56,-0.962,3.201,1,8,0.7054380664652568
VND_ALPHA,MOTOR_X,2022-04-07,2022-04-09,4121,3706,4,0,14,0.95,0.8427,1.047,0.9466,3.44,0.0,-0.737,0.775,0,2,0.8992962873089057
VND_ALPHA,MOTOR_X,2022-03-25,2022-03-26,6413,5995,3,0,14,0.95,0.8377,0.822,0.9352,2.73,2.14,-0.359,0.814,0,1,0.934819897084048
VND_BETA,SCREW_M4,2021-10-09,2021-10-11,4300,3627,10,0,5,0.4,0.6181,3.13,0.9094,7.34,4.7,-0.665,2.932,1,2,0.8434883720930233
VND_GAMMA,CABLE_R,2023-03-05,2023-03-05,6392,5586,3,0,8,0.7,0.9422,0.513,1.0,1.39,0.8,0.586,0.47,0,0,0.8739048811013768
VND_ALPHA,SWITCH_S,2023-11-11,2023-11-15,6471,6471,11,1,6,0.65,0.7897,1.372,0.9944,3.94,3.27,-0.255,0.88,0,4,1.0
VND_DELTA,BLADE_X,2021-02-18,2021-02-24,5685,3820,2,0,12,0.85,0.4016,4.08,0.6971,10.0,7.1,-1.0,3.739,1,6,0.671943711521548
VND_EPSILON,SWITCH_S,2021-05-20,2021-05-21,528,491,5,0,6,0.65,0.7566,1.748,0.9325,5.37,6.65,-0.289,2.054,1,1,0.9299242424242424
VND_EPSILON,SCREW_M4,2021-03-15,2021-03-15,1910,1910,3,0,5,0.4,0.7444,1.626,0.9113,5.21,3.36,-0.135,2.022,1,0,1.0
VND_EPSILON,SCREW_M4,2023-10-04,2023-10-03,258,245,10,0,5,0.4,0.7149,1.722,0.8808,4.13,3.48,-0.679,1.687,0,-1,0.9496124031007752
VND_ZETA,CABLE_R,2021-06-15,2021-06-15,4964,4192,6,0,8,0.7,0.9234,1.015,0.9362,0.95,0.58,-1.0,0.11,0,0,0.8444802578565673
VND_EPSILON,CABLE_R,2021-12-03,2021-12-05,3453,2833,12,1,8,0.7,0.7355,1.776,0.8977,2.82,4.49,-0.659,1.941,0,2,0.8204459889950767
VND_BETA,SCREW_M4,2021-01-16,2021-01-17,7697,6522,1,1,5,0.4,0.476,3.154,0.9147,8.49,4.94,-0.843,2.646,1,1,0.8473431206963752
VND_GAMMA,BLADE_X,2023-02-06,2023-02-07,4385,4367,2,0,12,0.85,0.8784,0.46,0.9826,0.13,0.0,-0.083,0.079,0,1,0.9958950969213227
VND_BETA,SWITCH_S,2022-02-17,2022-02-21,6378,5608,2,0,6,0.65,0.4715,3.014,0.8829,7.47,5.81,-0.631,3.173,0,4,0.8792724992160552
VND_GAMMA,BLADE_X,2022-02-05,2022-02-05,2879,2879,2,0,12,0.85,0.99,0.952,0.9553,0.13,0.0,-0.083,0.079,0,0,1.0
VND_DELTA,BLADE_X,2021-09-02,2021-09-04,5528,3032,9,0,12,0.85,0.4106,4.647,0.7588,10.0,8.25,-1.0,4.688,1,2,0.548480463096961
VND_DELTA,BLADE_X,2021-03-01,2021-03-09,3849,2741,3,0,12,0.85,0.4055,4.302,0.7786,9.67,7.03,-1.0,3.314,0,8,0.7121330215640426
VND_BETA,SWITCH_S,2022-01-14,2022-01-18,1123,897,1,1,6,0.65,0.6035,3.013,0.8594,8.49,4.94,-0.843,2.646,1,4,0.798753339269813
VND_DELTA,MOTOR_X,2021-08-07,2021-08-11,6285,3985,8,0,14,0.95,0.3399,4.502,0.7708,10.0,7.14,-1.0,3.931,1,4,0.6340493237867939
VND_BETA,SCREW_M4,2022-09-04,2022-09-10,7023,6274,9,0,5,0.4,0.5805,3.29,0.8798,7.93,5.56,-0.497,2.593,0,6,0.8933504200484124
VND_EPSILON,SCREW_M4,2022-09-14,2022-09-15,3156,2793,9,0,5,0.4,0.7789,1.694,0.9287,4.38,3.89,-0.441,1.169,0,1,0.8849809885931559
VND_ALPHA,BEARING_01,2022-04-16,2022-04-16,4843,3755,4,0,11,0.8,0.7804,0.65,0.9429,3.44,0.0,-0.737,0.775,0,0,0.7753458600041296
VND_BETA,BLADE_X,2023-11-13,2023-11-18,395,365,11,1,12,0.85,0.5722,2.767,0.8817,7.62,7.21,-0.911,3.187,1,5,0.9240506329113924
VND_ALPHA,BLADE_X,2022-03-20,2022-03-18,6995,6721,3,0,12,0.85,0.7481,1.204,0.8972,2.73,2.14,-0.359,0.814,0,-2,0.9608291636883488
VND_GAMMA,CASING_B,2022-02-27,2022-02-27,4292,4292,2,0,7,0.6,0.9961,0.329,0.9919,0.13,0.0,-0.083,0.079,0,0,1.0
VND_ZETA,SWITCH_S,2022-11-02,2022-11-02,3950,3923,11,1,6,0.65,0.9304,0.395,0.9598,1.99,2.8,0.448,0.025,0,0,0.9931645569620253
VND_EPSILON,SWITCH_S,2021-12-05,2021-12-05,7743,7605,12,1,6,0.65,0.7037,1.358,0.8802,2.82,4.49,-0.659,1.941,0,0,0.9821774506005424
VND_DELTA,BEARING_01,2022-08-08,2022-08-16,6712,5705,8,0,11,0.8,0.4287,4.264,0.7935,10.0,7.14,-1.0,3.931,1,8,0.8499702026221693
VND_ALPHA,SCREW_M4,2021-08-08,2021-08-08,7445,6983,8,0,5,0.4,0.8029,0.635,0.9072,2.6,1.31,-0.401,1.741,1,0,0.9379449294828744
VND_ALPHA,MOTOR_X,2021-04-13,2021-04-14,7221,7036,4,0,14,0.95,0.8222,1.037,0.9508,3.44,0.0,-0.737,0.775,0,1,0.9743802797396482
VND_GAMMA,MOTOR_X,2021-01-01,2021-01-03,2685,2616,1,1,14,0.95,0.9752,0.815,0.999,1.85,2.16,0.022,0.306,0,2,0.9743016759776536
VND_DELTA,BEARING_01,2021-11-23,2021-11-24,996,824,11,1,11,0.8,0.4251,3.905,0.7646,10.0,9.01,-1.0,3.571,1,1,0.8273092369477911
VND_GAMMA,MOTOR_X,2022-03-17,2022-03-17,5490,5490,3,0,14,0.95,0.8926,0.48,1.0,1.39,0.8,0.586,0.47,0,0,1.0
VND_DELTA,SCREW_M4,2023-02-03,2023-02-09,823,614,2,0,5,0.4,0.448,4.006,0.7182,10.0,7.1,-1.0,3.739,1,6,0.7460510328068044
VND_DELTA,BLADE_X,2021-02-15,2021-02-14,2636,2301,2,0,12,0.85,0.3569,5.073,0.8003,10.0,7.1,-1.0,3.739,1,-1,0.8729135053110774
VND_ALPHA,MOTOR_X,2022-09-11,2022-09-12,1361,1326,9,0,14,0.95,0.845,0.697,1.0,3.19,0.54,0.027,0.512,0,1,0.9742836149889786
VND_DELTA,BLADE_X,2022-02-24,2022-03-05,1185,960,2,0,12,0.85,0.3737,4.19,0.7555,10.0,7.1,-1.0,3.739,0,9,0.810126582278481
VND_DELTA,MOTOR_X,2021-12-24,2022-01-02,317,211,12,1,14,0.95,0.3914,3.888,0.7831,9.5,6.79,-1.0,3.943,1,9,0.6656151419558359
VND_ALPHA,BATTERY_A,2022-04-26,2022-04-26,3929,3929,4,0,10,0.9,0.8247,0.844,0.9932,3.44,0.0,-0.737,0.775,0,0,1.0
VND_GAMMA,BLADE_X,2021-02-16,2021-02-15,5957,5018,2,0,12,0.85,0.96,-0.169,0.9496,0.13,0.0,-0.083,0.079,0,-1,0.8423703206311902
VND_ALPHA,BEARING_01,2021-11-10,2021-11-11,1965,1965,11,1,11,0.8,0.8184,0.575,0.9666,3.94,3.27,-0.255,0.88,0,1,1.0
VND_DELTA,BATTERY_A,2023-02-12,2023-02-18,444,316,2,0,10,0.9,0.3764,4.622,0.7118,10.0,7.1,-1.0,3.739,1,6,0.7117117117117117
VND_DELTA,MOTOR_X,2023-06-05,2023-06-04,7003,5701,6,0,14,0.95,0.4302,5.071,0.7246,10.0,7.21,-1.0,4.359,1,-1,0.8140796801370841
VND_DELTA,BEARING_01,2021-12-25,2022-01-03,308,221,12,1,11,0.8,0.4166,4.479,0.792,9.5,6.79,-1.0,3.943,1,9,0.7175324675324676
VND_ZETA,MOTOR_X,2021-05-10,2021-05-10,6504,6504,5,0,14,0.95,0.8674,0.21,0.9971,3.15,0.0,0.105,0.83,0,0,1.0
VND_ZETA,BLADE_X,2022-07-31,2022-08-02,6088,6088,7,0,12,0.85,0.9331,0.351,1.0,1.63,0.0,0.462,0.0,0,2,1.0
VND_BETA,BEARING_01,2022-07-02,2022-07-03,399,399,7,0,11,0.8,0.4987,3.426,0.9079,8.11,6.76,-1.0,3.129,1,1,1.0
VND_BETA,BLADE_X,2022-04-26,2022-04-30,5849,5011,4,0,12,0.85,0.5707,2.766,0.9103,7.67,5.01,-1.0,2.322,1,4,0.8567276457514105
VND_ALPHA,BEARING_01,2021-04-01,2021-04-03,7355,7124,4,0,11,0.8,0.8555,0.748,0.9685,3.44,0.0,-0.737,0.775,0,2,0.9685927940176751
VND_EPSILON,SWITCH_S,2023-09-28,2023-09-29,6687,6286,9,0,6,0.65,0.6985,1.383,0.925,4.38,3.89,-0.441,1.169,0,1,0.9400328996560491
VND_ZETA,SCREW_M4,2021-04-07,2021-04-07,2547,2450,4,0,5,0.4,0.8599,0.411,0.9768,4.0,1.67,-0.484,0.326,0,0,0.9619159795838241
VND_ALPHA,CABLE_R,2023-01-23,2023-01-25,3937,3351,1,1,8,0.7,0.8062,1.238,0.9745,3.7,2.96,-0.026,1.609,0,2,0.8511557023114046
VND_EPSILON,BEARING_01,2021-12-02,2021-12-05,3257,3070,12,1,11,0.8,0.636,1.132,0.9601,2.82,4.49,-0.659,1.941,1,3,0.9425852011053116
VND_ZETA,CABLE_R,2021-10-26,2021-10-25,2827,2827,10,0,8,0.7,0.8702,-0.998,1.0,2.08,0.04,-0.007,0.366,0,-1,1.0
VND_DELTA,CABLE_R,2021-12-23,2022-01-01,4953,3684,12,1,8,0.7,0.3824,5.064,0.7538,9.5,6.79,-1.0,3.943,1,9,0.7437916414294367
VND_GAMMA,SWITCH_S,2023-08-16,2023-08-16,3046,3046,8,0,6,0.65,0.9978,0.453,1.0,2.14,2.59,-0.277,0.173,0,0,1.0
VND_BETA,BLADE_X,2023-10-10,2023-10-14,5735,4815,10,0,12,0.85,0.5775,2.943,0.9059,7.34,4.7,-0.665,2.932,1,4,0.8395815170008718
VND_GAMMA,SWITCH_S,2023-06-04,2023-06-05,908,908,6,0,6,0.65,0.9281,-0.323,0.9926,1.52,0.0,0.363,0.701,0,1,1.0
VND_BETA,BLADE_X,2022-11-13,2022-11-13,7775,7288,11,1,12,0.85,0.5066,2.253,0.8276,7.62,7.21,-0.911,3.187,1,0,0.937363344051447
VND_ZETA,CABLE_R,2023-08-14,2023-08-14,3892,3394,8,0,8,0.7,0.9168,-0.059,0.9751,1.44,0.77,0.404,0.0,0,0,0.8720452209660843
VND_ALPHA,CASING_B,2022-12-05,2022-12-06,4348,4027,12,1,7,0.6,0.7825,1.177,0.9546,1.72,2.38,-0.358,1.423,0,1,0.9261729530818767
VND_EPSILON,CASING_B,2022-12-01,2022-12-04,4625,4625,12,1,7,0.6,0.7149,1.449,0.899,2.82,4.49,-0.659,1.941,0,3,1.0
VND_EPSILON,CASING_B,2021-10-13,2021-10-12,6886,5477,10,0,7,0.6,0.7779,2.008,0.9581,4.13,3.48,-0.679,1.687,0,-1,0.7953819343595702
VND_ZETA,SCREW_M4,2023-03-23,2023-03-23,869,812,3,0,5,0.4,0.8975,1.114,0.9615,3.65,1.04,-0.406,0.887,0,0,0.9344073647871116
VND_ALPHA,SWITCH_S,2023-10-24,2023-10-25,4656,4284,10,0,6,0.65,0.7774,1.499,0.9922,3.41,0.0,-0.618,1.079,0,1,0.9201030927835051
VND_EPSILON,MOTOR_X,2021-08-01,2021-08-03,4914,4600,8,0,14,0.95,0.6104,1.67,0.9183,7.16,0.93,-0.254,0.955,0,2,0.9361009361009361
VND_GAMMA,MOTOR_X,2021-12-04,2021-12-04,6259,6259,12,1,14,0.95,0.8713,0.5,0.977,1.78,3.21,-0.462,0.474,1,0,1.0
VND_ZETA,SCREW_M4,2022-11-17,2022-11-18,4207,3949,11,1,5,0.4,0.9786,0.101,0.998,1.99,2.8,0.448,0.025,0,1,0.9386736391728072
VND_GAMMA,BATTERY_A,2023-02-04,2023-02-03,4692,4310,2,0,10,0.9,0.9767,0.198,1.0,0.13,0.0,-0.083,0.079,0,-1,0.9185848252344416
VND_EPSILON,SWITCH_S,2023-03-16,2023-03-19,1994,1877,3,0,6,0.65,0.6679,1.05,0.9676,5.21,3.36,-0.135,2.022,0,3,0.9413239719157472
VND_ZETA,CABLE_R,2023-04-16,2023-04-17,5834,4843,4,0,8,0.7,0.8965,1.219,0.9457,4.0,1.67,-0.484,0.326,0,1,0.8301336990058279
VND_BETA,BATTERY_A,2023-07-19,2023-07-18,1475,1273,7,0,10,0.9,0.6025,3.1,0.8755,8.11,6.76,-1.0,3.129,1,-1,0.8630508474576272
VND_ZETA,SCREW_M4,2021-01-02,2021-01-02,7516,7478,1,1,5,0.4,0.9234,-0.349,1.0,1.09,2.03,0.123,0.866,0,0,0.994944119212347
VND_DELTA,BATTERY_A,2021-10-23,2021-10-24,7702,6083,10,0,10,0.9,0.4114,4.752,0.7349,10.0,5.94,-1.0,3.793,1,1,0.7897948584783173
VND_ZETA,BATTERY_A,2022-09-20,2022-09-20,2181,1939,9,0,10,0.9,0.9014,0.725,0.9783,3.04,0.65,-0.322,0.705,0,0,0.8890417239798257
VND_GAMMA,SWITCH_S,2022-03-05,2022-03-05,4639,4383,3,0,6,0.65,0.9266,-0.095,0.9782,1.39,0.8,0.586,0.47,0,0,0.9448156930372925
VND_BETA,BATTERY_A,2021-02-18,2021-02-18,332,318,2,0,10,0.9,0.5919,3.237,0.9128,7.47,5.81,-0.631,3.173,0,0,0.9578313253012049
VND_GAMMA,MOTOR_X,2021-09-05,2021-09-05,1896,1698,9,0,14,0.95,0.9162,0.601,0.9922,1.65,0.0,-0.445,0.427,0,0,0.8955696202531646
VND_ZETA,CASING_B,2021-05-27,2021-05-28,749,686,5,0,7,0.6,0.972,0.095,0.9899,3.15,0.0,0.105,0.83,0,1,0.9158878504672897
VND_DELTA,BLADE_X,2021-09-01,2021-09-09,3656,2831,9,0,12,0.85,0.3805,4.179,0.7903,10.0,8.25,-1.0,4.688,1,8,0.774343544857768
VND_ZETA,CABLE_R,2023-04-06,2023-04-05,286,286,4,0,8,0.7,0.9546,0.29,0.9503,4.0,1.67,-0.484,0.326,1,-1,1.0
VND_GAMMA,BLADE_X,2023-03-06,2023-03-06,3271,3256,3,0,12,0.85,0.9552,0.324,0.9569,1.39,0.8,0.586,0.47,0,0,0.9954142464078264
VND_GAMMA,SCREW_M4,2023-05-28,2023-05-28,5272,5062,5,0,5,0.4,1.0,0.298,1.0,1.61,2.86,-0.038,0.521,0,0,0.9601669195751138
VND_ZETA,BEARING_01,2021-03-27,2021-03-27,5763,5763,3,0,11,0.8,0.9371,0.892,0.9872,3.65,1.04,-0.406,0.887,1,0,1.0
VND_ALPHA,BEARING_01,2023-10-21,2023-10-21,2818,2566,10,0,11,0.8,0.7643,1.321,0.9523,3.41,0.0,-0.618,1.079,0,0,0.9105748757984387
VND_ALPHA,CABLE_R,2022-06-08,2022-06-11,5939,5587,6,0,8,0.7,0.8624,1.029,0.9141,4.67,1.37,-0.2,0.43,1,3,0.9407307627546725
VND_DELTA,BEARING_01,2021-07-20,2021-07-24,3662,2931,7,0,11,0.8,0.3734,4.225,0.7545,10.0,6.05,-1.0,3.274,1,4,0.800382304751502
VND_ZETA,CABLE_R,2023-10-02,2023-10-01,423,413,10,0,8,0.7,0.8332,0.193,0.9869,2.08,0.04,-0.007,0.366,0,-1,0.9763593380614657
VND_ALPHA,SWITCH_S,2023-09-26,2023-09-26,6418,5609,9,0,6,0.65,0.8846,0.999,0.926,3.19,0.54,0.027,0.512,1,0,0.873948270489249
VND_DELTA,BATTERY_A,2022-06-01,2022-06-01,4654,3524,6,0,10,0.9,0.3459,4.943,0.7882,10.0,7.21,-1.0,4.359,1,0,0.7571981091534165
VND_ALPHA,BATTERY_A,2022-05-18,2022-05-18,6133,6133,5,0,10,0.9,0.8319,0.811,0.9568,2.19,1.91,-0.492,0.435,0,0,1.0
VND_DELTA,BATTERY_A,2023-02-17,2023-02-21,6336,5397,2,0,10,0.9,0.3893,5.026,0.71,10.0,7.1,-1.0,3.739,1,4,0.8517992424242424
VND_BETA,CABLE_R,2023-08-20,2023-08-22,481,422,8,0,8,0.7,0.632,2.622,0.8936,8.24,4.9,-0.912,2.005,1,2,0.8773388773388774
VND_GAMMA,CABLE_R,2023-07-14,2023-07-13,1974,1974,7,0,8,0.7,0.9705,0.273,1.0,2.34,0.0,0.441,0.0,0,-1,1.0
VND_ALPHA,SWITCH_S,2021-01-22,2021-01-23,5801,5801,1,1,6,0.65,0.883,1.025,0.9254,3.7,2.96,-0.026,1.609,0,1,1.0
VND_EPSILON,CASING_B,2021-02-27,2021-03-01,7863,6403,2,0,7,0.6,0.7133,1.504,0.937,3.97,2.95,-0.443,1.143,0,2,0.8143202340073763
VND_ALPHA,BEARING_01,2023-10-26,2023-10-26,1684,1599,10,0,11,0.8,0.7735,0.673,0.9381,3.41,0.0,-0.618,1.079,1,0,0.9495249406175772
VND_GAMMA,BEARING_01,2023-03-06,2023-03-06,6764,6616,3,0,11,0.8,0.9276,-0.303,0.979,1.39,0.8,0.586,0.47,0,0,0.9781194559432289
VND_GAMMA,MOTOR_X,2021-08-29,2021-08-30,5919,4631,8,0,14,0.95,0.9833,0.131,1.0,2.14,2.59,-0.277,0.173,0,1,0.7823956749450921
VND_BETA,BEARING_01,2023-07-15,2023-07-17,2603,2306,7,0,11,0.8,0.6463,2.367,0.8586,8.11,6.76,-1.0,3.129,0,2,0.885900883595851
VND_ALPHA,CASING_B,2022-08-18,2022-08-21,5124,5083,8,0,7,0.6,0.785,0.302,0.9823,2.6,1.31,-0.401,1.741,0,3,0.9919984387197502
VND_DELTA,CABLE_R,2021-08-13,2021-08-19,5826,3425,8,0,8,0.7,0.4367,4.621,0.7746,10.0,7.14,-1.0,3.931,1,6,0.5878819086852043
VND_ALPHA,CASING_B,2022-02-12,2022-02-11,4149,4149,2,0,7,0.6,0.7708,0.226,0.9777,2.97,1.37,0.254,1.307,1,-1,1.0
VND_BETA,BEARING_01,2021-01-12,2021-01-15,3372,3042,1,1,11,0.8,0.5608,2.515,0.8987,8.49,4.94,-0.843,2.646,1,3,0.902135231316726
VND_DELTA,CASING_B,2021-03-31,2021-03-29,2676,2036,3,0,7,0.6,0.3712,3.818,0.7614,9.67,7.03,-1.0,3.314,1,-2,0.7608370702541106
VND_BETA,CASING_B,2022-11-28,2022-12-03,7290,5614,11,1,7,0.6,0.5473,2.861,0.8806,7.62,7.21,-0.911,3.187,0,5,0.7700960219478739
VND_BETA,BEARING_01,2023-06-30,2023-07-05,6822,6361,6,0,11,0.8,0.5469,3.511,0.8068,8.51,4.55,-0.832,3.415,0,5,0.9324245089416593
VND_ALPHA,BATTERY_A,2021-12-03,2021-12-05,1340,1340,12,1,10,0.9,0.8743,0.846,0.9911,1.72,2.38,-0.358,1.423,0,2,1.0
VND_ZETA,CASING_B,2021-02-18,2021-02-18,3788,3756,2,0,7,0.6,0.934,0.735,1.0,0.68,0.31,-0.17,0.259,1,0,0.9915522703273495
VND_GAMMA,BEARING_01,2023-05-31,2023-05-31,368,368,5,0,11,0.8,0.9436,0.199,1.0,1.61,2.86,-0.038,0.521,0,0,1.0
VND_ZETA,CABLE_R,2021-08-06,2021-08-07,3629,3467,8,0,8,0.7,0.9061,0.576,0.9895,1.44,0.77,0.404,0.0,0,1,0.9553596031964728
VND_ALPHA,BEARING_01,2022-07-26,2022-07-25,3774,3155,7,0,11,0.8,0.7508,0.48,0.9246,2.66,1.71,-0.565,1.15,0,-1,0.8359830418653948
VND_ALPHA,SWITCH_S,2021-05-14,2021-05-17,914,758,5,0,6,0.65,0.807,0.988,0.9456,2.19,1.91,-0.492,0.435,0,3,0.8293216630196937
VND_ZETA,BLADE_X,2023-01-03,2023-01-02,4088,3873,1,1,12,0.85,1.0,0.666,0.9737,1.09,2.03,0.123,0.866,0,-1,0.9474070450097848
VND_EPSILON,SWITCH_S,2022-05-14,2022-05-16,7627,6620,5,0,6,0.65,0.6671,1.674,0.9073,5.37,6.65,-0.289,2.054,0,2,0.8679690572964468
VND_ALPHA,CASING_B,2021-02-19,2021-02-19,1527,1527,2,0,7,0.6,0.8434,0.903,1.0,2.97,1.37,0.254,1.307,0,0,1.0
VND_EPSILON,BATTERY_A,2022-01-18,2022-01-18,5644,5637,1,1,10,0.9,0.744,1.525,0.8986,5.06,3.05,-0.408,1.754,1,0,0.9987597448618002
VND_DELTA,SCREW_M4,2023-02-04,2023-02-05,4765,4539,2,0,5,0.4,0.3666,4.175,0.7643,10.0,7.1,-1.0,3.739,1,1,0.9525708289611753
VND_DELTA,BLADE_X,2021-05-17,2021-05-18,6671,5390,5,0,12,0.85,0.393,4.6,0.6968,9.38,7.59,-0.912,3.272,0,1,0.8079748163693599
VND_EPSILON,CASING_B,2023-04-27,2023-04-28,1149,1069,4,0,7,0.6,0.7128,1.499,0.9447,3.47,1.86,-0.305,1.806,0,1,0.9303742384682332
VND_BETA,MOTOR_X,2022-02-19,2022-02-21,1407,1114,2,0,14,0.95,0.5734,3.115,0.8586,7.47,5.81,-0.631,3.173,1,2,0.7917555081734187
VND_BETA,BLADE_X,2023-03-12,2023-03-16,291,228,3,0,12,0.85,0.5675,2.644,0.8595,7.31,4.89,-0.841,3.19,1,4,0.7835051546391752
VND_ALPHA,CABLE_R,2023-11-11,2023-11-10,6656,5942,11,1,8,0.7,0.831,0.169,0.9518,3.94,3.27,-0.255,0.88,1,-1,0.8927283653846154
VND_ALPHA,MOTOR_X,2023-12-11,2023-12-12,5655,5378,12,1,14,0.95,0.8321,1.005,0.9587,1.72,2.38,-0.358,1.423,0,1,0.9510167992926614
VND_EPSILON,BLADE_X,2023-12-23,2023-12-23,272,222,12,1,12,0.85,0.6817,1.206,0.9545,2.82,4.49,-0.659,1.941,0,0,0.8161764705882353
VND_BETA,BLADE_X,2022-10-17,2022-10-16,7742,6333,10,0,12,0.85,0.5855,2.577,0.892,7.34,4.7,-0.665,2.932,1,-1,0.8180056832859726
VND_DELTA,SCREW_M4,2022-03-14,2022-03-16,1745,1315,3,0,5,0.4,0.4192,4.605,0.7322,9.67,7.03,-1.0,3.314,1,2,0.7535816618911175
VND_DELTA,BEARING_01,2023-09-08,2023-09-14,1954,1481,9,0,11,0.8,0.3922,4.627,0.7688,10.0,8.25,-1.0,4.688,1,6,0.7579324462640737
VND_BETA,BATTERY_A,2023-03-06,2023-03-09,4730,3911,3,0,10,0.9,0.6037,2.77,0.8386,7.31,4.89,-0.841,3.19,0,3,0.8268498942917547
VND_BETA,BATTERY_A,2021-09-18,2021-09-21,7227,6179,9,0,10,0.9,0.5076,2.705,0.8493,7.93,5.56,-0.497,2.593,1,3,0.8549882385498824
VND_ALPHA,CASING_B,2023-09-06,2023-09-06,4405,4405,9,0,7,0.6,0.7808,0.32,0.9316,3.19,0.54,0.027,0.512,1,0,1.0
VND_EPSILON,BATTERY_A,2021-12-04,2021-12-06,2223,2021,12,1,10,0.9,0.7023,1.69,0.9203,2.82,4.49,-0.659,1.941,1,2,0.909131803868646
VND_ZETA,SWITCH_S,2023-01-11,2023-01-11,7880,7880,1,1,6,0.65,0.9573,0.573,0.9469,1.09,2.03,0.123,0.866,0,0,1.0
VND_GAMMA,SCREW_M4,2023-04-13,2023-04-13,688,688,4,0,5,0.4,0.9381,1.134,0.963,1.81,0.33,-0.556,0.389,0,0,1.0
VND_ALPHA,SWITCH_S,2022-10-19,2022-10-21,6594,6432,10,0,6,0.65,0.7681,1.048,0.973,3.41,0.0,-0.618,1.079,0,2,0.9754322111010009
VND_ALPHA,SWITCH_S,2022-01-30,2022-01-31,5702,5702,1,1,6,0.65,0.7851,0.778,0.9685,3.7,2.96,-0.026,1.609,1,1,1.0
VND_DELTA,CABLE_R,2023-07-11,2023-07-14,5167,3545,7,0,8,0.7,0.3767,4.486,0.8008,10.0,6.05,-1.0,3.274,1,3,0.6860847687245984
VND_ZETA,SCREW_M4,2021-09-18,2021-09-16,4126,3609,9,0,5,0.4,1.0,0.639,1.0,3.04,0.65,-0.322,0.705,0,-2,0.8746970431410567
VND_ZETA,SWITCH_S,2021-11-19,2021-11-19,2177,1805,11,1,6,0.65,0.9568,0.237,0.9878,1.99,2.8,0.448,0.025,0,0,0.8291226458429031
VND_DELTA,BLADE_X,2021-06-03,2021-06-05,3745,3050,6,0,12,0.85,0.3927,4.534,0.7291,10.0,7.21,-1.0,4.359,1,2,0.8144192256341789
VND_DELTA,MOTOR_X,2021-05-16,2021-05-20,4801,3491,5,0,14,0.95,0.4224,4.863,0.7919,9.38,7.59,-0.912,3.272,1,4,0.727140179129348
VND_ZETA,BATTERY_A,2021-10-26,2021-10-26,6531,6531,10,0,10,0.9,1.0,0.468,0.9642,2.08,0.04,-0.007,0.366,0,0,1.0
VND_GAMMA,MOTOR_X,2022-07-23,2022-07-23,3421,3358,7,0,14,0.95,1.0,0.265,1.0,2.34,0.0,0.441,0.0,0,0,0.9815843320666472
VND_DELTA,BLADE_X,2022-12-01,2022-12-03,2686,2333,12,1,12,0.85,0.4454,4.092,0.7388,9.5,6.79,-1.0,3.943,1,2,0.8685778108711839
VND_GAMMA,CABLE_R,2023-08-21,2023-08-21,4389,4144,8,0,8,0.7,0.9591,0.582,0.9986,2.14,2.59,-0.277,0.173,1,0,0.9441786283891547
VND_DELTA,BEARING_01,2021-10-09,2021-10-15,4044,2829,10,0,11,0.8,0.4109,4.437,0.7419,10.0,5.94,-1.0,3.793,1,6,0.6995548961424333
VND_ALPHA,CABLE_R,2023-09-30,2023-10-01,3005,2568,9,0,8,0.7,0.7818,0.543,1.0,3.19,0.54,0.027,0.512,0,1,0.8545757071547421
VND_GAMMA,BATTERY_A,2022-07-04,2022-07-05,7852,7720,7,0,10,0.9,0.9287,0.678,0.9779,2.34,0.0,0.441,0.0,0,1,0.9831889964340296
VND_GAMMA,BLADE_X,2023-11-18,2023-11-18,2066,1878,11,1,12,0.85,0.9523,0.085,0.9955,0.77,1.58,0.264,0.0,0,0,0.9090029041626331
VND_GAMMA,CABLE_R,2022-05-06,2022-05-06,4836,3809,5,0,8,0.7,0.9613,-0.184,1.0,1.61,2.86,-0.038,0.521,0,0,0.7876344086021505
VND_GAMMA,SCREW_M4,2022-09-20,2022-09-20,1771,1771,9,0,5,0.4,0.9854,0.152,0.9755,1.65,0.0,-0.445,0.427,0,0,1.0
VND_EPSILON,CABLE_R,2023-04-23,2023-04-23,2481,2437,4,0,8,0.7,0.7581,1.545,0.8979,3.47,1.86,-0.305,1.806,1,0,0.9822652156388553
VND_EPSILON,BLADE_X,2023-05-19,2023-05-19,5686,4106,5,0,12,0.85,0.6858,1.71,0.9206,5.37,6.65,-0.289,2.054,1,0,0.722124516355962
VND_EPSILON,SCREW_M4,2021-10-13,2021-10-13,6771,6247,10,0,5,0.4,0.6779,1.413,0.9207,4.13,3.48,-0.679,1.687,0,0,0.9226111357258898
VND_BETA,BLADE_X,2023-01-11,2023-01-12,6037,4706,1,1,12,0.85,0.5367,2.594,0.8869,8.49,4.94,-0.843,2.646,1,1,0.7795262547622992
VND_BETA,CABLE_R,2023-08-06,2023-08-07,4965,4499,8,0,8,0.7,0.5594,2.633,0.8719,8.24,4.9,-0.912,2.005,0,1,0.9061430010070494
VND_ALPHA,CASING_B,2022-08-20,2022-08-19,5431,5383,8,0,7,0.6,0.8331,1.132,0.9898,2.6,1.31,-0.401,1.741,0,-1,0.9911618486466581
VND_BETA,SCREW_M4,2022-11-22,2022-11-27,1699,1256,11,1,5,0.4,0.5262,2.666,0.8221,7.62,7.21,-0.911,3.187,1,5,0.7392583872866392
VND_GAMMA,BEARING_01,2022-05-19,2022-05-20,3408,3408,5,0,11,0.8,1.0,0.235,0.9592,1.61,2.86,-0.038,0.521,0,1,1.0
VND_ZETA,BEARING_01,2022-07-09,2022-07-09,7838,6394,7,0,11,0.8,0.9753,0.392,0.9581,1.63,0.0,0.462,0.0,0,0,0.8157693289104363
VND_EPSILON,BEARING_01,2022-12-01,2022-12-03,1398,1363,12,1,11,0.8,0.7569,2.142,0.9237,2.82,4.49,-0.659,1.941,0,2,0.974964234620887
VND_EPSILON,BLADE_X,2021-05-28,2021-05-30,2268,2179,5,0,12,0.85,0.7255,1.89,0.9334,5.37,6.65,-0.289,2.054,1,2,0.9607583774250441
VND_DELTA,BATTERY_A,2023-03-17,2023-03-18,226,172,3,0,10,0.9,0.332,4.582,0.7454,9.67,7.03,-1.0,3.314,0,1,0.7610619469026548
VND_BETA,BATTERY_A,2022-06-06,2022-06-06,7800,7800,6,0,10,0.9,0.5719,3.207,0.812,8.51,4.55,-0.832,3.415,0,0,1.0
VND_DELTA,BEARING_01,2022-07-22,2022-07-27,4387,4058,7,0,11,0.8,0.4292,4.159,0.7136,10.0,6.05,-1.0,3.274,1,5,0.9250056986551174
VND_BETA,SWITCH_S,2022-06-29,2022-07-02,617,576,6,0,6,0.65,0.5369,2.604,0.9,8.51,4.55,-0.832,3.415,0,3,0.93354943273906
VND_ZETA,SWITCH_S,2023-09-30,2023-09-30,5076,5076,9,0,6,0.65,0.8487,0.45,0.9817,3.04,0.65,-0.322,0.705,0,0,1.0
VND_DELTA,BATTERY_A,2023-06-15,2023-06-19,3369,2441,6,0,10,0.9,0.3396,4.944,0.7654,10.0,7.21,-1.0,4.359,0,4,0.7245473434253488
VND_ALPHA,CABLE_R,2021-10-14,2021-10-17,1683,1683,10,0,8,0.7,0.8006,0.957,0.9772,3.41,0.0,-0.618,1.079,1,3,1.0
VND_GAMMA,BATTERY_A,2021-04-22,2021-04-21,536,536,4,0,10,0.9,0.9249,0.671,1.0,1.81,0.33,-0.556,0.389,0,-1,1.0
VND_GAMMA,BATTERY_A,2021-08-09,2021-08-08,4693,4693,8,0,10,0.9,0.9928,0.657,0.984,2.14,2.59,-0.277,0.173,0,-1,1.0
VND_BETA,BLADE_X,2021-07-16,2021-07-20,7783,7029,7,0,12,0.85,0.5516,3.295,0.8552,8.11,6.76,-1.0,3.129,1,4,0.9031221893871257
VND_BETA,SWITCH_S,2021-03-23,2021-03-30,7501,6316,3,0,6,0.65,0.4859,3.217,0.8876,7.31,4.89,-0.841,3.19,1,7,0.8420210638581522
VND_ALPHA,MOTOR_X,2021-08-17,2021-08-17,2965,2484,8,0,14,0.95,0.7805,1.199,0.9609,2.6,1.31,-0.401,1.741,1,0,0.8377740303541316
VND_GAMMA,BLADE_X,2023-05-31,2023-05-31,2171,2131,5,0,12,0.85,0.9384,-0.038,1.0,1.61,2.86,-0.038,0.521,0,0,0.9815753109166283
VND_BETA,SCREW_M4,2022-07-01,2022-07-05,7800,6897,7,0,5,0.4,0.5457,2.062,0.906,8.11,6.76,-1.0,3.129,1,4,0.8842307692307693
VND_BETA,CABLE_R,2021-11-07,2021-11-10,388,381,11,1,8,0.7,0.5589,2.279,0.8268,7.62,7.21,-0.911,3.187,1,3,0.9819587628865979
VND_BETA,CABLE_R,2021-12-18,2021-12-25,6800,6367,12,1,8,0.7,0.537,3.299,0.8934,7.45,6.37,-1.0,2.215,0,7,0.9363235294117647
VND_BETA,SWITCH_S,2021-02-05,2021-02-08,1513,1456,2,0,6,0.65,0.606,2.265,0.884,7.47,5.81,-0.631,3.173,1,3,0.9623265036351619
VND_EPSILON,BATTERY_A,2022-07-07,2022-07-07,6831,6321,7,0,10,0.9,0.8045,1.894,0.9137,4.08,2.56,-0.606,1.633,0,0,0.9253403601229688
VND_ALPHA,BEARING_01,2021-07-15,2021-07-16,2216,2087,7,0,11,0.8,0.8162,1.567,0.9978,2.66,1.71,-0.565,1.15,0,1,0.9417870036101083
VND_BETA,SWITCH_S,2022-05-11,2022-05-13,3964,2941,5,0,6,0.65,0.467,2.572,0.8324,8.96,6.56,-0.962,3.201,1,2,0.7419273461150353
VND_BETA,CASING_B,2022-03-28,2022-03-27,2489,2110,3,0,7,0.6,0.5686,2.899,0.855,7.31,4.89,-0.841,3.19,1,-1,0.8477300120530333
VND_ALPHA,BATTERY_A,2022-05-05,2022-05-05,5698,5090,5,0,10,0.9,0.7957,0.509,0.9478,2.19,1.91,-0.492,0.435,0,0,0.8932958932958933
VND_DELTA,BLADE_X,2023-03-03,2023-03-06,3854,3403,3,0,12,0.85,0.3382,4.258,0.7955,9.67,7.03,-1.0,3.314,1,3,0.8829787234042553
VND_BETA,SCREW_M4,2021-07-25,2021-07-26,7140,6693,7,0,5,0.4,0.5769,2.529,0.8983,8.11,6.76,-1.0,3.129,0,1,0.9373949579831933
VND_DELTA,BATTERY_A,2023-06-29,2023-06-30,3825,2934,6,0,10,0.9,0.4031,4.47,0.7821,10.0,7.21,-1.0,4.359,1,1,0.7670588235294118
VND_ZETA,CASING_B,2023-02-27,2023-03-02,7168,7152,2,0,7,0.6,1.0,-0.178,1.0,0.68,0.31,-0.17,0.259,1,3,0.9977678571428571
VND_ALPHA,SWITCH_S,2022-07-11,2022-07-09,1880,1526,7,0,6,0.65,0.82,0.701,0.9957,2.66,1.71,-0.565,1.15,1,-2,0.8117021276595745
VND_DELTA,BEARING_01,2023-12-10,2023-12-15,3004,2198,12,1,11,0.8,0.3345,5.128,0.7714,9.5,6.79,-1.0,3.943,1,5,0.7316910785619174
VND_ALPHA,CABLE_R,2023-10-20,2023-10-22,4357,4357,10,0,8,0.7,0.8775,1.221,0.9946,3.41,0.0,-0.618,1.079,0,2,1.0
VND_DELTA,SWITCH_S,2022-02-25,2022-02-25,3255,2966,2,0,6,0.65,0.4126,4.472,0.8079,10.0,7.1,-1.0,3.739,1,0,0.9112135176651306
VND_ZETA,CASING_B,2021-06-08,2021-06-07,5123,4974,6,0,7,0.6,0.8941,-0.233,1.0,0.95,0.58,-1.0,0.11,0,-1,0.9709154792113995
VND_BETA,SWITCH_S,2023-04-08,2023-04-13,1896,1569,4,0,6,0.65,0.5436,3.105,0.8753,7.67,5.01,-1.0,2.322,1,5,0.8275316455696202
VND_GAMMA,SCREW_M4,2022-12-25,2022-12-25,3518,3410,12,1,5,0.4,0.9341,0.325,1.0,1.78,3.21,-0.462,0.474,0,0,0.969300739056282
VND_BETA,BLADE_X,2022-08-19,2022-08-24,7560,6785,8,0,12,0.85,0.5607,2.574,0.895,8.24,4.9,-0.912,2.005,1,5,0.8974867724867724
VND_DELTA,SCREW_M4,2023-08-20,2023-08-27,398,325,8,0,5,0.4,0.3248,5.853,0.7787,10.0,7.14,-1.0,3.931,1,7,0.8165829145728644
VND_ZETA,SCREW_M4,2021-05-13,2021-05-12,3904,3904,5,0,5,0.4,0.8667,-0.134,0.961,3.15,0.0,0.105,0.83,0,-1,1.0
VND_DELTA,MOTOR_X,2022-12-08,2022-12-14,3145,2369,12,1,14,0.95,0.3742,4.689,0.7312,9.5,6.79,-1.0,3.943,1,6,0.7532591414944356
VND_ALPHA,SWITCH_S,2023-10-03,2023-10-03,3774,3774,10,0,6,0.65,0.8397,0.612,0.9677,3.41,0.0,-0.618,1.079,0,0,1.0
VND_DELTA,BEARING_01,2021-07-03,2021-07-09,3782,3415,7,0,11,0.8,0.4404,4.73,0.793,10.0,6.05,-1.0,3.274,1,6,0.9029613960867267
VND_GAMMA,BLADE_X,2022-04-14,2022-04-15,2404,2085,4,0,12,0.85,0.9091,0.296,0.9911,1.81,0.33,-0.556,0.389,0,1,0.8673044925124792
VND_GAMMA,CABLE_R,2023-09-08,2023-09-08,1495,1495,9,0,8,0.7,0.935,0.893,1.0,1.65,0.0,-0.445,0.427,0,0,1.0
VND_BETA,CASING_B,2023-11-26,2023-12-04,5107,5091,11,1,7,0.6,0.5749,3.603,0.8713,7.62,7.21,-0.911,3.187,1,8,0.9968670452320345
VND_ALPHA,SCREW_M4,2023-02-21,2023-02-21,3186,3159,2,0,5,0.4,0.8146,0.897,1.0,2.97,1.37,0.254,1.307,1,0,0.9915254237288136
VND_BETA,MOTOR_X,2021-07-04,2021-07-07,5992,5992,7,0,14,0.95,0.5748,3.169,0.8857,8.11,6.76,-1.0,3.129,1,3,1.0
VND_ALPHA,CASING_B,2021-04-13,2021-04-12,2251,1903,4,0,7,0.6,0.8121,0.707,0.9322,3.44,0.0,-0.737,0.775,0,-1,0.8454020435362062
VND_EPSILON,BATTERY_A,2022-06-07,2022-06-08,3911,3826,6,0,10,0.9,0.7571,2.21,0.975,5.8,3.45,-0.555,1.904,0,1,0.9782664280235234
VND_GAMMA,CASING_B,2021-10-18,2021-10-18,7232,6687,10,0,7,0.6,0.9337,0.179,0.8979,0.49,0.87,-0.256,1.02,0,0,0.9246404867256637
VND_GAMMA,SWITCH_S,2022-01-16,2022-01-16,2076,2076,1,1,6,0.65,0.9388,0.423,1.0,1.85,2.16,0.022,0.306,0,0,1.0
VND_GAMMA,SWITCH_S,2021-12-08,2021-12-07,4464,4464,12,1,6,0.65,0.9606,0.354,1.0,1.78,3.21,-0.462,0.474,0,-1,1.0
VND_BETA,BATTERY_A,2021-07-08,2021-07-11,5286,4805,7,0,10,0.9,0.4912,2.737,0.8875,8.11,6.76,-1.0,3.129,1,3,0.9090049186530458
VND_EPSILON,MOTOR_X,2021-12-27,2021-12-29,2561,2561,12,1,14,0.95,0.6861,1.164,0.9287,2.82,4.49,-0.659,1.941,0,2,1.0
VND_DELTA,BEARING_01,2021-12-10,2021-12-12,2135,1864,12,1,11,0.8,0.4434,4.518,0.7496,9.5,6.79,-1.0,3.943,1,2,0.8730679156908665
VND_BETA,MOTOR_X,2021-06-07,2021-06-11,751,751,6,0,14,0.95,0.573,2.652,0.8496,8.51,4.55,-0.832,3.415,0,4,1.0
VND_GAMMA,BATTERY_A,2022-01-02,2022-01-02,4574,4574,1,1,10,0.9,0.9431,0.18,0.9673,1.85,2.16,0.022,0.306,0,0,1.0
VND_DELTA,BATTERY_A,2023-01-26,2023-01-29,6124,4181,1,1,10,0.9,0.3887,4.607,0.7959,10.0,9.08,-1.0,3.072,1,3,0.6827237099934683
VND_BETA,CASING_B,2023-12-29,2024-01-01,7836,7149,12,1,7,0.6,0.5541,2.155,0.8334,7.45,6.37,-1.0,2.215,1,3,0.9123277182235835
VND_BETA,CASING_B,2021-01-18,2021-01-21,2866,2866,1,1,7,0.6,0.5328,2.97,0.8794,8.49,4.94,-0.843,2.646,1,3,1.0
VND_GAMMA,CASING_B,2023-11-18,2023-11-18,6862,6862,11,1,7,0.6,0.9703,0.525,0.9746,0.77,1.58,0.264,0.0,0,0,1.0
VND_EPSILON,MOTOR_X,2023-10-31,2023-11-02,7530,6929,10,0,14,0.95,0.6698,1.169,0.9514,4.13,3.48,-0.679,1.687,0,2,0.9201859229747676
VND_DELTA,MOTOR_X,2021-10-04,2021-10-14,1568,1325,10,0,14,0.95,0.4379,4.625,0.7712,10.0,5.94,-1.0,3.793,1,10,0.8450255102040817
VND_DELTA,MOTOR_X,2021-11-16,2021-11-23,7134,5629,11,1,14,0.95,0.3388,4.566,0.8134,10.0,9.01,-1.0,3.571,1,7,0.7890384076254555
VND_BETA,CASING_B,2023-01-23,2023-01-23,4901,4683,1,1,7,0.6,0.5861,2.932,0.8963,8.49,4.94,-0.843,2.646,1,0,0.9555192817792287
VND_DELTA,BLADE_X,2022-05-19,2022-05-27,3926,3331,5,0,12,0.85,0.3245,5.201,0.8089,9.38,7.59,-0.912,3.272,1,8,0.848446255731024
VND_ZETA,CASING_B,2021-08-14,2021-08-14,6044,5389,8,0,7,0.6,0.9444,0.431,1.0,1.44,0.77,0.404,0.0,0,0,0.8916280608868299
VND_BETA,SCREW_M4,2021-03-28,2021-03-29,749,607,3,0,5,0.4,0.5147,2.544,0.8443,7.31,4.89,-0.841,3.19,0,1,0.8104138851802403
VND_BETA,SWITCH_S,2021-01-02,2021-01-08,2552,2382,1,1,6,0.65,0.4881,3.012,0.8957,8.49,4.94,-0.843,2.646,1,6,0.9333855799373041
VND_EPSILON,BEARING_01,2023-10-01,2023-10-03,5750,5355,10,0,11,0.8,0.729,1.074,0.8502,4.13,3.48,-0.679,1.687,1,2,0.931304347826087
VND_EPSILON,SWITCH_S,2023-04-08,2023-04-08,7480,7257,4,0,6,0.65,0.7003,1.12,0.9187,3.47,1.86,-0.305,1.806,1,0,0.9701871657754011
VND_ZETA,BEARING_01,2023-12-01,2023-12-01,3099,3099,12,1,11,0.8,0.9101,-0.398,0.9697,4.01,0.19,-0.074,0.755,0,0,1.0
VND_GAMMA,SWITCH_S,2023-12-09,2023-12-09,7874,7874,12,1,6,0.65,0.9712,1.586,1.0,1.78,3.21,-0.462,0.474,0,0,1.0
VND_BETA,SWITCH_S,2023-10-28,2023-10-31,7228,6030,10,0,6,0.65,0.5431,2.339,0.9084,7.34,4.7,-0.665,2.932,1,3,0.8342556723851687
VND_BETA,BEARING_01,2021-03-16,2021-03-18,1894,1894,3,0,11,0.8,0.5352,2.868,0.8679,7.31,4.89,-0.841,3.19,1,2,1.0
VND_EPSILON,BATTERY_A,2023-01-23,2023-01-26,7097,6694,1,1,10,0.9,0.7942,1.179,0.8804,5.06,3.05,-0.408,1.754,0,3,0.9432154431449908
VND_ALPHA,BLADE_X,2023-04-25,2023-04-24,3334,3334,4,0,12,0.85,0.8543,1.572,0.9944,3.44,0.0,-0.737,0.775,0,-1,1.0
VND_GAMMA,SWITCH_S,2023-02-05,2023-02-06,395,327,2,0,6,0.65,0.8959,0.414,0.9784,0.13,0.0,-0.083,0.079,0,1,0.8278481012658228
VND_DELTA,CABLE_R,2022-02-11,2022-02-17,6346,4662,2,0,8,0.7,0.3557,5.514,0.7688,10.0,7.1,-1.0,3.739,1,6,0.7346359911755437
VND_BETA,MOTOR_X,2023-06-11,2023-06-13,6549,5713,6,0,14,0.95,0.515,3.478,0.9522,8.51,4.55,-0.832,3.415,1,2,0.8723469231943808
VND_DELTA,CASING_B,2021-10-14,2021-10-16,5517,4391,10,0,7,0.6,0.3573,4.29,0.7262,10.0,5.94,-1.0,3.793,1,2,0.7959035707812216
VND_DELTA,BLADE_X,2022-05-16,2022-05-20,1365,1008,5,0,12,0.85,0.3813,4.195,0.7879,9.38,7.59,-0.912,3.272,1,4,0.7384615384615385
VND_BETA,MOTOR_X,2023-06-19,2023-06-19,2271,1754,6,0,14,0.95,0.4982,3.551,0.8886,8.51,4.55,-0.832,3.415,1,0,0.7723469837076178
VND_DELTA,BEARING_01,2023-08-14,2023-08-16,6039,4484,8,0,11,0.8,0.3577,4.424,0.7667,10.0,7.14,-1.0,3.931,0,2,0.7425070375890048
VND_GAMMA,BEARING_01,2022-02-24,2022-02-24,3995,3995,2,0,11,0.8,0.9488,-0.279,1.0,0.13,0.0,-0.083,0.079,0,0,1.0
VND_DELTA,CASING_B,2021-04-16,2021-04-16,2210,1492,4,0,7,0.6,0.3645,4.261,0.8021,10.0,7.27,-1.0,3.863,1,0,0.6751131221719457
VND_ZETA,CASING_B,2021-07-27,2021-07-27,2620,2569,7,0,7,0.6,0.9376,0.341,0.9788,1.63,0.0,0.462,0.0,0,0,0.9805343511450382
VND_ALPHA,CABLE_R,2022-12-19,2022-12-19,4010,3477,12,1,8,0.7,0.8283,1.084,0.9543,1.72,2.38,-0.358,1.423,0,0,0.8670822942643391
VND_ZETA,SWITCH_S,2023-06-07,2023-06-07,839,839,6,0,6,0.65,0.9468,0.411,1.0,0.95,0.58,-1.0,0.11,0,0,1.0
VND_GAMMA,BLADE_X,2023-11-16,2023-11-15,4718,4718,11,1,12,0.85,0.9349,0.481,1.0,0.77,1.58,0.264,0.0,0,-1,1.0
VND_ALPHA,BEARING_01,2023-09-09,2023-09-10,755,712,9,0,11,0.8,0.8545,0.771,0.9681,3.19,0.54,0.027,0.512,1,1,0.9430463576158941
VND_GAMMA,CABLE_R,2022-02-01,2022-02-01,2742,2598,2,0,8,0.7,0.9276,1.239,0.953,0.13,0.0,-0.083,0.079,0,0,0.9474835886214442
VND_ALPHA,CASING_B,2021-07-27,2021-07-26,1395,1373,7,0,7,0.6,0.8222,0.853,1.0,2.66,1.71,-0.565,1.15,0,-1,0.9842293906810036
VND_ALPHA,BLADE_X,2021-02-20,2021-02-21,4373,4161,2,0,12,0.85,0.8577,1.099,1.0,2.97,1.37,0.254,1.307,0,1,0.9515206951749371
VND_ZETA,SCREW_M4,2023-12-04,2023-12-04,3241,3050,12,1,5,0.4,0.8825,0.707,0.9624,4.01,0.19,-0.074,0.755,0,0,0.9410675717371182
VND_DELTA,MOTOR_X,2023-04-07,2023-04-05,2936,2160,4,0,14,0.95,0.3832,3.976,0.7605,10.0,7.27,-1.0,3.863,1,-2,0.7356948228882834
VND_GAMMA,BEARING_01,2022-10-31,2022-10-30,2534,2534,10,0,11,0.8,0.9265,-0.23,1.0,0.49,0.87,-0.256,1.02,0,-1,1.0
VND_ALPHA,CABLE_R,2023-11-25,2023-11-27,4997,4640,11,1,8,0.7,0.8384,0.688,0.968,3.94,3.27,-0.255,0.88,0,2,0.9285571342805683
VND_DELTA,BATTERY_A,2023-09-26,2023-09-26,3750,3023,9,0,10,0.9,0.4263,4.347,0.7636,10.0,8.25,-1.0,4.688,0,0,0.8061333333333334
VND_ZETA,MOTOR_X,2023-11-03,2023-11-02,751,751,11,1,14,0.95,0.9313,0.21,0.9957,1.99,2.8,0.448,0.025,0,-1,1.0
VND_DELTA,CASING_B,2022-11-08,2022-11-16,5611,4721,11,1,7,0.6,0.3731,4.33,0.805,10.0,9.01,-1.0,3.571,1,8,0.8413829976831224
VND_ZETA,BEARING_01,2022-07-02,2022-07-02,1379,1379,7,0,11,0.8,0.975,0.138,0.9751,1.63,0.0,0.462,0.0,0,0,1.0
VND_BETA,CASING_B,2021-07-10,2021-07-10,5253,4026,7,0,7,0.6,0.5351,3.57,0.8625,8.11,6.76,-1.0,3.129,1,0,0.7664191890348372
VND_GAMMA,SWITCH_S,2023-03-19,2023-03-21,2004,2004,3,0,6,0.65,0.9478,0.069,1.0,1.39,0.8,0.586,0.47,0,2,1.0
VND_ALPHA,MOTOR_X,2022-09-13,2022-09-13,299,263,9,0,14,0.95,0.7438,1.605,0.9663,3.19,0.54,0.027,0.512,0,0,0.8795986622073578
VND_BETA,CASING_B,2023-05-07,2023-05-08,4863,4349,5,0,7,0.6,0.6492,2.495,0.8797,8.96,6.56,-0.962,3.201,1,1,0.8943039276166975
VND_DELTA,SCREW_M4,2021-11-07,2021-11-07,3697,2360,11,1,5,0.4,0.4462,5.101,0.7926,10.0,9.01,-1.0,3.571,1,0,0.6383554233162023
VND_BETA,BLADE_X,2021-01-02,2021-01-02,742,705,1,1,12,0.85,0.5846,2.658,0.9105,8.49,4.94,-0.843,2.646,1,0,0.9501347708894878
VND_ALPHA,CASING_B,2022-06-28,2022-06-28,6157,6157,6,0,7,0.6,0.7648,0.93,0.9547,4.67,1.37,-0.2,0.43,0,0,1.0
VND_ALPHA,BEARING_01,2022-03-25,2022-03-27,4036,3494,3,0,11,0.8,0.8522,0.936,0.976,2.73,2.14,-0.359,0.814,0,2,0.8657086223984143
VND_ZETA,CASING_B,2023-10-08,2023-10-09,1135,1057,10,0,7,0.6,0.9366,0.49,0.9859,2.08,0.04,-0.007,0.366,0,1,0.9312775330396476
VND_ZETA,BATTERY_A,2023-07-31,2023-08-01,6849,6101,7,0,10,0.9,0.9551,0.085,0.9863,1.63,0.0,0.462,0.0,0,1,0.8907869762009052
VND_EPSILON,CABLE_R,2023-02-02,2023-02-02,7168,6483,2,0,8,0.7,0.7373,1.6,0.9617,3.97,2.95,-0.443,1.143,0,0,0.9044363839285714
VND_GAMMA,BEARING_01,2022-11-09,2022-11-10,5373,5373,11,1,11,0.8,0.9544,-0.475,1.0,0.77,1.58,0.264,0.0,1,1,1.0
VND_EPSILON,CABLE_R,2021-11-15,2021-11-21,5670,5000,11,1,8,0.7,0.7882,0.958,0.9544,4.9,3.65,0.183,1.854,0,6,0.8818342151675485
VND_EPSILON,BLADE_X,2022-05-18,2022-05-22,2053,2053,5,0,12,0.85,0.6754,1.59,0.9475,5.37,6.65,-0.289,2.054,1,4,1.0
VND_DELTA,MOTOR_X,2023-09-17,2023-09-17,2429,2376,9,0,14,0.95,0.3599,4.674,0.7506,10.0,8.25,-1.0,4.688,1,0,0.9781803211198024
VND_EPSILON,CABLE_R,2022-09-08,2022-09-06,4286,3730,9,0,8,0.7,0.7217,1.266,0.8978,4.38,3.89,-0.441,1.169,1,-2,0.8702753149790013
VND_ALPHA,SWITCH_S,2022-09-08,2022-09-08,6767,5862,9,0,6,0.65,0.8238,0.713,0.9898,3.19,0.54,0.027,0.512,1,0,0.8662627456775528
VND_ALPHA,BLADE_X,2021-10-31,2021-11-01,4746,4259,10,0,12,0.85,0.8032,0.889,0.9632,3.41,0.0,-0.618,1.079,0,1,0.8973872734934681
VND_BETA,SCREW_M4,2022-05-25,2022-05-25,4003,3497,5,0,5,0.4,0.5629,3.333,0.8574,8.96,6.56,-0.962,3.201,1,0,0.8735948038970772
VND_ALPHA,CASING_B,2023-11-02,2023-11-07,3173,3173,11,1,7,0.6,0.8465,1.036,0.8902,3.94,3.27,-0.255,0.88,1,5,1.0
VND_ZETA,SWITCH_S,2023-03-30,2023-03-30,3634,3188,3,0,6,0.65,0.9829,0.005,1.0,3.65,1.04,-0.406,0.887,0,0,0.8772702256466703
VND_GAMMA,CABLE_R,2021-06-16,2021-06-17,2186,2186,6,0,8,0.7,1.0,-0.105,1.0,1.52,0.0,0.363,0.701,0,1,1.0
VND_EPSILON,CASING_B,2023-09-13,2023-09-13,7970,6875,9,0,7,0.6,0.7477,1.434,0.9398,4.38,3.89,-0.441,1.169,1,0,0.8626097867001254
VND_GAMMA,BATTERY_A,2021-04-27,2021-04-26,3768,3768,4,0,10,0.9,0.8209,0.208,0.9584,1.81,0.33,-0.556,0.389,0,-1,1.0
VND_DELTA,SWITCH_S,2021-11-12,2021-11-20,3593,2668,11,1,6,0.65,0.4529,4.673,0.7859,10.0,9.01,-1.0,3.571,1,8,0.7425549679933203
VND_ALPHA,BEARING_01,2022-11-15,2022-11-15,7880,6969,11,1,11,0.8,0.8001,1.131,0.9385,3.94,3.27,-0.255,0.88,0,0,0.8843908629441625
VND_ALPHA,CABLE_R,2022-09-23,2022-09-25,2130,2119,9,0,8,0.7,0.7869,1.132,0.9026,3.19,0.54,0.027,0.512,0,2,0.9948356807511737
VND_DELTA,BEARING_01,2023-03-23,2023-04-01,5020,4080,3,0,11,0.8,0.3718,4.26,0.7819,9.67,7.03,-1.0,3.314,1,9,0.8127490039840638
VND_DELTA,SCREW_M4,2023-05-31,2023-06-08,7158,4449,5,0,5,0.4,0.3207,4.457,0.7321,9.38,7.59,-0.912,3.272,1,8,0.6215423302598492
VND_GAMMA,SCREW_M4,2022-05-14,2022-05-15,5201,5201,5,0,5,0.4,0.9147,0.344,1.0,1.61,2.86,-0.038,0.521,0,1,1.0
VND_GAMMA,CASING_B,2021-11-23,2021-11-23,5098,5000,11,1,7,0.6,0.9273,0.016,0.9945,0.77,1.58,0.264,0.0,0,0,0.9807767752059631
VND_EPSILON,CABLE_R,2023-02-11,2023-02-11,7189,6372,2,0,8,0.7,0.8062,1.249,0.9163,3.97,2.95,-0.443,1.143,0,0,0.886354152176937
VND_ALPHA,BATTERY_A,2021-06-18,2021-06-18,874,850,6,0,10,0.9,0.8408,1.031,0.9336,4.67,1.37,-0.2,0.43,0,0,0.9725400457665904
VND_BETA,MOTOR_X,2023-05-28,2023-06-04,4235,3852,5,0,14,0.95,0.5984,2.817,0.9126,8.96,6.56,-0.962,3.201,0,7,0.9095631641086187
VND_ZETA,BATTERY_A,2021-11-08,2021-11-08,620,620,11,1,10,0.9,0.9931,1.005,0.9978,1.99,2.8,0.448,0.025,0,0,1.0
VND_DELTA,MOTOR_X,2021-12-30,2022-01-06,467,394,12,1,14,0.95,0.4082,4.927,0.8,9.5,6.79,-1.0,3.943,1,7,0.8436830835117773
VND_GAMMA,CASING_B,2023-01-22,2023-01-23,5760,5582,1,1,7,0.6,1.0,0.437,1.0,1.85,2.16,0.022,0.306,0,1,0.9690972222222223
VND_ZETA,CABLE_R,2021-06-29,2021-07-01,531,531,6,0,8,0.7,0.9599,0.771,1.0,0.95,0.58,-1.0,0.11,0,2,1.0
VND_GAMMA,CASING_B,2022-11-08,2022-11-09,1018,1018,11,1,7,0.6,0.994,1.335,0.9549,0.77,1.58,0.264,0.0,0,1,1.0
VND_EPSILON,MOTOR_X,2021-06-18,2021-06-18,523,416,6,0,14,0.95,0.7485,1.543,0.9537,5.8,3.45,-0.555,1.904,0,0,0.7954110898661568
VND_BETA,MOTOR_X,2021-12-15,2021-12-16,7548,6577,12,1,14,0.95,0.536,3.093,0.9167,7.45,6.37,-1.0,2.215,1,1,0.8713566507684155
VND_DELTA,SWITCH_S,2021-08-09,2021-08-19,2389,1559,8,0,6,0.65,0.3843,4.579,0.7161,10.0,7.14,-1.0,3.931,1,10,0.65257429886982
VND_EPSILON,BLADE_X,2023-12-14,2023-12-14,787,710,12,1,12,0.85,0.7402,1.242,0.8996,2.82,4.49,-0.659,1.941,1,0,0.9021601016518425
VND_BETA,BLADE_X,2021-05-14,2021-05-16,3987,3524,5,0,12,0.85,0.4915,2.971,0.8742,8.96,6.56,-0.962,3.201,1,2,0.8838725859041886
VND_BETA,BLADE_X,2023-11-21,2023-11-25,987,860,11,1,12,0.85,0.5937,2.252,0.859,7.62,7.21,-0.911,3.187,1,4,0.8713272543059777
VND_EPSILON,BEARING_01,2022-04-04,2022-04-04,5844,5385,4,0,11,0.8,0.7635,2.048,0.9776,3.47,1.86,-0.305,1.806,0,0,0.9214579055441479
VND_ALPHA,BLADE_X,2023-03-17,2023-03-16,7180,7180,3,0,12,0.85,0.7809,0.172,0.9488,2.73,2.14,-0.359,0.814,0,-1,1.0
VND_ZETA,CABLE_R,2021-11-30,2021-12-01,5892,5416,11,1,8,0.7,0.8981,0.895,1.0,1.99,2.8,0.448,0.025,0,1,0.9192124915139172
VND_DELTA,BEARING_01,2023-01-05,2023-01-13,7996,5972,1,1,11,0.8,0.3966,4.226,0.8034,10.0,9.08,-1.0,3.072,1,8,0.7468734367183592
VND_GAMMA,BLADE_X,2023-04-02,2023-04-03,3624,3290,4,0,12,0.85,0.9928,-0.179,0.9417,1.81,0.33,-0.556,0.389,0,1,0.9078366445916115
VND_GAMMA,SCREW_M4,2022-10-31,2022-11-01,1924,1924,10,0,5,0.4,0.9574,0.776,0.9617,0.49,0.87,-0.256,1.02,0,1,1.0
VND_DELTA,SCREW_M4,2021-11-01,2021-11-10,5960,4962,11,1,5,0.4,0.3689,4.302,0.7429,10.0,9.01,-1.0,3.571,1,9,0.8325503355704698
VND_ALPHA,CASING_B,2021-06-12,2021-06-14,681,681,6,0,7,0.6,0.8017,0.851,0.9552,4.67,1.37,-0.2,0.43,0,2,1.0
VND_BETA,BATTERY_A,2021-08-09,2021-08-07,3877,3877,8,0,10,0.9,0.5176,3.05,0.877,8.24,4.9,-0.912,2.005,1,-2,1.0
VND_BETA,CASING_B,2021-05-31,2021-06-06,2514,2514,5,0,7,0.6,0.524,2.157,0.8474,8.96,6.56,-0.962,3.201,1,6,1.0
VND_ZETA,CABLE_R,2022-10-18,2022-10-18,4945,4338,10,0,8,0.7,0.9136,-0.474,0.938,2.08,0.04,-0.007,0.366,0,0,0.8772497472194135
VND_ZETA,SCREW_M4,2023-09-14,2023-09-14,3766,3395,9,0,5,0.4,0.9417,0.455,0.9814,3.04,0.65,-0.322,0.705,0,0,0.9014869888475836
VND_ALPHA,SWITCH_S,2022-09-12,2022-09-12,7879,7879,9,0,6,0.65,0.8031,0.925,0.9724,3.19,0.54,0.027,0.512,0,0,1.0
VND_DELTA,SCREW_M4,2021-03-11,2021-03-11,3183,2227,3,0,5,0.4,0.3618,4.148,0.78,9.67,7.03,-1.0,3.314,1,0,0.6996544140747722
VND_DELTA,CASING_B,2022-01-28,2022-02-03,3026,2188,1,1,7,0.6,0.3815,4.534,0.7969,10.0,9.08,-1.0,3.072,1,6,0.7230667547918044
VND_ALPHA,BATTERY_A,2021-03-06,2021-03-07,7090,6797,3,0,10,0.9,0.7766,0.633,0.9672,2.73,2.14,-0.359,0.814,0,1,0.9586741889985896
VND_DELTA,BLADE_X,2022-01-18,2022-01-20,6856,5364,1,1,12,0.85,0.3836,4.141,0.7739,10.0,9.08,-1.0,3.072,1,2,0.7823803967327888
VND_DELTA,BEARING_01,2023-03-26,2023-03-31,6620,5877,3,0,11,0.8,0.3904,4.629,0.7945,9.67,7.03,-1.0,3.314,1,5,0.8877643504531723
VND_DELTA,CABLE_R,2021-09-30,2021-09-30,6882,4446,9,0,8,0.7,0.3577,4.443,0.7896,10.0,8.25,-1.0,4.688,1,0,0.6460331299040977
VND_ZETA,CABLE_R,2023-05-15,2023-05-16,5593,5593,5,0,8,0.7,0.8939,0.804,0.9949,3.15,0.0,0.105,0.83,0,1,1.0
VND_EPSILON,CABLE_R,2022-01-12,2022-01-17,260,237,1,1,8,0.7,0.7449,0.975,0.9222,5.06,3.05,-0.408,1.754,0,5,0.9115384615384615
VND_GAMMA,CASING_B,2023-05-02,2023-05-02,963,832,5,0,7,0.6,0.9404,0.531,1.0,1.61,2.86,-0.038,0.521,0,0,0.8639667705088265
VND_GAMMA,BEARING_01,2021-10-31,2021-10-30,544,527,10,0,11,0.8,0.9802,1.556,0.963,0.49,0.87,-0.256,1.02,0,-1,0.96875
VND_BETA,CASING_B,2023-11-17,2023-11-17,5147,4699,11,1,7,0.6,0.5638,3.289,0.8707,7.62,7.21,-0.911,3.187,1,0,0.9129590052457742
VND_GAMMA,BEARING_01,2022-02-19,2022-02-19,6104,6104,2,0,11,0.8,0.9163,0.011,0.9753,0.13,0.0,-0.083,0.079,0,0,1.0
VND_DELTA,CASING_B,2021-03-20,2021-03-30,6514,6120,3,0,7,0.6,0.3619,3.945,0.7801,9.67,7.03,-1.0,3.314,1,10,0.9395148910039914
VND_ZETA,MOTOR_X,2023-01-09,2023-01-09,6027,5543,1,1,14,0.95,0.9838,0.455,0.9926,1.09,2.03,0.123,0.866,0,0,0.9196947071511531
VND_EPSILON,CABLE_R,2023-02-03,2023-02-06,2962,2777,2,0,8,0.7,0.7339,1.151,0.9643,3.97,2.95,-0.443,1.143,1,3,0.937542201215395
VND_ALPHA,MOTOR_X,2023-09-16,2023-09-18,6520,6130,9,0,14,0.95,0.8472,0.95,0.9476,3.19,0.54,0.027,0.512,0,2,0.9401840490797546
VND_BETA,SCREW_M4,2021-10-30,2021-11-03,2923,2428,10,0,5,0.4,0.6211,2.825,0.9178,7.34,4.7,-0.665,2.932,1,4,0.830653438248375
VND_EPSILON,BLADE_X,2023-03-12,2023-03-12,7487,6423,3,0,12,0.85,0.7903,1.534,0.9558,5.21,3.36,-0.135,2.022,0,0,0.8578870041405102
VND_DELTA,SCREW_M4,2021-03-22,2021-03-23,3926,2898,3,0,5,0.4,0.4421,5.209,0.7527,9.67,7.03,-1.0,3.314,1,1,0.7381558838512481
VND_EPSILON,BLADE_X,2023-07-24,2023-07-26,564,510,7,0,12,0.85,0.7073,1.698,0.9277,4.08,2.56,-0.606,1.633,1,2,0.9042553191489362
VND_GAMMA,BLADE_X,2021-02-06,2021-02-06,3536,3536,2,0,12,0.85,0.9326,0.045,1.0,0.13,0.0,-0.083,0.079,0,0,1.0
VND_DELTA,BATTERY_A,2023-05-05,2023-05-05,7810,6901,5,0,10,0.9,0.3405,4.065,0.7868,9.38,7.59,-0.912,3.272,0,0,0.8836107554417414
VND_EPSILON,BEARING_01,2022-04-18,2022-04-20,7761,6663,4,0,11,0.8,0.68,0.926,0.9631,3.47,1.86,-0.305,1.806,0,2,0.8585233861615771
VND_EPSILON,CABLE_R,2022-04-02,2022-04-03,3880,3563,4,0,8,0.7,0.7063,1.559,0.9195,3.47,1.86,-0.305,1.806,1,1,0.9182989690721649
VND_GAMMA,BLADE_X,2021-03-21,2021-03-21,6890,6890,3,0,12,0.85,0.9572,0.421,0.9966,1.39,0.8,0.586,0.47,0,0,1.0
VND_ZETA,SCREW_M4,2022-06-05,2022-06-05,3434,3434,6,0,5,0.4,0.9593,0.54,0.974,0.95,0.58,-1.0,0.11,0,0,1.0
VND_ALPHA,BLADE_X,2023-12-23,2023-12-24,2077,2077,12,1,12,0.85,0.8175,1.29,0.9463,1.72,2.38,-0.358,1.423,1,1,1.0
VND_BETA,MOTOR_X,2023-07-10,2023-07-11,2157,1718,7,0,14,0.95,0.5315,2.835,0.9097,8.11,6.76,-1.0,3.129,1,1,0.7964765878535003
VND_ALPHA,SWITCH_S,2023-05-31,2023-06-01,591,591,5,0,6,0.65,0.8008,1.369,0.9869,2.19,1.91,-0.492,0.435,0,1,1.0
VND_GAMMA,BATTERY_A,2023-05-04,2023-05-05,333,283,5,0,10,0.9,0.9127,0.371,0.9645,1.61,2.86,-0.038,0.521,1,1,0.8498498498498499
VND_EPSILON,BLADE_X,2021-04-15,2021-04-19,4268,4268,4,0,12,0.85,0.7438,1.504,0.9195,3.47,1.86,-0.305,1.806,0,4,1.0
VND_EPSILON,SCREW_M4,2022-08-12,2022-08-15,6587,6587,8,0,5,0.4,0.7514,1.908,0.9499,7.16,0.93,-0.254,0.955,0,3,1.0
VND_BETA,BATTERY_A,2023-03-08,2023-03-12,4793,4197,3,0,10,0.9,0.5205,2.792,0.8927,7.31,4.89,-0.841,3.19,1,4,0.8756519924890466
VND_BETA,CABLE_R,2022-02-15,2022-02-15,316,227,2,0,8,0.7,0.5177,2.457,0.9304,7.47,5.81,-0.631,3.173,1,0,0.7183544303797469
VND_ALPHA,SWITCH_S,2022-11-05,2022-11-07,5498,4660,11,1,6,0.65,0.7996,1.082,0.9677,3.94,3.27,-0.255,0.88,0,2,0.8475809385230993
VND_DELTA,SCREW_M4,2021-02-12,2021-02-17,1014,916,2,0,5,0.4,0.4468,4.522,0.7843,10.0,7.1,-1.0,3.739,0,5,0.903353057199211
VND_ZETA,CASING_B,2022-06-13,2022-06-13,1584,1498,6,0,7,0.6,0.8879,0.462,1.0,0.95,0.58,-1.0,0.11,0,0,0.9457070707070707
VND_ZETA,BLADE_X,2022-06-11,2022-06-12,3604,3271,6,0,12,0.85,0.8955,0.78,0.964,0.95,0.58,-1.0,0.11,0,1,0.9076026637069923
VND_DELTA,CASING_B,2022-02-22,2022-02-24,6173,4485,2,0,7,0.6,0.3173,4.705,0.7811,10.0,7.1,-1.0,3.739,1,2,0.7265511096711486
VND_GAMMA,CASING_B,2021-07-19,2021-07-19,6467,6467,7,0,7,0.6,0.9848,0.697,1.0,2.34,0.0,0.441,0.0,0,0,1.0
VND_GAMMA,BLADE_X,2021-05-21,2021-05-22,824,781,5,0,12,0.85,0.9382,0.514,0.9447,1.61,2.86,-0.038,0.521,0,1,0.9478155339805825
VND_ALPHA,CASING_B,2021-01-07,2021-01-07,2162,1730,1,1,7,0.6,0.7698,0.684,0.9637,3.7,2.96,-0.026,1.609,1,0,0.8001850138760407
VND_GAMMA,BATTERY_A,2022-01-02,2022-01-02,1128,1128,1,1,10,0.9,0.9383,0.033,0.997,1.85,2.16,0.022,0.306,0,0,1.0
VND_GAMMA,BEARING_01,2021-09-06,2021-09-06,4299,4299,9,0,11,0.8,0.9597,-0.408,0.9969,1.65,0.0,-0.445,0.427,0,0,1.0
VND_EPSILON,BEARING_01,2021-09-08,2021-09-08,4142,4142,9,0,11,0.8,0.7914,1.698,0.9324,4.38,3.89,-0.441,1.169,1,0,1.0
VND_ALPHA,BLADE_X,2022-12-31,2023-01-02,6663,6195,12,1,12,0.85,0.8594,1.718,0.9369,1.72,2.38,-0.358,1.423,0,2,0.929761368752814
VND_GAMMA,BATTERY_A,2021-12-28,2021-12-28,3377,3270,12,1,10,0.9,1.0,0.42,0.994,1.78,3.21,-0.462,0.474,0,0,0.9683150725496003
VND_EPSILON,SCREW_M4,2022-05-28,2022-05-28,6141,5497,5,0,5,0.4,0.7528,1.368,0.9401,5.37,6.65,-0.289,2.054,0,0,0.8951310861423221
VND_EPSILON,MOTOR_X,2021-06-26,2021-06-28,719,571,6,0,14,0.95,0.7216,1.892,0.8926,5.8,3.45,-0.555,1.904,0,2,0.7941585535465925
VND_BETA,CASING_B,2022-12-02,2022-12-06,1513,1297,12,1,7,0.6,0.5087,2.157,0.9002,7.45,6.37,-1.0,2.215,0,4,0.8572372769332453
VND_DELTA,SCREW_M4,2022-12-21,2022-12-25,444,298,12,1,5,0.4,0.4102,4.423,0.7605,9.5,6.79,-1.0,3.943,1,4,0.6711711711711712
VND_DELTA,CABLE_R,2023-06-05,2023-06-09,1048,750,6,0,8,0.7,0.3393,5.0,0.7683,10.0,7.21,-1.0,4.359,1,4,0.7156488549618321
VND_BETA,SWITCH_S,2021-12-10,2021-12-10,1757,1377,12,1,6,0.65,0.5329,2.51,0.8792,7.45,6.37,-1.0,2.215,0,0,0.7837222538417757
VND_EPSILON,BEARING_01,2021-05-18,2021-05-18,6300,5783,5,0,11,0.8,0.6934,2.052,0.9593,5.37,6.65,-0.289,2.054,0,0,0.9179365079365079
VND_ZETA,SCREW_M4,2023-10-10,2023-10-10,4766,4766,10,0,5,0.4,1.0,0.456,0.9388,2.08,0.04,-0.007,0.366,0,0,1.0
VND_DELTA,BEARING_01,2022-10-22,2022-10-26,5463,4138,10,0,11,0.8,0.3455,4.13,0.778,10.0,5.94,-1.0,3.793,1,4,0.7574592714625663
VND_BETA,CABLE_R,2021-03-27,2021-03-29,498,470,3,0,8,0.7,0.5627,2.71,0.8605,7.31,4.89,-0.841,3.19,1,2,0.9437751004016064
VND_BETA,BEARING_01,2021-01-08,2021-01-12,4877,4624,1,1,11,0.8,0.6225,3.25,0.9395,8.49,4.94,-0.843,2.646,1,4,0.9481238466270248
VND_ALPHA,CABLE_R,2023-02-02,2023-02-05,5514,4803,2,0,8,0.7,0.7933,1.306,0.9689,2.97,1.37,0.254,1.307,0,3,0.8710554951033732
VND_DELTA,CABLE_R,2021-01-16,2021-01-21,2781,2119,1,1,8,0.7,0.3198,5.176,0.7315,10.0,9.08,-1.0,3.072,1,5,0.7619561308881697
VND_ALPHA,BEARING_01,2021-10-02,2021-10-02,7106,6428,10,0,11,0.8,0.9257,1.415,0.9917,3.41,0.0,-0.618,1.079,0,0,0.90458767238953
VND_EPSILON,BATTERY_A,2023-12-03,2023-12-09,4799,4361,12,1,10,0.9,0.7362,1.754,0.906,2.82,4.49,-0.659,1.941,0,6,0.9087309856220046
VND_EPSILON,BATTERY_A,2021-10-06,2021-10-04,4078,3764,10,0,10,0.9,0.6432,1.54,0.9556,4.13,3.48,-0.679,1.687,0,-2,0.9230014713094654
VND_EPSILON,BEARING_01,2022-11-29,2022-12-01,1181,1181,11,1,11,0.8,0.8009,2.058,0.9295,4.9,3.65,0.183,1.854,0,2,1.0
VND_ZETA,MOTOR_X,2022-10-12,2022-10-12,2215,2215,10,0,14,0.95,0.9056,1.048,1.0,2.08,0.04,-0.007,0.366,0,0,1.0
VND_EPSILON,BLADE_X,2023-05-22,2023-05-26,2603,2010,5,0,12,0.85,0.7347,2.154,0.9425,5.37,6.65,-0.289,2.054,0,4,0.7721859393008068
VND_ALPHA,MOTOR_X,2021-04-23,2021-04-28,7892,7797,4,0,14,0.95,0.8256,0.975,0.9197,3.44,0.0,-0.737,0.775,0,5,0.9879624936644703
VND_ZETA,BLADE_X,2021-10-08,2021-10-08,5900,4643,10,0,12,0.85,0.9593,1.194,1.0,2.08,0.04,-0.007,0.366,0,0,0.7869491525423729
VND_DELTA,BLADE_X,2021-11-10,2021-11-17,2499,1950,11,1,12,0.85,0.3575,4.738,0.7643,10.0,9.01,-1.0,3.571,1,7,0.78031212484994
VND_DELTA,CABLE_R,2021-06-02,2021-06-02,4549,3331,6,0,8,0.7,0.4024,5.372,0.761,10.0,7.21,-1.0,4.359,1,0,0.7322488459001979
VND_ALPHA,CABLE_R,2023-10-18,2023-10-17,2726,2556,10,0,8,0.7,0.8193,1.128,0.9151,3.41,0.0,-0.618,1.079,0,-1,0.9376375641966251
VND_DELTA,BLADE_X,2021-02-16,2021-02-21,414,290,2,0,12,0.85,0.3541,3.718,0.8066,10.0,7.1,-1.0,3.739,0,5,0.7004830917874396
VND_GAMMA,BLADE_X,2022-01-14,2022-01-14,6031,6031,1,1,12,0.85,1.0,-0.183,1.0,1.85,2.16,0.022,0.306,0,0,1.0
VND_BETA,BATTERY_A,2023-12-12,2023-12-15,5139,4319,12,1,10,0.9,0.567,2.307,0.867,7.45,6.37,-1.0,2.215,1,3,0.8404358824674061
VND_GAMMA,BATTERY_A,2021-08-21,2021-08-21,979,979,8,0,10,0.9,0.9892,0.857,0.9684,2.14,2.59,-0.277,0.173,0,0,1.0
VND_GAMMA,BLADE_X,2022-10-14,2022-10-15,7477,7249,10,0,12,0.85,0.9042,0.722,1.0,0.49,0.87,-0.256,1.02,0,1,0.9695064865587802
VND_BETA,BATTERY_A,2022-03-11,2022-03-16,4969,3818,3,0,10,0.9,0.571,2.737,0.9127,7.31,4.89,-0.841,3.19,0,5,0.768363855906621
VND_BETA,BATTERY_A,2021-04-11,2021-04-10,2465,2140,4,0,10,0.9,0.585,2.413,0.8221,7.67,5.01,-1.0,2.322,1,-1,0.8681541582150102
VND_EPSILON,BLADE_X,2021-06-13,2021-06-15,6848,6486,6,0,12,0.85,0.7368,1.084,0.9636,5.8,3.45,-0.555,1.904,1,2,0.9471378504672897
VND_EPSILON,BLADE_X,2022-09-02,2022-09-03,1022,909,9,0,12,0.85,0.7305,1.579,0.9029,4.38,3.89,-0.441,1.169,0,1,0.8894324853228963
VND_ALPHA,SWITCH_S,2022-10-01,2022-10-02,7727,7046,10,0,6,0.65,0.8461,1.191,0.957,3.41,0.0,-0.618,1.079,1,1,0.9118674776756827
VND_ALPHA,SWITCH_S,2022-11-14,2022-11-15,2404,2404,11,1,6,0.65,0.8448,0.218,0.9663,3.94,3.27,-0.255,0.88,0,1,1.0
VND_BETA,MOTOR_X,2021-05-21,2021-05-21,972,956,5,0,14,0.95,0.5401,2.866,0.9142,8.96,6.56,-0.962,3.201,1,0,0.9835390946502057
VND_ALPHA,MOTOR_X,2023-09-04,2023-09-04,548,466,9,0,14,0.95,0.8226,0.688,0.9776,3.19,0.54,0.027,0.512,0,0,0.8503649635036497
VND_GAMMA,BEARING_01,2023-04-12,2023-04-15,4639,4554,4,0,11,0.8,0.9227,0.583,0.9885,1.81,0.33,-0.556,0.389,0,3,0.9816770855787885
VND_GAMMA,BATTERY_A,2021-11-22,2021-11-22,5040,5040,11,1,10,0.9,1.0,0.265,0.9915,0.77,1.58,0.264,0.0,1,0,1.0
VND_ALPHA,SCREW_M4,2022-11-16,2022-11-16,1579,1531,11,1,5,0.4,0.8561,1.074,1.0,3.94,3.27,-0.255,0.88,0,0,0.9696010132995567
VND_ZETA,CASING_B,2021-08-01,2021-08-02,5367,5367,8,0,7,0.6,0.9356,0.938,0.9563,1.44,0.77,0.404,0.0,0,1,1.0
VND_DELTA,MOTOR_X,2022-03-24,2022-03-25,6169,4404,3,0,14,0.95,0.3575,4.798,0.7459,9.67,7.03,-1.0,3.314,0,1,0.7138920408494084
VND_BETA,CASING_B,2023-11-10,2023-11-10,2154,1626,11,1,7,0.6,0.4946,2.589,0.9075,7.62,7.21,-0.911,3.187,1,0,0.754874651810585
VND_ALPHA,SWITCH_S,2023-12-08,2023-12-12,7368,6647,12,1,6,0.65,0.8151,0.821,0.923,1.72,2.38,-0.358,1.423,0,4,0.9021444082519001
VND_EPSILON,BLADE_X,2022-01-20,2022-01-20,4235,4231,1,1,12,0.85,0.6681,0.896,0.9307,5.06,3.05,-0.408,1.754,0,0,0.9990554899645808
VND_ALPHA,SCREW_M4,2023-05-31,2023-06-03,1928,1928,5,0,5,0.4,0.8354,0.555,1.0,2.19,1.91,-0.492,0.435,0,3,1.0
VND_BETA,SWITCH_S,2023-12-17,2023-12-20,2597,2054,12,1,6,0.65,0.5362,2.486,0.8796,7.45,6.37,-1.0,2.215,1,3,0.790912591451675
VND_BETA,CABLE_R,2023-04-09,2023-04-07,5039,4043,4,0,8,0.7,0.5289,2.338,0.8973,7.67,5.01,-1.0,2.322,1,-2,0.8023417344711252
VND_EPSILON,SWITCH_S,2022-08-13,2022-08-13,2406,1925,8,0,6,0.65,0.7612,1.712,0.9917,7.16,0.93,-0.254,0.955,0,0,0.8000831255195345
VND_EPSILON,SCREW_M4,2021-09-13,2021-09-13,5990,5990,9,0,5,0.4,0.7526,1.816,0.9614,4.38,3.89,-0.441,1.169,1,0,1.0
VND_GAMMA,SWITCH_S,2023-10-17,2023-10-17,211,194,10,0,6,0.65,0.9522,-0.479,1.0,0.49,0.87,-0.256,1.02,0,0,0.919431279620853
VND_DELTA,BATTERY_A,2022-01-27,2022-02-06,6317,5609,1,1,10,0.9,0.4279,4.964,0.7675,10.0,9.08,-1.0,3.072,1,10,0.8879214817160044
VND_ZETA,BLADE_X,2021-09-20,2021-09-20,4923,4923,9,0,12,0.85,0.9098,0.313,0.9721,3.04,0.65,-0.322,0.705,0,0,1.0
VND_ZETA,CASING_B,2021-09-03,2021-09-01,5697,5585,9,0,7,0.6,0.9118,0.364,1.0,3.04,0.65,-0.322,0.705,0,-2,0.9803405301035633
VND_BETA,SCREW_M4,2021-03-24,2021-03-27,2091,1639,3,0,5,0.4,0.5354,2.917,0.8566,7.31,4.89,-0.841,3.19,0,3,0.7838354854136776
VND_ZETA,SCREW_M4,2021-04-06,2021-04-07,6190,5984,4,0,5,0.4,0.9181,0.308,0.9524,4.0,1.67,-0.484,0.326,0,1,0.9667205169628433
VND_ZETA,BATTERY_A,2023-03-20,2023-03-22,1289,1127,3,0,10,0.9,0.9793,-0.294,0.9988,3.65,1.04,-0.406,0.887,0,2,0.8743211792086889
VND_GAMMA,SCREW_M4,2021-08-19,2021-08-19,4906,4023,8,0,5,0.4,0.9021,0.487,0.969,2.14,2.59,-0.277,0.173,0,0,0.8200163065633918
VND_ZETA,MOTOR_X,2022-03-07,2022-03-07,6075,5035,3,0,14,0.95,0.9447,0.668,0.99,3.65,1.04,-0.406,0.887,0,0,0.8288065843621399
VND_ZETA,BATTERY_A,2021-01-29,2021-01-31,3586,3021,1,1,10,0.9,0.9178,0.422,1.0,1.09,2.03,0.123,0.866,0,2,0.8424428332403793
VND_GAMMA,BATTERY_A,2022-02-27,2022-02-28,3862,3405,2,0,10,0.9,0.9018,0.106,1.0,0.13,0.0,-0.083,0.079,0,1,0.8816675297773174
VND_BETA,CASING_B,2021-09-10,2021-09-14,7317,6753,9,0,7,0.6,0.5003,3.213,0.8966,7.93,5.56,-0.497,2.593,0,4,0.922919229192292
VND_GAMMA,CABLE_R,2023-04-22,2023-04-23,3302,3302,4,0,8,0.7,0.9555,0.54,1.0,1.81,0.33,-0.556,0.389,0,1,1.0
VND_DELTA,BLADE_X,2022-02-17,2022-02-25,7226,4812,2,0,12,0.85,0.4194,4.976,0.7655,10.0,7.1,-1.0,3.739,1,8,0.66592859119845
VND_BETA,CASING_B,2023-03-09,2023-03-13,3093,2919,3,0,7,0.6,0.5654,3.161,0.8644,7.31,4.89,-0.841,3.19,1,4,0.9437439379243453
VND_ZETA,SCREW_M4,2022-05-13,2022-05-15,4213,4213,5,0,5,0.4,1.0,0.364,0.9853,3.15,0.0,0.105,0.83,1,2,1.0
VND_GAMMA,BEARING_01,2023-06-15,2023-06-15,600,600,6,0,11,0.8,0.8474,0.236,0.975,1.52,0.0,0.363,0.701,0,0,1.0
VND_ALPHA,BLADE_X,2023-06-07,2023-06-09,3997,3767,6,0,12,0.85,0.8479,0.912,0.9932,4.67,1.37,-0.2,0.43,0,2,0.9424568426319739
VND_ALPHA,CASING_B,2021-05-03,2021-05-03,6330,5796,5,0,7,0.6,0.7451,0.368,0.9451,2.19,1.91,-0.492,0.435,0,0,0.9156398104265403
VND_EPSILON,BEARING_01,2022-08-16,2022-08-16,1869,1566,8,0,11,0.8,0.6738,2.117,0.9097,7.16,0.93,-0.254,0.955,0,0,0.8378812199036918
VND_ALPHA,SWITCH_S,2022-08-12,2022-08-10,1352,1352,8,0,6,0.65,0.7915,0.76,0.944,2.6,1.31,-0.401,1.741,0,-2,1.0
VND_GAMMA,BLADE_X,2021-12-29,2021-12-29,3691,3691,12,1,12,0.85,0.9715,-0.681,0.9566,1.78,3.21,-0.462,0.474,0,0,1.0
VND_DELTA,MOTOR_X,2023-12-21,2023-12-27,734,508,12,1,14,0.95,0.3371,4.516,0.7018,9.5,6.79,-1.0,3.943,1,6,0.6920980926430518
VND_GAMMA,BEARING_01,2022-09-13,2022-09-14,5477,5425,9,0,11,0.8,0.9519,0.275,0.9564,1.65,0.0,-0.445,0.427,0,1,0.9905057513237173
VND_DELTA,SCREW_M4,2022-02-16,2022-02-16,5839,4587,2,0,5,0.4,0.3942,4.792,0.7941,10.0,7.1,-1.0,3.739,1,0,0.785579722555232
VND_DELTA,BLADE_X,2023-03-11,2023-03-18,2408,2000,3,0,12,0.85,0.47,5.318,0.7907,9.67,7.03,-1.0,3.314,1,7,0.8305647840531561
VND_DELTA,CASING_B,2022-03-28,2022-04-03,3789,3096,3,0,7,0.6,0.4006,4.81,0.7415,9.67,7.03,-1.0,3.314,1,6,0.8171021377672208
VND_ALPHA,CASING_B,2022-04-26,2022-04-27,5485,4852,4,0,7,0.6,0.821,1.522,0.9625,3.44,0.0,-0.737,0.775,1,1,0.8845943482224248
VND_DELTA,BEARING_01,2022-03-25,2022-03-29,7970,6546,3,0,11,0.8,0.3983,4.282,0.7429,9.67,7.03,-1.0,3.314,1,4,0.8213299874529486
VND_ALPHA,CASING_B,2022-07-03,2022-07-03,6108,6108,7,0,7,0.6,0.8264,0.946,0.9807,2.66,1.71,-0.565,1.15,0,0,1.0
VND_EPSILON,CABLE_R,2022-06-06,2022-06-08,5851,4639,6,0,8,0.7,0.701,1.191,0.9232,5.8,3.45,-0.555,1.904,0,2,0.7928559220646043
VND_GAMMA,BATTERY_A,2023-11-24,2023-11-24,6749,6605,11,1,10,0.9,0.9918,0.672,0.9884,0.77,1.58,0.264,0.0,1,0,0.9786635057045489
VND_ZETA,BLADE_X,2023-04-07,2023-04-09,366,362,4,0,12,0.85,0.9638,0.613,1.0,4.0,1.67,-0.484,0.326,1,2,0.9890710382513661
VND_EPSILON,BATTERY_A,2021-08-08,2021-08-08,2176,1939,8,0,10,0.9,0.7544,1.753,0.9501,7.16,0.93,-0.254,0.955,0,0,0.8910845588235294
VND_GAMMA,BLADE_X,2022-05-16,2022-05-16,6407,6345,5,0,12,0.85,0.9102,0.305,1.0,1.61,2.86,-0.038,0.521,0,0,0.9903230841267364
VND_ZETA,CASING_B,2023-10-15,2023-10-15,4528,4528,10,0,7,0.6,0.9788,-0.14,0.9465,2.08,0.04,-0.007,0.366,0,0,1.0
VND_BETA,MOTOR_X,2021-02-10,2021-02-12,2881,2705,2,0,14,0.95,0.5525,3.398,0.8214,7.47,5.81,-0.631,3.173,0,2,0.9389101006594932
VND_EPSILON,SWITCH_S,2022-11-30,2022-12-04,211,174,11,1,6,0.65,0.6994,1.965,0.9303,4.9,3.65,0.183,1.854,0,4,0.8246445497630331
VND_BETA,BEARING_01,2022-01-19,2022-01-19,1088,1068,1,1,11,0.8,0.5503,3.031,0.8965,8.49,4.94,-0.843,2.646,1,0,0.9816176470588235
VND_ZETA,BLADE_X,2023-05-21,2023-05-24,2257,2133,5,0,12,0.85,0.9492,0.559,0.9842,3.15,0.0,0.105,0.83,0,3,0.9450598139122729
VND_EPSILON,BLADE_X,2022-02-13,2022-02-15,5351,5070,2,0,12,0.85,0.7824,1.689,0.9443,3.97,2.95,-0.443,1.143,0,2,0.9474864511306298
VND_ZETA,SWITCH_S,2023-01-01,2023-01-01,987,987,1,1,6,0.65,0.9254,0.502,0.9853,1.09,2.03,0.123,0.866,0,0,1.0
VND_DELTA,SWITCH_S,2022-02-06,2022-02-10,7492,5019,2,0,6,0.65,0.4224,5.292,0.8047,10.0,7.1,-1.0,3.739,1,4,0.6699145755472504
VND_GAMMA,SCREW_M4,2021-04-04,2021-04-03,7227,5908,4,0,5,0.4,0.9007,0.996,0.9362,1.81,0.33,-0.556,0.389,0,-1,0.8174899681748997
VND_GAMMA,CABLE_R,2023-08-24,2023-08-24,6417,6222,8,0,8,0.7,0.9434,0.202,0.9822,2.14,2.59,-0.277,0.173,0,0,0.9696119682094436
VND_EPSILON,SCREW_M4,2022-11-14,2022-11-19,4239,3494,11,1,5,0.4,0.7259,1.635,0.9006,4.9,3.65,0.183,1.854,1,5,0.8242510025949517
VND_DELTA,SCREW_M4,2021-02-03,2021-02-09,5850,4258,2,0,5,0.4,0.3429,5.526,0.7625,10.0,7.1,-1.0,3.739,1,6,0.7278632478632479
VND_ALPHA,BATTERY_A,2021-10-08,2021-10-08,2094,1844,10,0,10,0.9,0.8802,1.756,0.9549,3.41,0.0,-0.618,1.079,0,0,0.8806112702960841
VND_ALPHA,SWITCH_S,2022-02-24,2022-02-24,4026,4026,2,0,6,0.65,0.8164,0.575,0.9567,2.97,1.37,0.254,1.307,0,0,1.0
VND_EPSILON,SWITCH_S,2021-05-29,2021-05-31,1040,906,5,0,6,0.65,0.7273,0.992,0.8989,5.37,6.65,-0.289,2.054,0,2,0.8711538461538462
VND_ZETA,BEARING_01,2021-10-05,2021-10-06,2008,1854,10,0,11,0.8,0.9336,0.997,0.9955,2.08,0.04,-0.007,0.366,0,1,0.9233067729083665
VND_BETA,SCREW_M4,2023-01-30,2023-02-04,993,871,1,1,5,0.4,0.5558,2.797,0.8946,8.49,4.94,-0.843,2.646,1,5,0.877139979859013
VND_GAMMA,MOTOR_X,2021-01-24,2021-01-24,7721,7185,1,1,14,0.95,0.9339,0.252,1.0,1.85,2.16,0.022,0.306,0,0,0.930578940551742
VND_ALPHA,SWITCH_S,2022-07-29,2022-07-29,5467,5063,7,0,6,0.65,0.8508,0.356,0.9493,2.66,1.71,-0.565,1.15,1,0,0.9261020669471374
VND_BETA,BEARING_01,2021-07-11,2021-07-16,2991,2843,7,0,11,0.8,0.5075,2.439,0.9083,8.11,6.76,-1.0,3.129,1,5,0.9505182213306587
VND_EPSILON,SCREW_M4,2021-09-01,2021-09-01,966,887,9,0,5,0.4,0.7662,1.876,0.9274,4.38,3.89,-0.441,1.169,1,0,0.9182194616977226
VND_EPSILON,BLADE_X,2022-05-09,2022-05-10,561,561,5,0,12,0.85,0.7543,1.32,0.9716,5.37,6.65,-0.289,2.054,0,1,1.0
VND_ZETA,BEARING_01,2022-07-22,2022-07-22,4632,4632,7,0,11,0.8,0.9204,0.901,0.9629,1.63,0.0,0.462,0.0,0,0,1.0
VND_ZETA,CASING_B,2021-01-14,2021-01-14,7787,6348,1,1,7,0.6,0.9888,1.598,0.9657,1.09,2.03,0.123,0.866,0,0,0.8152048285604212
VND_BETA,BEARING_01,2023-04-24,2023-04-24,7470,6004,4,0,11,0.8,0.5505,1.82,0.8686,7.67,5.01,-1.0,2.322,1,0,0.8037483266398929
VND_ALPHA,CABLE_R,2021-07-01,2021-06-30,4326,4231,7,0,8,0.7,0.7953,1.143,0.9497,2.66,1.71,-0.565,1.15,1,-1,0.9780397595931577
VND_EPSILON,SCREW_M4,2022-07-23,2022-07-26,200,179,7,0,5,0.4,0.7062,1.334,0.8968,4.08,2.56,-0.606,1.633,0,3,0.895
VND_ZETA,SWITCH_S,2022-12-16,2022-12-15,7856,6841,12,1,6,0.65,0.8591,0.002,1.0,4.01,0.19,-0.074,0.755,0,-1,0.8707993890020367
VND_DELTA,CABLE_R,2021-12-03,2021-12-01,420,301,12,1,8,0.7,0.3164,4.524,0.7685,9.5,6.79,-1.0,3.943,1,-2,0.7166666666666667
VND_ZETA,BATTERY_A,2021-02-13,2021-02-13,5666,5666,2,0,10,0.9,0.9287,-0.167,1.0,0.68,0.31,-0.17,0.259,0,0,1.0
VND_BETA,BLADE_X,2021-12-19,2021-12-19,6936,6058,12,1,12,0.85,0.5908,3.525,0.8729,7.45,6.37,-1.0,2.215,1,0,0.8734140715109573
VND_BETA,CASING_B,2021-04-03,2021-04-05,6200,6081,4,0,7,0.6,0.5615,3.122,0.842,7.67,5.01,-1.0,2.322,1,2,0.9808064516129033
VND_BETA,CASING_B,2022-03-05,2022-03-10,1819,1394,3,0,7,0.6,0.529,3.182,0.8985,7.31,4.89,-0.841,3.19,1,5,0.7663551401869159
VND_GAMMA,CASING_B,2023-08-02,2023-08-03,701,695,8,0,7,0.6,0.9926,0.274,1.0,2.14,2.59,-0.277,0.173,0,1,0.9914407988587732
VND_BETA,BEARING_01,2021-10-03,2021-10-04,457,434,10,0,11,0.8,0.532,3.24,0.8967,7.34,4.7,-0.665,2.932,1,1,0.949671772428884
VND_ZETA,BATTERY_A,2022-02-23,2022-02-22,3203,2909,2,0,10,0.9,0.924,0.254,0.9823,0.68,0.31,-0.17,0.259,0,-1,0.9082110521386201
VND_ZETA,BLADE_X,2023-06-04,2023-06-04,1460,1460,6,0,12,0.85,0.9156,-0.374,1.0,0.95,0.58,-1.0,0.11,0,0,1.0
VND_BETA,BATTERY_A,2023-08-29,2023-09-03,3297,3182,8,0,10,0.9,0.5323,3.104,0.8728,8.24,4.9,-0.912,2.005,1,5,0.9651198058841371
VND_BETA,MOTOR_X,2023-02-07,2023-02-07,487,325,2,0,14,0.95,0.632,2.413,0.8853,7.47,5.81,-0.631,3.173,1,0,0.6673511293634496
VND_ZETA,CASING_B,2023-05-11,2023-05-11,1089,951,5,0,7,0.6,1.0,1.078,0.9811,3.15,0.0,0.105,0.83,0,0,0.8732782369146006
VND_BETA,BATTERY_A,2022-03-10,2022-03-14,799,636,3,0,10,0.9,0.4869,2.851,0.7928,7.31,4.89,-0.841,3.19,0,4,0.7959949937421777
VND_DELTA,CASING_B,2021-08-11,2021-08-11,3760,3376,8,0,7,0.6,0.405,4.441,0.799,10.0,7.14,-1.0,3.931,1,0,0.8978723404255319
VND_ZETA,SCREW_M4,2021-12-07,2021-12-07,2380,2181,12,1,5,0.4,0.916,0.92,0.9637,4.01,0.19,-0.074,0.755,0,0,0.9163865546218487
VND_DELTA,CABLE_R,2021-11-19,2021-11-23,6989,5158,11,1,8,0.7,0.4034,3.94,0.7912,10.0,9.01,-1.0,3.571,1,4,0.7380168836743454
VND_DELTA,SCREW_M4,2023-05-21,2023-05-25,1610,1190,5,0,5,0.4,0.3675,4.234,0.7379,9.38,7.59,-0.912,3.272,0,4,0.7391304347826086
VND_GAMMA,BEARING_01,2022-10-09,2022-10-10,2331,2107,10,0,11,0.8,0.901,0.017,0.9657,0.49,0.87,-0.256,1.02,0,1,0.9039039039039038
VND_ZETA,SCREW_M4,2021-02-11,2021-02-12,1807,1702,2,0,5,0.4,0.9599,0.55,0.9768,0.68,0.31,-0.17,0.259,0,1,0.9418926397343663
VND_GAMMA,SWITCH_S,2023-02-09,2023-02-09,6528,5917,2,0,6,0.65,0.9066,-0.328,0.9407,0.13,0.0,-0.083,0.079,0,0,0.9064031862745098
VND_ALPHA,BEARING_01,2021-08-25,2021-08-25,6725,6376,8,0,11,0.8,0.8638,1.773,0.9648,2.6,1.31,-0.401,1.741,0,0,0.9481040892193309
VND_ALPHA,CASING_B,2022-04-16,2022-04-16,6237,5377,4,0,7,0.6,0.7457,1.245,0.9033,3.44,0.0,-0.737,0.775,0,0,0.8621131954465288
VND_EPSILON,BATTERY_A,2023-09-09,2023-09-11,3432,3115,9,0,10,0.9,0.7744,1.072,0.9054,4.38,3.89,-0.441,1.169,0,2,0.9076340326340326
VND_ALPHA,CASING_B,2023-11-27,2023-11-25,1672,1672,11,1,7,0.6,0.8553,-0.182,1.0,3.94,3.27,-0.255,0.88,1,-2,1.0
VND_BETA,SCREW_M4,2022-05-08,2022-05-11,7638,6113,5,0,5,0.4,0.6173,2.734,0.8824,8.96,6.56,-0.962,3.201,1,3,0.8003404032469232
VND_EPSILON,MOTOR_X,2021-06-01,2021-06-01,2178,2116,6,0,14,0.95,0.7665,1.082,0.9221,5.8,3.45,-0.555,1.904,0,0,0.9715335169880625
VND_GAMMA,BATTERY_A,2023-12-12,2023-12-12,4603,4603,12,1,10,0.9,0.9863,0.956,0.9367,1.78,3.21,-0.462,0.474,0,0,1.0
VND_GAMMA,BATTERY_A,2022-06-19,2022-06-19,2920,2920,6,0,10,0.9,0.9763,0.031,1.0,1.52,0.0,0.363,0.701,0,0,1.0
VND_BETA,CASING_B,2021-04-01,2021-04-04,3703,3581,4,0,7,0.6,0.5557,2.169,0.8486,7.67,5.01,-1.0,2.322,0,3,0.9670537402106401
VND_BETA,BEARING_01,2021-10-14,2021-10-18,6777,5935,10,0,11,0.8,0.5455,2.445,0.8932,7.34,4.7,-0.665,2.932,1,4,0.8757562343219714
VND_ZETA,SCREW_M4,2021-07-03,2021-07-03,4443,4443,7,0,5,0.4,0.8708,0.398,1.0,1.63,0.0,0.462,0.0,0,0,1.0
VND_EPSILON,CASING_B,2023-06-25,2023-06-23,785,554,6,0,7,0.6,0.7096,1.113,0.9283,5.8,3.45,-0.555,1.904,0,-2,0.7057324840764331
VND_ZETA,SWITCH_S,2021-06-14,2021-06-16,6243,5922,6,0,6,0.65,0.8977,0.531,0.9487,0.95,0.58,-1.0,0.11,0,2,0.948582412301778
VND_DELTA,CABLE_R,2021-12-04,2021-12-05,5781,4836,12,1,8,0.7,0.3857,4.68,0.7809,9.5,6.79,-1.0,3.943,1,1,0.8365334717176959
VND_GAMMA,BLADE_X,2021-03-03,2021-03-03,471,471,3,0,12,0.85,0.9642,-0.266,0.9622,1.39,0.8,0.586,0.47,0,0,1.0
VND_ALPHA,MOTOR_X,2021-02-19,2021-02-22,7268,7028,2,0,14,0.95,0.8411,1.482,0.9554,2.97,1.37,0.254,1.307,0,3,0.9669785360484314
VND_ALPHA,MOTOR_X,2022-10-23,2022-10-23,1551,1551,10,0,14,0.95,0.8078,1.32,1.0,3.41,0.0,-0.618,1.079,0,0,1.0
VND_ALPHA,BATTERY_A,2022-01-25,2022-01-28,4138,4137,1,1,10,0.9,0.8106,0.823,0.9471,3.7,2.96,-0.026,1.609,0,3,0.999758337361044
VND_DELTA,BATTERY_A,2023-01-31,2023-02-06,668,466,1,1,10,0.9,0.4233,4.272,0.7177,10.0,9.08,-1.0,3.072,1,6,0.6976047904191617
VND_ZETA,MOTOR_X,2021-11-03,2021-11-05,3094,3066,11,1,14,0.95,0.902,-0.097,0.9505,1.99,2.8,0.448,0.025,0,2,0.9909502262443439
VND_DELTA,CABLE_R,2021-08-24,2021-08-24,6710,4301,8,0,8,0.7,0.4031,4.657,0.7928,10.0,7.14,-1.0,3.931,1,0,0.6409836065573771
VND_GAMMA,BLADE_X,2022-06-19,2022-06-20,1504,1466,6,0,12,0.85,1.0,-0.198,0.9618,1.52,0.0,0.363,0.701,0,1,0.9747340425531915
VND_EPSILON,BATTERY_A,2021-10-30,2021-10-31,5118,4993,10,0,10,0.9,0.7477,1.648,0.948,4.13,3.48,-0.679,1.687,0,1,0.9755763970300899
VND_GAMMA,BEARING_01,2023-10-03,2023-10-03,4478,4135,10,0,11,0.8,0.9224,0.652,0.9936,0.49,0.87,-0.256,1.02,0,0,0.9234033050468959
VND_BETA,BATTERY_A,2021-12-26,2022-01-02,6953,6445,12,1,10,0.9,0.4948,2.473,0.8631,7.45,6.37,-1.0,2.215,1,7,0.9269380123687617
VND_EPSILON,BLADE_X,2021-03-28,2021-03-28,2773,2773,3,0,12,0.85,0.767,1.619,0.9859,5.21,3.36,-0.135,2.022,1,0,1.0
VND_DELTA,SWITCH_S,2021-03-24,2021-03-31,4354,3246,3,0,6,0.65,0.351,4.976,0.7795,9.67,7.03,-1.0,3.314,1,7,0.7455213596692697
VND_DELTA,SWITCH_S,2021-02-23,2021-02-25,561,432,2,0,6,0.65,0.3047,4.705,0.7765,10.0,7.1,-1.0,3.739,1,2,0.7700534759358288
VND_ALPHA,MOTOR_X,2022-06-20,2022-06-19,7456,7456,6,0,14,0.95,0.7957,1.732,0.9506,4.67,1.37,-0.2,0.43,0,-1,1.0
VND_DELTA,SCREW_M4,2022-12-09,2022-12-18,5415,4795,12,1,5,0.4,0.3686,4.451,0.7796,9.5,6.79,-1.0,3.943,1,9,0.8855032317636196
VND_ALPHA,CABLE_R,2023-01-11,2023-01-13,6130,6053,1,1,8,0.7,0.7804,0.994,0.9842,3.7,2.96,-0.026,1.609,0,2,0.9874388254486134
VND_EPSILON,BLADE_X,2021-11-04,2021-11-02,3519,3346,11,1,12,0.85,0.7518,1.306,0.9504,4.9,3.65,0.183,1.854,1,-2,0.9508383063370276
VND_EPSILON,SWITCH_S,2021-09-09,2021-09-10,2131,1924,9,0,6,0.65,0.7885,1.57,0.9099,4.38,3.89,-0.441,1.169,1,1,0.9028625058657908
VND_BETA,SWITCH_S,2022-07-06,2022-07-10,4391,3550,7,0,6,0.65,0.572,2.878,0.8441,8.11,6.76,-1.0,3.129,0,4,0.808471874288317
VND_GAMMA,SCREW_M4,2023-01-27,2023-01-28,5617,5317,1,1,5,0.4,0.9634,0.821,0.9792,1.85,2.16,0.022,0.306,0,1,0.9465907067829802
VND_GAMMA,MOTOR_X,2022-09-28,2022-09-28,6930,6445,9,0,14,0.95,0.9316,-0.34,0.9535,1.65,0.0,-0.445,0.427,0,0,0.93001443001443
VND_EPSILON,CASING_B,2023-02-08,2023-02-11,6176,5845,2,0,7,0.6,0.7312,2.094,0.8622,3.97,2.95,-0.443,1.143,0,3,0.9464054404145078
VND_EPSILON,MOTOR_X,2021-03-22,2021-03-23,5320,4808,3,0,14,0.95,0.7283,1.504,0.9044,5.21,3.36,-0.135,2.022,0,1,0.9037593984962407
VND_ALPHA,BEARING_01,2023-04-13,2023-04-13,1903,1903,4,0,11,0.8,0.8114,0.87,0.9504,3.44,0.0,-0.737,0.775,0,0,1.0
VND_DELTA,SCREW_M4,2023-08-01,2023-08-05,5263,3501,8,0,5,0.4,0.3358,4.682,0.782,10.0,7.14,-1.0,3.931,1,4,0.665209956298689
VND_ALPHA,CABLE_R,2023-12-13,2023-12-14,1713,1509,12,1,8,0.7,0.8502,1.215,0.9653,1.72,2.38,-0.358,1.423,0,1,0.8809106830122592
VND_ALPHA,CASING_B,2021-05-05,2021-05-05,2393,2292,5,0,7,0.6,0.7879,1.196,0.9388,2.19,1.91,-0.492,0.435,0,0,0.9577935645633097
VND_ALPHA,MOTOR_X,2023-03-14,2023-03-14,2271,2271,3,0,14,0.95,0.8962,0.874,0.9807,2.73,2.14,-0.359,0.814,0,0,1.0
VND_EPSILON,BATTERY_A,2023-12-20,2023-12-18,6249,6031,12,1,10,0.9,0.6864,2.036,0.9221,2.82,4.49,-0.659,1.941,1,-2,0.9651144183069291
VND_GAMMA,MOTOR_X,2022-06-14,2022-06-14,7220,6510,6,0,14,0.95,0.9292,0.402,0.9709,1.52,0.0,0.363,0.701,0,0,0.9016620498614959
VND_EPSILON,CASING_B,2023-08-29,2023-08-31,4283,4023,8,0,7,0.6,0.7566,1.465,0.9296,7.16,0.93,-0.254,0.955,0,2,0.9392948867616157
VND_EPSILON,SCREW_M4,2022-02-02,2022-02-03,3297,3297,2,0,5,0.4,0.7561,1.416,0.9434,3.97,2.95,-0.443,1.143,0,1,1.0
VND_EPSILON,SCREW_M4,2021-05-12,2021-05-10,3474,2601,5,0,5,0.4,0.8308,1.766,0.9221,5.37,6.65,-0.289,2.054,0,-2,0.7487046632124352
VND_BETA,BLADE_X,2021-11-14,2021-11-22,5713,5219,11,1,12,0.85,0.6357,2.868,0.8935,7.62,7.21,-0.911,3.187,1,8,0.9135305443724838
VND_BETA,BATTERY_A,2023-03-31,2023-04-03,5271,4361,3,0,10,0.9,0.5809,2.508,0.8888,7.31,4.89,-0.841,3.19,1,3,0.8273572377158035
VND_ZETA,BLADE_X,2021-12-16,2021-12-16,4473,4132,12,1,12,0.85,0.9335,0.274,1.0,4.01,0.19,-0.074,0.755,0,0,0.9237648110887547
VND_DELTA,BLADE_X,2022-09-02,2022-09-03,1499,1095,9,0,12,0.85,0.3252,4.115,0.7608,10.0,8.25,-1.0,4.688,0,1,0.7304869913275517
VND_BETA,MOTOR_X,2023-05-10,2023-05-15,6397,5083,5,0,14,0.95,0.5659,2.682,0.9047,8.96,6.56,-0.962,3.201,1,5,0.7945912146318587
VND_GAMMA,CASING_B,2023-12-19,2023-12-19,3729,3694,12,1,7,0.6,0.9396,-0.116,0.992,1.78,3.21,-0.462,0.474,0,0,0.9906141056583534
VND_ALPHA,SCREW_M4,2022-09-27,2022-10-03,6575,5687,9,0,5,0.4,0.8178,1.009,0.9599,3.19,0.54,0.027,0.512,1,6,0.8649429657794677
VND_ALPHA,BLADE_X,2023-08-05,2023-08-03,7355,7018,8,0,12,0.85,0.8171,0.558,1.0,2.6,1.31,-0.401,1.741,0,-2,0.954180829367777
VND_DELTA,MOTOR_X,2022-08-21,2022-08-25,7945,4568,8,0,14,0.95,0.2938,4.164,0.7491,10.0,7.14,-1.0,3.931,1,4,0.5749528005034613
VND_BETA,SWITCH_S,2022-12-28,2023-01-04,7950,7753,12,1,6,0.65,0.5488,2.453,0.858,7.45,6.37,-1.0,2.215,1,7,0.9752201257861636
VND_GAMMA,CABLE_R,2021-03-28,2021-03-27,1728,1728,3,0,8,0.7,0.9605,0.611,0.9964,1.39,0.8,0.586,0.47,0,-1,1.0
VND_BETA,SWITCH_S,2023-01-26,2023-02-03,2984,2354,1,1,6,0.65,0.5575,2.464,0.8179,8.49,4.94,-0.843,2.646,0,8,0.7888739946380697
VND_GAMMA,CASING_B,2022-01-28,2022-01-29,7289,7289,1,1,7,0.6,0.9183,0.73,0.9639,1.85,2.16,0.022,0.306,0,1,1.0
VND_ZETA,MOTOR_X,2021-06-23,2021-06-24,4048,4048,6,0,14,0.95,0.9792,0.182,1.0,0.95,0.58,-1.0,0.11,0,1,1.0
VND_GAMMA,SWITCH_S,2023-04-23,2023-04-23,6688,5792,4,0,6,0.65,1.0,-0.506,0.9794,1.81,0.33,-0.556,0.389,0,0,0.8660287081339713
VND_GAMMA,BLADE_X,2023-11-17,2023-11-17,4916,4916,11,1,12,0.85,1.0,0.576,0.9905,0.77,1.58,0.264,0.0,0,0,1.0
VND_BETA,MOTOR_X,2021-08-12,2021-08-12,3217,2462,8,0,14,0.95,0.5143,2.848,0.8492,8.24,4.9,-0.912,2.005,1,0,0.76530929437364
VND_EPSILON,SCREW_M4,2023-10-23,2023-10-23,4449,3630,10,0,5,0.4,0.792,1.265,0.9257,4.13,3.48,-0.679,1.687,0,0,0.815913688469319
VND_GAMMA,CASING_B,2022-11-11,2022-11-11,6143,5692,11,1,7,0.6,0.9733,0.621,1.0,0.77,1.58,0.264,0.0,1,0,0.9265831027185414
VND_DELTA,CASING_B,2021-05-07,2021-05-13,5718,3849,5,0,7,0.6,0.3929,4.617,0.7347,9.38,7.59,-0.912,3.272,1,6,0.6731374606505771
VND_ALPHA,CABLE_R,2022-08-17,2022-08-18,5826,5826,8,0,8,0.7,0.7074,0.981,0.9343,2.6,1.31,-0.401,1.741,1,1,1.0
VND_GAMMA,MOTOR_X,2022-05-05,2022-05-07,1876,1876,5,0,14,0.95,1.0,0.517,0.9742,1.61,2.86,-0.038,0.521,0,2,1.0
VND_BETA,SCREW_M4,2022-12-29,2022-12-30,1791,1560,12,1,5,0.4,0.5269,3.707,0.9241,7.45,6.37,-1.0,2.215,1,1,0.8710217755443886
VND_EPSILON,BLADE_X,2022-10-08,2022-10-11,7437,7437,10,0,12,0.85,0.7097,1.269,1.0,4.13,3.48,-0.679,1.687,1,3,1.0
VND_DELTA,BATTERY_A,2022-03-31,2022-04-05,6808,4160,3,0,10,0.9,0.3493,4.649,0.8042,9.67,7.03,-1.0,3.314,1,5,0.6110458284371327
VND_ALPHA,CASING_B,2021-07-04,2021-07-04,974,974,7,0,7,0.6,0.8152,1.479,0.987,2.66,1.71,-0.565,1.15,1,0,1.0
VND_EPSILON,BEARING_01,2023-08-14,2023-08-18,6108,5247,8,0,11,0.8,0.6935,1.925,0.9598,7.16,0.93,-0.254,0.955,1,4,0.8590373280943026
VND_EPSILON,BATTERY_A,2021-04-09,2021-04-09,5168,5168,4,0,10,0.9,0.7219,1.929,0.9687,3.47,1.86,-0.305,1.806,0,0,1.0
VND_BETA,SCREW_M4,2021-07-07,2021-07-07,5368,3788,7,0,5,0.4,0.5791,3.374,0.8724,8.11,6.76,-1.0,3.129,1,0,0.7056631892697467
VND_DELTA,SCREW_M4,2022-03-20,2022-03-22,1303,1105,3,0,5,0.4,0.4147,4.087,0.7692,9.67,7.03,-1.0,3.314,1,2,0.8480429777436684
VND_ZETA,SWITCH_S,2022-10-24,2022-10-25,2049,1879,10,0,6,0.65,0.9242,-0.128,0.9856,2.08,0.04,-0.007,0.366,1,1,0.9170326988775013
VND_DELTA,MOTOR_X,2021-03-13,2021-03-17,6125,5168,3,0,14,0.95,0.4119,3.648,0.7284,9.67,7.03,-1.0,3.314,1,4,0.8437551020408163
VND_ALPHA,BATTERY_A,2023-11-01,2023-11-04,4268,4268,11,1,10,0.9,0.8149,1.43,0.9381,3.94,3.27,-0.255,0.88,0,3,1.0
VND_DELTA,CABLE_R,2021-07-15,2021-07-17,3982,2933,7,0,8,0.7,0.3318,4.164,0.7542,10.0,6.05,-1.0,3.274,1,2,0.7365645404319437
VND_EPSILON,SWITCH_S,2023-12-11,2023-12-11,7505,5519,12,1,6,0.65,0.7542,1.225,0.897,2.82,4.49,-0.659,1.941,0,0,0.7353764157228514
VND_ALPHA,MOTOR_X,2022-01-14,2022-01-13,1909,1608,1,1,14,0.95,0.7237,1.204,0.961,3.7,2.96,-0.026,1.609,1,-1,0.8423258250392875
VND_ALPHA,MOTOR_X,2021-08-07,2021-08-07,2940,2850,8,0,14,0.95,0.789,1.085,0.936,2.6,1.31,-0.401,1.741,1,0,0.9693877551020408
VND_ALPHA,SWITCH_S,2021-09-19,2021-09-22,7061,6704,9,0,6,0.65,0.8455,1.934,0.9293,3.19,0.54,0.027,0.512,0,3,0.9494405891516783
VND_BETA,MOTOR_X,2023-02-12,2023-02-14,2934,2776,2,0,14,0.95,0.5701,2.545,0.8653,7.47,5.81,-0.631,3.173,1,2,0.9461486025903204
VND_ZETA,BEARING_01,2023-10-16,2023-10-16,2361,2361,10,0,11,0.8,1.0,0.08,0.9898,2.08,0.04,-0.007,0.366,0,0,1.0
VND_EPSILON,BLADE_X,2021-09-03,2021-09-04,6137,5674,9,0,12,0.85,0.7263,1.416,0.8684,4.38,3.89,-0.441,1.169,1,1,0.9245559719732769
VND_ALPHA,SWITCH_S,2022-03-14,2022-03-17,3409,2903,3,0,6,0.65,0.8184,1.369,0.9766,2.73,2.14,-0.359,0.814,0,3,0.8515693751833382
VND_EPSILON,CABLE_R,2022-12-10,2022-12-13,1297,1187,12,1,8,0.7,0.7134,1.25,0.9083,2.82,4.49,-0.659,1.941,0,3,0.9151888974556669
VND_ALPHA,MOTOR_X,2022-09-30,2022-09-30,5145,5145,9,0,14,0.95,0.8145,0.97,0.9867,3.19,0.54,0.027,0.512,0,0,1.0
VND_ALPHA,BATTERY_A,2023-12-14,2023-12-14,5437,4673,12,1,10,0.9,0.8532,1.709,0.9889,1.72,2.38,-0.358,1.423,1,0,0.8594813316167004
VND_ALPHA,BLADE_X,2022-08-22,2022-08-22,2050,1801,8,0,12,0.85,0.8192,1.096,0.9778,2.6,1.31,-0.401,1.741,0,0,0.8785365853658537
VND_DELTA,SCREW_M4,2023-12-22,2023-12-22,4110,3773,12,1,5,0.4,0.3628,5.392,0.8218,9.5,6.79,-1.0,3.943,1,0,0.9180048661800486
VND_ALPHA,CABLE_R,2021-10-13,2021-10-13,6397,5785,10,0,8,0.7,0.7493,1.35,0.9211,3.41,0.0,-0.618,1.079,0,0,0.9043301547600437
VND_BETA,SWITCH_S,2021-12-16,2021-12-22,6876,6499,12,1,6,0.65,0.5637,2.459,0.8862,7.45,6.37,-1.0,2.215,1,6,0.9451716114019779
VND_BETA,CASING_B,2023-11-02,2023-11-07,1411,1411,11,1,7,0.6,0.543,2.842,0.9213,7.62,7.21,-0.911,3.187,1,5,1.0
VND_BETA,BATTERY_A,2023-07-14,2023-07-16,2452,2122,7,0,10,0.9,0.4875,2.365,0.878,8.11,6.76,-1.0,3.129,0,2,0.865415986949429
VND_GAMMA,CABLE_R,2023-05-07,2023-05-08,828,828,5,0,8,0.7,0.9682,0.198,0.9776,1.61,2.86,-0.038,0.521,0,1,1.0
VND_GAMMA,BATTERY_A,2021-03-16,2021-03-18,5896,5683,3,0,10,0.9,0.9448,0.254,0.9496,1.39,0.8,0.586,0.47,0,2,0.9638738127544098
VND_BETA,BLADE_X,2023-12-01,2023-12-06,4591,4094,12,1,12,0.85,0.5366,3.638,0.8976,7.45,6.37,-1.0,2.215,1,5,0.8917447179263777
VND_ZETA,SWITCH_S,2021-03-29,2021-03-30,6995,6462,3,0,6,0.65,0.954,1.057,0.9571,3.65,1.04,-0.406,0.887,0,1,0.9238027162258756
VND_ZETA,CABLE_R,2021-02-13,2021-02-13,6573,6573,2,0,8,0.7,0.9869,0.43,0.9809,0.68,0.31,-0.17,0.259,0,0,1.0
VND_BETA,CABLE_R,2023-10-06,2023-10-09,7864,6590,10,0,8,0.7,0.5008,2.596,0.8881,7.34,4.7,-0.665,2.932,1,3,0.8379959308240081
VND_DELTA,SWITCH_S,2023-06-11,2023-06-17,6677,5720,6,0,6,0.65,0.3439,4.704,0.7939,10.0,7.21,-1.0,4.359,1,6,0.85667215815486
VND_EPSILON,MOTOR_X,2021-07-16,2021-07-18,1154,1031,7,0,14,0.95,0.7346,2.164,1.0,4.08,2.56,-0.606,1.633,1,2,0.8934142114384749
VND_DELTA,CASING_B,2021-02-06,2021-02-12,7891,6519,2,0,7,0.6,0.3974,5.441,0.7741,10.0,7.1,-1.0,3.739,0,6,0.8261310353567355
VND_BETA,MOTOR_X,2021-04-24,2021-04-26,4461,3328,4,0,14,0.95,0.5793,2.885,0.8579,7.67,5.01,-1.0,2.322,1,2,0.7460210715086304
VND_GAMMA,SCREW_M4,2023-03-11,2023-03-10,3459,3459,3,0,5,0.4,0.9588,-0.218,1.0,1.39,0.8,0.586,0.47,0,-1,1.0
VND_ALPHA,BATTERY_A,2023-03-03,2023-03-02,1461,1461,3,0,10,0.9,0.868,0.771,0.9752,2.73,2.14,-0.359,0.814,0,-1,1.0
VND_ALPHA,BEARING_01,2022-10-19,2022-10-22,7903,7158,10,0,11,0.8,0.8588,1.265,0.9966,3.41,0.0,-0.618,1.079,0,3,0.9057320005061369
VND_ALPHA,SCREW_M4,2021-12-26,2021-12-26,6488,6047,12,1,5,0.4,0.7949,0.811,1.0,1.72,2.38,-0.358,1.423,0,0,0.9320283600493219
VND_GAMMA,SCREW_M4,2022-11-29,2022-12-01,3114,3114,11,1,5,0.4,0.97,0.251,0.9957,0.77,1.58,0.264,0.0,0,2,1.0
VND_DELTA,MOTOR_X,2023-11-09,2023-11-14,4707,4517,11,1,14,0.95,0.3626,5.106,0.7717,10.0,9.01,-1.0,3.571,1,5,0.9596345867856384
VND_DELTA,CASING_B,2021-08-11,2021-08-09,4176,3593,8,0,7,0.6,0.3965,4.691,0.7696,10.0,7.14,-1.0,3.931,1,-2,0.8603927203065134
VND_DELTA,BEARING_01,2021-10-20,2021-10-19,5288,3426,10,0,11,0.8,0.3882,4.691,0.8107,10.0,5.94,-1.0,3.793,1,-1,0.6478819969742814
VND_EPSILON,SCREW_M4,2022-06-25,2022-06-27,2578,2289,6,0,5,0.4,0.694,1.363,0.9312,5.8,3.45,-0.555,1.904,0,2,0.8878975950349108
VND_ALPHA,MOTOR_X,2022-05-11,2022-05-11,2690,2690,5,0,14,0.95,0.774,1.167,0.9768,2.19,1.91,-0.492,0.435,0,0,1.0
VND_EPSILON,MOTOR_X,2023-07-06,2023-07-09,6591,5519,7,0,14,0.95,0.7149,1.514,0.9679,4.08,2.56,-0.606,1.633,0,3,0.8373539675314823
VND_GAMMA,SCREW_M4,2022-09-04,2022-09-04,2144,2089,9,0,5,0.4,0.9013,0.526,0.9876,1.65,0.0,-0.445,0.427,1,0,0.9743470149253731
VND_ZETA,BEARING_01,2023-12-19,2023-12-19,1318,1318,12,1,11,0.8,0.9979,0.122,0.9247,4.01,0.19,-0.074,0.755,0,0,1.0
VND_ALPHA,SWITCH_S,2022-03-11,2022-03-14,2114,2114,3,0,6,0.65,0.752,1.012,0.9682,2.73,2.14,-0.359,0.814,0,3,1.0
VND_EPSILON,CABLE_R,2021-09-12,2021-09-11,637,598,9,0,8,0.7,0.6992,1.949,0.938,4.38,3.89,-0.441,1.169,1,-1,0.9387755102040817
VND_ZETA,BATTERY_A,2023-01-29,2023-01-30,3898,3898,1,1,10,0.9,0.9351,0.194,0.9669,1.09,2.03,0.123,0.866,1,1,1.0
VND_EPSILON,MOTOR_X,2021-04-08,2021-04-09,4356,4356,4,0,14,0.95,0.732,1.11,0.9204,3.47,1.86,-0.305,1.806,1,1,1.0
VND_EPSILON,CABLE_R,2021-05-13,2021-05-16,6780,6309,5,0,8,0.7,0.7562,1.094,0.9343,5.37,6.65,-0.289,2.054,0,3,0.9305309734513274
VND_GAMMA,BLADE_X,2022-01-08,2022-01-08,7859,7748,1,1,12,0.85,0.9448,0.639,0.9694,1.85,2.16,0.022,0.306,0,0,0.9858760656572083
VND_ZETA,MOTOR_X,2023-07-17,2023-07-17,2290,1987,7,0,14,0.95,0.9353,0.412,0.9652,1.63,0.0,0.462,0.0,0,0,0.8676855895196507
VND_DELTA,CASING_B,2023-05-12,2023-05-15,6480,5164,5,0,7,0.6,0.4044,4.356,0.7783,9.38,7.59,-0.912,3.272,1,3,0.7969135802469136
VND_ZETA,SWITCH_S,2022-08-31,2022-09-01,7001,6131,8,0,6,0.65,1.0,0.821,0.9955,1.44,0.77,0.404,0.0,0,1,0.8757320382802457
VND_ALPHA,BEARING_01,2023-12-06,2023-12-06,2621,2484,12,1,11,0.8,0.8061,0.791,0.9814,1.72,2.38,-0.358,1.423,0,0,0.9477298740938573
VND_EPSILON,CASING_B,2023-01-20,2023-01-20,4945,4789,1,1,7,0.6,0.7702,1.774,0.9495,5.06,3.05,-0.408,1.754,1,0,0.9684529828109201
VND_ZETA,SWITCH_S,2022-05-24,2022-05-24,1403,1375,5,0,6,0.65,0.8887,0.355,1.0,3.15,0.0,0.105,0.83,0,0,0.9800427655024947
VND_EPSILON,CABLE_R,2021-07-30,2021-07-30,2611,2425,7,0,8,0.7,0.7342,1.467,0.9684,4.08,2.56,-0.606,1.633,0,0,0.928762926081961
VND_EPSILON,MOTOR_X,2022-09-27,2022-09-30,4865,3965,9,0,14,0.95,0.7091,1.511,0.954,4.38,3.89,-0.441,1.169,0,3,0.8150051387461459
VND_BETA,SCREW_M4,2022-01-25,2022-01-27,1087,938,1,1,5,0.4,0.5476,2.954,0.88,8.49,4.94,-0.843,2.646,1,2,0.8629254829806807
VND_BETA,CASING_B,2022-08-26,2022-08-28,6594,5427,8,0,7,0.6,0.5273,2.654,0.9198,8.24,4.9,-0.912,2.005,0,2,0.8230209281164695
VND_DELTA,CASING_B,2023-04-08,2023-04-11,4819,3605,4,0,7,0.6,0.2829,4.289,0.7914,10.0,7.27,-1.0,3.863,1,3,0.7480805146295912
VND_DELTA,MOTOR_X,2021-02-17,2021-02-21,4770,3317,2,0,14,0.95,0.3583,3.964,0.7035,10.0,7.1,-1.0,3.739,1,4,0.6953878406708596
VND_BETA,BEARING_01,2023-03-27,2023-03-31,5444,4422,3,0,11,0.8,0.5554,2.439,0.8428,7.31,4.89,-0.841,3.19,0,4,0.8122703894195444
VND_DELTA,BATTERY_A,2023-05-06,2023-05-12,7504,6807,5,0,10,0.9,0.4294,4.857,0.7699,9.38,7.59,-0.912,3.272,1,6,0.9071162046908315
VND_ZETA,MOTOR_X,2023-06-25,2023-06-24,1624,1503,6,0,14,0.95,0.9508,0.366,0.9856,0.95,0.58,-1.0,0.11,0,-1,0.9254926108374384
VND_GAMMA,SCREW_M4,2022-04-13,2022-04-13,4459,4459,4,0,5,0.4,0.9872,0.589,0.9638,1.81,0.33,-0.556,0.389,1,0,1.0
VND_GAMMA,SCREW_M4,2023-01-11,2023-01-10,5526,5526,1,1,5,0.4,1.0,0.572,1.0,1.85,2.16,0.022,0.306,0,-1,1.0
VND_EPSILON,SCREW_M4,2021-10-11,2021-10-11,5584,4431,10,0,5,0.4,0.7659,1.651,0.8985,4.13,3.48,-0.679,1.687,0,0,0.7935171919770774
VND_GAMMA,MOTOR_X,2021-01-07,2021-01-06,7550,6807,1,1,14,0.95,0.9442,-0.568,0.9906,1.85,2.16,0.022,0.306,0,-1,0.90158940397351
VND_DELTA,CABLE_R,2021-08-30,2021-09-07,1367,1131,8,0,8,0.7,0.3447,5.125,0.7548,10.0,7.14,-1.0,3.931,1,8,0.8273591806876371
VND_GAMMA,SWITCH_S,2021-03-03,2021-03-03,4699,4699,3,0,6,0.65,0.9601,0.245,0.9663,1.39,0.8,0.586,0.47,0,0,1.0
VND_DELTA,CASING_B,2023-01-05,2023-01-11,4660,3851,1,1,7,0.6,0.3178,4.168,0.7979,10.0,9.08,-1.0,3.072,1,6,0.8263948497854077
VND_DELTA,CASING_B,2022-06-29,2022-07-02,965,721,6,0,7,0.6,0.3935,4.757,0.7691,10.0,7.21,-1.0,4.359,1,3,0.7471502590673575
VND_EPSILON,SWITCH_S,2023-02-14,2023-02-14,3023,2777,2,0,6,0.65,0.7583,1.107,0.926,3.97,2.95,-0.443,1.143,0,0,0.9186238835593781
VND_ZETA,SWITCH_S,2021-05-30,2021-05-31,7764,7078,5,0,6,0.65,0.9353,0.249,1.0,3.15,0.0,0.105,0.83,0,1,0.9116434827408553
VND_ALPHA,SCREW_M4,2023-09-14,2023-09-16,6825,6668,9,0,5,0.4,0.8727,0.988,0.9852,3.19,0.54,0.027,0.512,0,2,0.976996336996337
VND_ALPHA,SWITCH_S,2021-10-26,2021-10-25,6479,5080,10,0,6,0.65,0.8867,1.191,0.9763,3.41,0.0,-0.618,1.079,0,-1,0.784071615990122
VND_EPSILON,SCREW_M4,2022-10-05,2022-10-09,4881,4710,10,0,5,0.4,0.7207,1.979,0.9143,4.13,3.48,-0.679,1.687,0,4,0.9649661954517517
VND_ALPHA,CABLE_R,2022-05-31,2022-05-31,7108,6072,5,0,8,0.7,0.7716,1.46,0.9377,2.19,1.91,-0.492,0.435,0,0,0.8542487338210467
VND_GAMMA,SCREW_M4,2023-03-28,2023-03-28,4635,4397,3,0,5,0.4,1.0,0.473,0.9874,1.39,0.8,0.586,0.47,0,0,0.9486515641855447
VND_BETA,CASING_B,2022-09-29,2022-10-01,7161,6572,9,0,7,0.6,0.4855,2.182,0.9476,7.93,5.56,-0.497,2.593,1,2,0.9177489177489178
VND_ZETA,BLADE_X,2021-03-25,2021-03-27,7201,7046,3,0,12,0.85,0.9884,0.142,1.0,3.65,1.04,-0.406,0.887,0,2,0.9784752117761422
VND_BETA,MOTOR_X,2023-09-07,2023-09-11,6363,5505,9,0,14,0.95,0.5817,2.921,0.8813,7.93,5.56,-0.497,2.593,1,4,0.8651579443658651
VND_ALPHA,SCREW_M4,2021-01-14,2021-01-14,5669,5669,1,1,5,0.4,0.8179,0.959,0.9035,3.7,2.96,-0.026,1.609,0,0,1.0
VND_EPSILON,SWITCH_S,2023-03-12,2023-03-12,7632,7432,3,0,6,0.65,0.7555,1.329,0.9465,5.21,3.36,-0.135,2.022,1,0,0.9737945492662474
VND_ALPHA,SWITCH_S,2021-04-23,2021-04-25,1156,1156,4,0,6,0.65,0.8078,0.667,0.953,3.44,0.0,-0.737,0.775,0,2,1.0
VND_EPSILON,SWITCH_S,2022-02-18,2022-02-18,814,678,2,0,6,0.65,0.7614,0.859,0.9717,3.97,2.95,-0.443,1.143,0,0,0.8329238329238329
VND_ZETA,BATTERY_A,2022-01-31,2022-01-31,6870,6870,1,1,10,0.9,0.9784,0.344,0.9947,1.09,2.03,0.123,0.866,0,0,1.0
VND_ALPHA,CABLE_R,2021-04-09,2021-04-09,7944,7098,4,0,8,0.7,0.8701,1.003,0.9366,3.44,0.0,-0.737,0.775,0,0,0.8935045317220544
VND_DELTA,BATTERY_A,2023-12-17,2023-12-21,658,484,12,1,10,0.9,0.4099,4.644,0.7632,9.5,6.79,-1.0,3.943,1,4,0.7355623100303952
VND_ALPHA,BLADE_X,2022-08-24,2022-08-26,5359,5232,8,0,12,0.85,0.8139,1.001,0.9586,2.6,1.31,-0.401,1.741,0,2,0.9763015487964173
VND_ZETA,BATTERY_A,2022-10-21,2022-10-21,645,627,10,0,10,0.9,0.9798,0.609,0.9379,2.08,0.04,-0.007,0.366,0,0,0.9720930232558139
VND_DELTA,BEARING_01,2021-12-29,2022-01-06,7268,5205,12,1,11,0.8,0.3753,3.655,0.7992,9.5,6.79,-1.0,3.943,1,8,0.7161529994496423
VND_EPSILON,SCREW_M4,2023-06-27,2023-06-29,5459,5459,6,0,5,0.4,0.7754,1.201,0.8865,5.8,3.45,-0.555,1.904,0,2,1.0
VND_ZETA,SWITCH_S,2021-10-22,2021-10-22,612,580,10,0,6,0.65,0.9642,-0.558,1.0,2.08,0.04,-0.007,0.366,0,0,0.9477124183006536
VND_BETA,CABLE_R,2022-07-28,2022-07-30,2412,2072,7,0,8,0.7,0.5817,2.743,0.8802,8.11,6.76,-1.0,3.129,1,2,0.8590381426202321
VND_DELTA,MOTOR_X,2023-06-22,2023-06-25,3826,3231,6,0,14,0.95,0.3915,3.845,0.7718,10.0,7.21,-1.0,4.359,1,3,0.8444851019341348
VND_DELTA,BLADE_X,2021-11-29,2021-12-01,676,595,11,1,12,0.85,0.3597,4.238,0.829,10.0,9.01,-1.0,3.571,1,2,0.8801775147928994
VND_BETA,BEARING_01,2023-04-06,2023-04-10,6450,6148,4,0,11,0.8,0.5268,2.433,0.8474,7.67,5.01,-1.0,2.322,1,4,0.9531782945736434
VND_ZETA,SWITCH_S,2021-09-24,2021-09-24,5084,5084,9,0,6,0.65,0.9109,-0.409,0.9976,3.04,0.65,-0.322,0.705,0,0,1.0
VND_GAMMA,CASING_B,2021-02-09,2021-02-09,4750,4750,2,0,7,0.6,0.9208,0.277,0.9388,0.13,0.0,-0.083,0.079,0,0,1.0
VND_ZETA,BATTERY_A,2023-10-05,2023-10-07,6139,6139,10,0,10,0.9,0.8861,-0.329,1.0,2.08,0.04,-0.007,0.366,0,2,1.0
VND_DELTA,BEARING_01,2021-04-08,2021-04-15,1518,1207,4,0,11,0.8,0.3651,4.306,0.723,10.0,7.27,-1.0,3.863,1,7,0.7951251646903821
VND_GAMMA,BATTERY_A,2021-02-16,2021-02-16,3454,2937,2,0,10,0.9,0.9208,0.096,0.9792,0.13,0.0,-0.083,0.079,0,0,0.8503184713375797
VND_ALPHA,BLADE_X,2022-02-04,2022-02-06,1825,1825,2,0,12,0.85,0.8069,0.827,0.9344,2.97,1.37,0.254,1.307,1,2,1.0
VND_DELTA,SCREW_M4,2022-04-21,2022-04-28,930,604,4,0,5,0.4,0.3872,4.332,0.7951,10.0,7.27,-1.0,3.863,1,7,0.6494623655913978
VND_GAMMA,CASING_B,2023-01-03,2023-01-04,6056,5608,1,1,7,0.6,0.9336,-0.154,0.9535,1.85,2.16,0.022,0.306,0,1,0.9260237780713342
VND_BETA,CASING_B,2022-12-08,2022-12-09,7702,7388,12,1,7,0.6,0.5736,3.234,0.8641,7.45,6.37,-1.0,2.215,1,1,0.9592313684757205
VND_ALPHA,SWITCH_S,2023-08-15,2023-08-19,4662,4662,8,0,6,0.65,0.8238,1.28,0.9605,2.6,1.31,-0.401,1.741,0,4,1.0
VND_DELTA,BATTERY_A,2021-01-22,2021-01-22,1878,1618,1,1,10,0.9,0.3346,5.278,0.7377,10.0,9.08,-1.0,3.072,1,0,0.8615548455804047
VND_ZETA,CASING_B,2021-07-28,2021-07-29,843,685,7,0,7,0.6,0.9591,0.776,0.9128,1.63,0.0,0.462,0.0,0,1,0.8125741399762753
VND_ALPHA,CASING_B,2023-02-17,2023-02-19,1122,887,2,0,7,0.6,0.7859,0.714,0.9714,2.97,1.37,0.254,1.307,1,2,0.7905525846702317
VND_DELTA,SCREW_M4,2022-05-03,2022-05-04,6959,5964,5,0,5,0.4,0.3678,4.428,0.7639,9.38,7.59,-0.912,3.272,1,1,0.8570196867366001
VND_BETA,CABLE_R,2023-08-16,2023-08-19,4261,3893,8,0,8,0.7,0.5206,3.04,0.8813,8.24,4.9,-0.912,2.005,1,3,0.913635296878667
VND_DELTA,CABLE_R,2021-09-06,2021-09-09,1759,1325,9,0,8,0.7,0.3896,4.886,0.7373,10.0,8.25,-1.0,4.688,1,3,0.7532689027856737
VND_DELTA,SCREW_M4,2021-06-02,2021-06-06,7502,4699,6,0,5,0.4,0.3441,4.927,0.7845,10.0,7.21,-1.0,4.359,0,4,0.6263663023193815
VND_GAMMA,BLADE_X,2022-06-26,2022-06-26,5054,5054,6,0,12,0.85,0.9082,0.417,0.9993,1.52,0.0,0.363,0.701,0,0,1.0
VND_ZETA,MOTOR_X,2021-12-12,2021-12-12,7282,6213,12,1,14,0.95,0.9434,-0.121,0.9953,4.01,0.19,-0.074,0.755,0,0,0.8531996704202143
VND_ALPHA,CABLE_R,2021-10-16,2021-10-19,7278,7076,10,0,8,0.7,0.8582,1.222,0.9764,3.41,0.0,-0.618,1.079,0,3,0.9722451222863424
VND_GAMMA,SWITCH_S,2023-11-12,2023-11-12,552,541,11,1,6,0.65,0.9969,-0.065,0.9635,0.77,1.58,0.264,0.0,0,0,0.980072463768116
VND_DELTA,BATTERY_A,2022-07-19,2022-07-20,2532,1675,7,0,10,0.9,0.4115,5.169,0.7637,10.0,6.05,-1.0,3.274,0,1,0.6615323854660348
VND_BETA,MOTOR_X,2023-07-15,2023-07-19,1878,1701,7,0,14,0.95,0.531,2.06,0.9111,8.11,6.76,-1.0,3.129,1,4,0.9057507987220448
VND_ALPHA,BLADE_X,2023-03-27,2023-03-27,4053,3917,3,0,12,0.85,0.9202,1.012,0.9344,2.73,2.14,-0.359,0.814,0,0,0.9664446089316555
VND_BETA,BATTERY_A,2023-08-07,2023-08-07,6269,5654,8,0,10,0.9,0.5554,3.007,0.8757,8.24,4.9,-0.912,2.005,0,0,0.9018982293826766
VND_ZETA,BEARING_01,2023-11-18,2023-11-19,1595,1467,11,1,11,0.8,0.8793,0.642,0.9611,1.99,2.8,0.448,0.025,0,1,0.9197492163009404
VND_ALPHA,CASING_B,2021-01-29,2021-01-31,7031,6165,1,1,7,0.6,0.7484,1.899,0.9432,3.7,2.96,-0.026,1.609,1,2,0.8768311762195989
VND_ZETA,CASING_B,2021-07-08,2021-07-09,7394,7353,7,0,7,0.6,0.9056,-0.188,0.9189,1.63,0.0,0.462,0.0,1,1,0.9944549634839058
VND_EPSILON,BEARING_01,2022-01-09,2022-01-11,1038,950,1,1,11,0.8,0.8008,1.415,0.9791,5.06,3.05,-0.408,1.754,0,2,0.9152215799614644
VND_GAMMA,SCREW_M4,2023-11-30,2023-12-03,7823,7823,11,1,5,0.4,0.9127,0.311,1.0,0.77,1.58,0.264,0.0,0,3,1.0
VND_BETA,SWITCH_S,2022-11-28,2022-11-28,6217,5522,11,1,6,0.65,0.6166,2.787,0.8346,7.62,7.21,-0.911,3.187,1,0,0.8882097474666237
VND_ZETA,BEARING_01,2023-06-16,2023-06-16,2115,1956,6,0,11,0.8,0.9751,0.576,0.9513,0.95,0.58,-1.0,0.11,0,0,0.924822695035461
VND_BETA,SWITCH_S,2022-05-13,2022-05-11,7381,6642,5,0,6,0.65,0.5038,2.761,0.8761,8.96,6.56,-0.962,3.201,1,-2,0.8998780653028045
VND_EPSILON,BATTERY_A,2021-12-29,2021-12-29,4652,4296,12,1,10,0.9,0.7614,1.5,0.9319,2.82,4.49,-0.659,1.941,1,0,0.9234737747205503
VND_DELTA,CABLE_R,2021-03-01,2021-03-04,2972,2085,3,0,8,0.7,0.3642,4.55,0.7581,9.67,7.03,-1.0,3.314,1,3,0.7015477792732167
VND_EPSILON,SCREW_M4,2023-07-10,2023-07-12,6252,5540,7,0,5,0.4,0.6938,1.881,0.9056,4.08,2.56,-0.606,1.633,1,2,0.8861164427383237
VND_DELTA,MOTOR_X,2023-05-28,2023-06-04,3499,2804,5,0,14,0.95,0.3517,4.667,0.7248,9.38,7.59,-0.912,3.272,1,7,0.8013718205201487
VND_DELTA,BATTERY_A,2023-09-07,2023-09-10,5935,4623,9,0,10,0.9,0.3642,4.332,0.7746,10.0,8.25,-1.0,4.688,0,3,0.77893850042123
VND_DELTA,MOTOR_X,2023-10-14,2023-10-14,2132,1422,10,0,14,0.95,0.4396,4.448,0.766,10.0,5.94,-1.0,3.793,1,0,0.6669793621013134
VND_EPSILON,SWITCH_S,2021-10-28,2021-10-31,7245,6524,10,0,6,0.65,0.7209,0.969,0.9921,4.13,3.48,-0.679,1.687,1,3,0.9004830917874396
VND_GAMMA,MOTOR_X,2021-01-05,2021-01-08,3281,3281,1,1,14,0.95,0.921,1.201,0.9827,1.85,2.16,0.022,0.306,1,3,1.0
VND_ALPHA,CASING_B,2021-12-17,2021-12-15,1678,1481,12,1,7,0.6,0.8208,1.079,0.9236,1.72,2.38,-0.358,1.423,0,-2,0.8825983313468415
VND_ZETA,SCREW_M4,2022-12-17,2022-12-17,2886,2597,12,1,5,0.4,0.961,0.701,0.9858,4.01,0.19,-0.074,0.755,1,0,0.8998613998613999
VND_ALPHA,CASING_B,2023-03-17,2023-03-18,5760,5760,3,0,7,0.6,0.8354,1.134,0.8994,2.73,2.14,-0.359,0.814,0,1,1.0
VND_ALPHA,CABLE_R,2022-11-18,2022-11-18,4616,3924,11,1,8,0.7,0.8774,1.1,0.9651,3.94,3.27,-0.255,0.88,0,0,0.8500866551126517
VND_ALPHA,BEARING_01,2022-06-27,2022-06-28,3517,3494,6,0,11,0.8,0.7873,0.545,0.9334,4.67,1.37,-0.2,0.43,1,1,0.9934603355132215
VND_ZETA,CASING_B,2021-05-30,2021-05-30,4483,4483,5,0,7,0.6,0.9266,-0.026,0.9874,3.15,0.0,0.105,0.83,0,0,1.0
VND_ALPHA,CASING_B,2021-10-12,2021-10-13,2881,2798,10,0,7,0.6,0.8504,0.573,0.8988,3.41,0.0,-0.618,1.079,0,1,0.9711905588337383
VND_DELTA,SWITCH_S,2021-03-22,2021-03-27,4767,2956,3,0,6,0.65,0.3837,3.726,0.7767,9.67,7.03,-1.0,3.314,1,5,0.6200964967484791
VND_BETA,BLADE_X,2023-05-31,2023-06-06,5307,4530,5,0,12,0.85,0.558,3.167,0.8549,8.96,6.56,-0.962,3.201,1,6,0.8535895986433013
VND_EPSILON,BLADE_X,2021-02-03,2021-02-07,1497,1497,2,0,12,0.85,0.7675,2.029,0.8614,3.97,2.95,-0.443,1.143,1,4,1.0
VND_ALPHA,CASING_B,2022-11-09,2022-11-12,6740,6740,11,1,7,0.6,0.8065,1.099,0.9773,3.94,3.27,-0.255,0.88,0,3,1.0
VND_EPSILON,MOTOR_X,2022-04-16,2022-04-17,5625,5618,4,0,14,0.95,0.6666,1.618,0.8858,3.47,1.86,-0.305,1.806,0,1,0.9987555555555555
VND_ZETA,SWITCH_S,2022-05-29,2022-05-31,4356,4356,5,0,6,0.65,0.8565,-0.111,0.9567,3.15,0.0,0.105,0.83,0,2,1.0
VND_ZETA,BLADE_X,2021-09-24,2021-09-23,2642,2642,9,0,12,0.85,0.902,-0.008,1.0,3.04,0.65,-0.322,0.705,0,-1,1.0
VND_ZETA,CABLE_R,2023-11-15,2023-11-16,4734,4594,11,1,8,0.7,0.9624,0.572,0.9687,1.99,2.8,0.448,0.025,0,1,0.9704267004647232
VND_ZETA,BATTERY_A,2021-06-22,2021-06-20,2522,2268,6,0,10,0.9,0.9743,0.463,0.9803,0.95,0.58,-1.0,0.11,0,-2,0.8992862807295797
VND_DELTA,CABLE_R,2023-11-06,2023-11-12,3950,3950,11,1,8,0.7,0.3548,4.828,0.7857,10.0,9.01,-1.0,3.571,1,6,1.0
VND_ZETA,MOTOR_X,2023-06-23,2023-06-23,950,950,6,0,14,0.95,0.9575,0.103,0.9833,0.95,0.58,-1.0,0.11,0,0,1.0
VND_BETA,CABLE_R,2022-04-27,2022-05-02,7533,7533,4,0,8,0.7,0.5147,2.619,0.9003,7.67,5.01,-1.0,2.322,1,5,1.0
VND_DELTA,SWITCH_S,2023-03-11,2023-03-15,4112,3260,3,0,6,0.65,0.3565,4.304,0.7958,9.67,7.03,-1.0,3.314,0,4,0.7928015564202334
VND_EPSILON,SCREW_M4,2022-01-18,2022-01-20,414,364,1,1,5,0.4,0.6862,1.301,0.9322,5.06,3.05,-0.408,1.754,1,2,0.8792270531400966
VND_GAMMA,BEARING_01,2023-02-19,2023-02-18,6591,6477,2,0,11,0.8,0.9322,0.216,1.0,0.13,0.0,-0.083,0.079,0,-1,0.9827036868456986
VND_EPSILON,BATTERY_A,2021-05-11,2021-05-11,6093,5962,5,0,10,0.9,0.7165,0.416,1.0,5.37,6.65,-0.289,2.054,0,0,0.9784999179386181
VND_DELTA,BEARING_01,2023-12-26,2024-01-01,4234,2282,12,1,11,0.8,0.4714,4.145,0.7845,9.5,6.79,-1.0,3.943,1,6,0.5389702409069438
VND_EPSILON,SWITCH_S,2021-11-04,2021-11-02,7220,6650,11,1,6,0.65,0.7086,0.995,0.9548,4.9,3.65,0.183,1.854,0,-2,0.9210526315789473
VND_EPSILON,SWITCH_S,2023-10-16,2023-10-15,6086,6086,10,0,6,0.65,0.7395,2.166,0.9422,4.13,3.48,-0.679,1.687,0,-1,1.0
VND_BETA,CASING_B,2022-10-18,2022-10-25,4428,3989,10,0,7,0.6,0.5717,3.224,0.8963,7.34,4.7,-0.665,2.932,1,7,0.9008581752484192
VND_DELTA,SCREW_M4,2021-03-20,2021-03-26,6676,6187,3,0,5,0.4,0.3049,4.976,0.7661,9.67,7.03,-1.0,3.314,1,6,0.926752546434991
VND_ZETA,CABLE_R,2023-12-10,2023-12-10,205,196,12,1,8,0.7,0.9805,0.1,0.9975,4.01,0.19,-0.074,0.755,0,0,0.9560975609756097
VND_ZETA,SWITCH_S,2022-01-17,2022-01-17,5789,5475,1,1,6,0.65,0.9567,0.396,0.9307,1.09,2.03,0.123,0.866,0,0,0.9457591984798757
VND_GAMMA,SCREW_M4,2021-04-17,2021-04-16,5897,5190,4,0,5,0.4,0.9554,0.249,0.9957,1.81,0.33,-0.556,0.389,0,-1,0.8801085297608954
VND_ALPHA,BLADE_X,2023-01-09,2023-01-10,6389,6146,1,1,12,0.85,0.7638,1.483,0.9716,3.7,2.96,-0.026,1.609,1,1,0.9619658788542808
VND_DELTA,SWITCH_S,2022-11-11,2022-11-15,5816,4530,11,1,6,0.65,0.4208,4.48,0.7905,10.0,9.01,-1.0,3.571,1,4,0.7788858321870702
VND_EPSILON,BEARING_01,2021-03-20,2021-03-22,450,422,3,0,11,0.8,0.6902,1.248,0.9712,5.21,3.36,-0.135,2.022,0,2,0.9377777777777778
VND_BETA,BATTERY_A,2022-07-27,2022-07-25,7570,6753,7,0,10,0.9,0.6025,2.263,0.8845,8.11,6.76,-1.0,3.129,0,-2,0.8920739762219286
VND_ZETA,CASING_B,2022-12-03,2022-12-04,7183,7183,12,1,7,0.6,1.0,0.012,0.935,4.01,0.19,-0.074,0.755,0,1,1.0
VND_GAMMA,CABLE_R,2022-05-30,2022-05-31,1695,1695,5,0,8,0.7,0.9791,-0.072,1.0,1.61,2.86,-0.038,0.521,0,1,1.0
VND_DELTA,SWITCH_S,2023-03-19,2023-03-25,1806,1267,3,0,6,0.65,0.4468,4.679,0.7852,9.67,7.03,-1.0,3.314,1,6,0.7015503875968992
VND_GAMMA,CASING_B,2022-08-26,2022-08-26,1721,1575,8,0,7,0.6,1.0,1.026,1.0,2.14,2.59,-0.277,0.173,0,0,0.9151656013945381
VND_ZETA,SCREW_M4,2021-09-30,2021-10-01,5799,5799,9,0,5,0.4,0.9385,0.245,1.0,3.04,0.65,-0.322,0.705,0,1,1.0
VND_DELTA,BLADE_X,2022-04-01,2022-03-30,7296,4913,4,0,12,0.85,0.4169,5.192,0.7417,10.0,7.27,-1.0,3.863,1,-2,0.6733826754385965
VND_EPSILON,SCREW_M4,2021-07-31,2021-08-01,2986,2655,7,0,5,0.4,0.7478,1.466,0.8916,4.08,2.56,-0.606,1.633,1,1,0.8891493636972538
VND_BETA,SWITCH_S,2022-06-18,2022-06-23,852,653,6,0,6,0.65,0.5058,2.912,0.8829,8.51,4.55,-0.832,3.415,1,5,0.7664319248826291
VND_BETA,CABLE_R,2023-12-28,2023-12-31,6438,5523,12,1,8,0.7,0.5122,2.52,0.8592,7.45,6.37,-1.0,2.215,1,3,0.8578751164958062
VND_ZETA,CABLE_R,2023-09-17,2023-09-19,1657,1657,9,0,8,0.7,0.9513,0.489,0.967,3.04,0.65,-0.322,0.705,0,2,1.0
VND_DELTA,CABLE_R,2021-12-10,2021-12-12,4914,3552,12,1,8,0.7,0.3639,5.006,0.7685,9.5,6.79,-1.0,3.943,1,2,0.7228327228327228
VND_DELTA,CASING_B,2022-03-30,2022-04-04,7313,5505,3,0,7,0.6,0.3641,4.965,0.6962,9.67,7.03,-1.0,3.314,1,5,0.7527690414330644
VND_GAMMA,SCREW_M4,2023-12-21,2023-12-21,5180,5133,12,1,5,0.4,0.9324,-0.261,0.9683,1.78,3.21,-0.462,0.474,0,0,0.990926640926641
VND_ALPHA,CABLE_R,2022-04-03,2022-04-02,7248,5874,4,0,8,0.7,0.8225,0.864,0.9516,3.44,0.0,-0.737,0.775,0,-1,0.8104304635761589
VND_EPSILON,BATTERY_A,2023-03-13,2023-03-13,3224,2744,3,0,10,0.9,0.7102,0.94,0.9414,5.21,3.36,-0.135,2.022,0,0,0.8511166253101737
VND_ALPHA,CABLE_R,2023-09-30,2023-10-03,4451,4451,9,0,8,0.7,0.8149,1.683,1.0,3.19,0.54,0.027,0.512,0,3,1.0
VND_DELTA,BLADE_X,2022-10-27,2022-10-30,328,265,10,0,12,0.85,0.343,5.15,0.749,10.0,5.94,-1.0,3.793,1,3,0.8079268292682927
VND_DELTA,CABLE_R,2022-08-12,2022-08-18,6957,5170,8,0,8,0.7,0.4524,3.876,0.7676,10.0,7.14,-1.0,3.931,0,6,0.7431364093718557
VND_BETA,BLADE_X,2021-01-16,2021-01-18,1790,1625,1,1,12,0.85,0.5862,2.909,0.9114,8.49,4.94,-0.843,2.646,1,2,0.9078212290502793
VND_ZETA,BLADE_X,2021-09-03,2021-09-04,7390,6568,9,0,12,0.85,0.916,-0.12,0.9749,3.04,0.65,-0.322,0.705,0,1,0.8887686062246278
VND_ALPHA,BATTERY_A,2023-09-13,2023-09-14,5107,5029,9,0,10,0.9,0.7602,1.009,0.9098,3.19,0.54,0.027,0.512,0,1,0.984726845506168
VND_BETA,BEARING_01,2021-04-07,2021-04-06,1831,1619,4,0,11,0.8,0.5498,2.961,0.9059,7.67,5.01,-1.0,2.322,1,-1,0.884216275259421
VND_EPSILON,CABLE_R,2022-04-29,2022-05-02,2404,2249,4,0,8,0.7,0.6656,1.328,0.9884,3.47,1.86,-0.305,1.806,0,3,0.9355241264559068
VND_ALPHA,MOTOR_X,2023-01-16,2023-01-16,1921,1645,1,1,14,0.95,0.8548,1.234,0.92,3.7,2.96,-0.026,1.609,0,0,0.8563248308172826
VND_GAMMA,SWITCH_S,2021-06-30,2021-06-30,2864,2370,6,0,6,0.65,0.9059,-0.053,0.9791,1.52,0.0,0.363,0.701,0,0,0.827513966480447
VND_DELTA,BLADE_X,2021-08-09,2021-08-13,2876,2098,8,0,12,0.85,0.3416,4.343,0.7924,10.0,7.14,-1.0,3.931,1,4,0.7294853963838664
VND_BETA,CABLE_R,2021-08-08,2021-08-11,1974,1545,8,0,8,0.7,0.6221,2.861,0.9114,8.24,4.9,-0.912,2.005,0,3,0.7826747720364742
VND_GAMMA,CASING_B,2022-03-16,2022-03-16,6897,6884,3,0,7,0.6,0.9001,0.178,1.0,1.39,0.8,0.586,0.47,0,0,0.9981151225170364
VND_DELTA,SWITCH_S,2023-12-11,2023-12-18,997,619,12,1,6,0.65,0.377,5.38,0.7583,9.5,6.79,-1.0,3.943,1,7,0.6208625877632898
VND_DELTA,SCREW_M4,2023-07-06,2023-07-11,7175,5231,7,0,5,0.4,0.3957,5.148,0.776,10.0,6.05,-1.0,3.274,1,5,0.7290592334494773
VND_ALPHA,CABLE_R,2021-02-02,2021-02-01,5285,3852,2,0,8,0.7,0.7552,0.909,0.9493,2.97,1.37,0.254,1.307,0,-1,0.7288552507095554
VND_BETA,BLADE_X,2021-08-12,2021-08-12,2522,2069,8,0,12,0.85,0.581,3.029,0.8438,8.24,4.9,-0.912,2.005,0,0,0.8203806502775575
VND_ALPHA,BATTERY_A,2022-12-26,2022-12-26,1652,1372,12,1,10,0.9,0.8552,0.624,0.9988,1.72,2.38,-0.358,1.423,0,0,0.8305084745762712
VND_DELTA,BEARING_01,2023-12-20,2023-12-25,7965,6474,12,1,11,0.8,0.2968,5.337,0.8098,9.5,6.79,-1.0,3.943,1,5,0.8128060263653484
VND_ZETA,BATTERY_A,2023-12-09,2023-12-10,4073,3894,12,1,10,0.9,0.9133,0.673,0.9893,4.01,0.19,-0.074,0.755,0,1,0.9560520500859317
VND_EPSILON,MOTOR_X,2021-09-27,2021-09-26,6407,6145,9,0,14,0.95,0.6598,1.122,0.9149,4.38,3.89,-0.441,1.169,0,-1,0.9591072264710473
VND_ALPHA,BEARING_01,2022-07-11,2022-07-12,3157,2891,7,0,11,0.8,0.7802,0.997,1.0,2.66,1.71,-0.565,1.15,1,1,0.9157427937915743
VND_BETA,CASING_B,2023-11-20,2023-11-22,4515,3489,11,1,7,0.6,0.5042,2.505,0.8755,7.62,7.21,-0.911,3.187,1,2,0.7727574750830565
VND_DELTA,CABLE_R,2021-11-30,2021-12-07,7492,4770,11,1,8,0.7,0.3604,4.111,0.7793,10.0,9.01,-1.0,3.571,1,7,0.6366791243993594
VND_GAMMA,CASING_B,2023-05-27,2023-05-27,3608,3608,5,0,7,0.6,0.8974,0.33,0.9849,1.61,2.86,-0.038,0.521,0,0,1.0
VND_GAMMA,MOTOR_X,2023-11-04,2023-11-04,3603,3568,11,1,14,0.95,1.0,0.161,0.9977,0.77,1.58,0.264,0.0,0,0,0.9902858728837081
VND_EPSILON,BEARING_01,2023-06-25,2023-06-27,2489,2188,6,0,11,0.8,0.7074,1.664,0.9428,5.8,3.45,-0.555,1.904,0,2,0.8790678987545198
VND_BETA,BLADE_X,2021-10-11,2021-10-15,4236,4236,10,0,12,0.85,0.5694,2.876,0.8298,7.34,4.7,-0.665,2.932,1,4,1.0
VND_EPSILON,CABLE_R,2022-11-22,2022-11-23,6268,6268,11,1,8,0.7,0.7467,1.234,0.9087,4.9,3.65,0.183,1.854,0,1,1.0
VND_EPSILON,BLADE_X,2022-11-27,2022-11-27,6203,5265,11,1,12,0.85,0.7327,1.387,0.9313,4.9,3.65,0.183,1.854,1,0,0.8487828470095116
VND_GAMMA,SWITCH_S,2022-10-12,2022-10-12,6652,6652,10,0,6,0.65,0.8835,0.209,0.9947,0.49,0.87,-0.256,1.02,0,0,1.0
VND_BETA,BLADE_X,2023-10-26,2023-10-29,1255,889,10,0,12,0.85,0.5356,2.345,0.8281,7.34,4.7,-0.665,2.932,0,3,0.7083665338645418
VND_EPSILON,BLADE_X,2021-09-01,2021-09-02,879,685,9,0,12,0.85,0.7287,1.753,0.8747,4.38,3.89,-0.441,1.169,0,1,0.7792946530147895
VND_GAMMA,SWITCH_S,2021-02-22,2021-02-22,1315,1315,2,0,6,0.65,0.8973,0.388,0.9826,0.13,0.0,-0.083,0.079,0,0,1.0
VND_ALPHA,MOTOR_X,2021-03-29,2021-03-29,1477,1461,3,0,14,0.95,0.7977,0.559,0.985,2.73,2.14,-0.359,0.814,0,0,0.989167230873392
VND_GAMMA,BLADE_X,2022-04-16,2022-04-17,5003,5003,4,0,12,0.85,0.9204,0.409,0.9747,1.81,0.33,-0.556,0.389,0,1,1.0
VND_ALPHA,SCREW_M4,2022-04-30,2022-05-02,1274,1274,4,0,5,0.4,0.7738,1.345,0.9765,3.44,0.0,-0.737,0.775,0,2,1.0
VND_GAMMA,BATTERY_A,2022-10-12,2022-10-12,767,742,10,0,10,0.9,1.0,0.18,0.9687,0.49,0.87,-0.256,1.02,0,0,0.9674054758800521
VND_ALPHA,SCREW_M4,2022-10-26,2022-10-28,2984,2984,10,0,5,0.4,0.8288,0.7,0.9714,3.41,0.0,-0.618,1.079,0,2,1.0
VND_ALPHA,BEARING_01,2023-12-05,2023-12-07,1871,1871,12,1,11,0.8,0.8065,1.441,0.9528,1.72,2.38,-0.358,1.423,1,2,1.0
VND_EPSILON,SWITCH_S,2022-01-09,2022-01-09,5786,5381,1,1,6,0.65,0.7677,1.474,0.9352,5.06,3.05,-0.408,1.754,0,0,0.9300034566194262
VND_GAMMA,BATTERY_A,2022-09-14,2022-09-13,2529,2529,9,0,10,0.9,0.9373,0.696,1.0,1.65,0.0,-0.445,0.427,0,-1,1.0
VND_DELTA,SWITCH_S,2023-10-02,2023-10-04,1380,874,10,0,6,0.65,0.3916,4.023,0.7454,10.0,5.94,-1.0,3.793,1,2,0.6333333333333333
VND_ZETA,BEARING_01,2022-03-31,2022-04-01,3665,3481,3,0,11,0.8,0.9838,-0.144,1.0,3.65,1.04,-0.406,0.887,0,1,0.9497953615279673
VND_ZETA,BEARING_01,2023-06-23,2023-06-23,6093,6093,6,0,11,0.8,0.9088,0.245,1.0,0.95,0.58,-1.0,0.11,0,0,1.0
VND_ZETA,BLADE_X,2023-04-27,2023-04-28,1426,1299,4,0,12,0.85,0.9532,0.888,0.9559,4.0,1.67,-0.484,0.326,0,1,0.9109396914446003
VND_BETA,MOTOR_X,2023-01-21,2023-01-23,7130,6045,1,1,14,0.95,0.5372,2.181,0.8598,8.49,4.94,-0.843,2.646,1,2,0.8478260869565217
VND_GAMMA,CASING_B,2022-08-13,2022-08-14,1913,1881,8,0,7,0.6,0.9147,0.097,0.973,2.14,2.59,-0.277,0.173,0,1,0.9832723470987977
VND_EPSILON,BATTERY_A,2022-03-24,2022-03-27,6797,6797,3,0,10,0.9,0.6912,1.414,0.9313,5.21,3.36,-0.135,2.022,1,3,1.0
VND_ZETA,CASING_B,2021-08-05,2021-08-03,6237,6160,8,0,7,0.6,0.942,0.936,0.949,1.44,0.77,0.404,0.0,0,-2,0.9876543209876543
VND_BETA,CASING_B,2021-05-09,2021-05-09,1234,1157,5,0,7,0.6,0.5375,2.732,0.9357,8.96,6.56,-0.962,3.201,0,0,0.9376012965964343
VND_EPSILON,SCREW_M4,2021-10-21,2021-10-20,7398,6870,10,0,5,0.4,0.6949,2.061,0.933,4.13,3.48,-0.679,1.687,0,-1,0.9286293592862936
VND_ZETA,MOTOR_X,2022-09-17,2022-09-17,5312,4989,9,0,14,0.95,0.9683,0.293,0.9532,3.04,0.65,-0.322,0.705,0,0,0.9391942771084337
VND_ALPHA,BATTERY_A,2023-02-12,2023-02-14,6248,6173,2,0,10,0.9,0.8599,0.451,0.9286,2.97,1.37,0.254,1.307,1,2,0.9879961587708067
VND_ALPHA,MOTOR_X,2023-12-01,2023-12-01,2204,1866,12,1,14,0.95,0.8357,0.797,0.8996,1.72,2.38,-0.358,1.423,0,0,0.8466424682395645
VND_GAMMA,SWITCH_S,2023-09-30,2023-09-29,1511,1460,9,0,6,0.65,0.9839,0.707,0.9545,1.65,0.0,-0.445,0.427,0,-1,0.9662475181998676
VND_ZETA,SCREW_M4,2023-08-07,2023-08-08,3026,3026,8,0,5,0.4,0.9662,-0.048,0.981,1.44,0.77,0.404,0.0,0,1,1.0
VND_EPSILON,MOTOR_X,2021-12-05,2021-12-05,6482,5833,12,1,14,0.95,0.6774,1.533,0.9599,2.82,4.49,-0.659,1.941,1,0,0.8998765813020673
VND_DELTA,BEARING_01,2023-11-29,2023-12-02,5984,4035,11,1,11,0.8,0.4207,4.551,0.7903,10.0,9.01,-1.0,3.571,1,3,0.674298128342246
VND_ZETA,BATTERY_A,2023-07-23,2023-07-21,1649,1596,7,0,10,0.9,1.0,0.554,0.9417,1.63,0.0,0.462,0.0,0,-2,0.9678593086719224
VND_GAMMA,CASING_B,2023-09-11,2023-09-11,4003,3713,9,0,7,0.6,0.9192,0.685,0.9601,1.65,0.0,-0.445,0.427,0,0,0.927554334249313
VND_GAMMA,CABLE_R,2023-01-14,2023-01-15,4804,4705,1,1,8,0.7,0.984,0.073,0.9468,1.85,2.16,0.022,0.306,0,1,0.9793921731890092
VND_DELTA,BLADE_X,2021-10-05,2021-10-12,3304,2902,10,0,12,0.85,0.3886,4.272,0.8176,10.0,5.94,-1.0,3.793,1,7,0.8783292978208233
VND_EPSILON,CASING_B,2021-03-08,2021-03-08,2865,2517,3,0,7,0.6,0.711,1.773,0.935,5.21,3.36,-0.135,2.022,1,0,0.8785340314136125
VND_EPSILON,CASING_B,2021-07-04,2021-07-04,4385,4281,7,0,7,0.6,0.7307,1.311,0.9226,4.08,2.56,-0.606,1.633,1,0,0.9762827822120866
VND_DELTA,BEARING_01,2022-05-09,2022-05-13,6176,5130,5,0,11,0.8,0.3914,4.202,0.7526,9.38,7.59,-0.912,3.272,1,4,0.8306347150259067
VND_DELTA,BATTERY_A,2021-04-19,2021-04-21,4700,4605,4,0,10,0.9,0.3348,4.346,0.745,10.0,7.27,-1.0,3.863,0,2,0.9797872340425532
VND_ZETA,CASING_B,2023-06-20,2023-06-20,1190,1152,6,0,7,0.6,0.9103,0.478,0.9715,0.95,0.58,-1.0,0.11,0,0,0.9680672268907563
VND_BETA,BEARING_01,2021-05-10,2021-05-13,3945,3123,5,0,11,0.8,0.5836,2.417,0.8331,8.96,6.56,-0.962,3.201,0,3,0.7916349809885932
VND_BETA,SCREW_M4,2023-06-27,2023-06-29,6648,5649,6,0,5,0.4,0.4895,3.129,0.8837,8.51,4.55,-0.832,3.415,0,2,0.8497292418772563
VND_EPSILON,SCREW_M4,2022-01-17,2022-01-17,7063,7036,1,1,5,0.4,0.7043,1.745,0.9049,5.06,3.05,-0.408,1.754,0,0,0.9961772617867761
VND_GAMMA,MOTOR_X,2022-01-08,2022-01-08,1613,1613,1,1,14,0.95,0.9906,0.477,1.0,1.85,2.16,0.022,0.306,0,0,1.0
VND_EPSILON,CASING_B,2022-03-15,2022-03-16,6270,5881,3,0,7,0.6,0.7435,1.36,0.9321,5.21,3.36,-0.135,2.022,0,1,0.9379585326953748
VND_BETA,SWITCH_S,2021-07-26,2021-07-29,6203,4569,7,0,6,0.65,0.5941,2.999,0.9385,8.11,6.76,-1.0,3.129,0,3,0.7365790746413026
VND_GAMMA,SWITCH_S,2021-06-04,2021-06-03,5445,5445,6,0,6,0.65,0.9122,0.728,0.9687,1.52,0.0,0.363,0.701,0,-1,1.0
VND_BETA,BLADE_X,2021-10-22,2021-10-22,2137,1886,10,0,12,0.85,0.5698,2.503,0.9052,7.34,4.7,-0.665,2.932,0,0,0.882545624707534
VND_GAMMA,CASING_B,2023-01-15,2023-01-14,5954,5954,1,1,7,0.6,0.9497,0.497,1.0,1.85,2.16,0.022,0.306,0,-1,1.0
VND_EPSILON,SCREW_M4,2022-02-21,2022-02-21,2823,2823,2,0,5,0.4,0.7334,2.607,0.9128,3.97,2.95,-0.443,1.143,0,0,1.0
VND_GAMMA,BLADE_X,2023-05-06,2023-05-05,1200,1200,5,0,12,0.85,0.9656,0.262,0.987,1.61,2.86,-0.038,0.521,0,-1,1.0
VND_ZETA,BEARING_01,2023-08-07,2023-08-07,6238,6172,8,0,11,0.8,0.8943,1.006,0.9951,1.44,0.77,0.404,0.0,1,0,0.9894196857967297
VND_BETA,BEARING_01,2021-11-27,2021-11-28,6821,6163,11,1,11,0.8,0.5538,2.743,0.8499,7.62,7.21,-0.911,3.187,1,1,0.9035332062747398
VND_GAMMA,SWITCH_S,2022-05-22,2022-05-22,7916,7916,5,0,6,0.65,1.0,-0.245,1.0,1.61,2.86,-0.038,0.521,0,0,1.0
